***********************************
You have loaded a Mambaforge module
***********************************
---------------------------------------------------------------------------------------------------
NOTE: NSC strongly advices against placing 'mamba activate' (or 'conda
activate', with or without
      arguments) in your shell initialization files, (e.g. '.bashrc' or
'.bash_profile') since
      this severly alters the environment for running software in ways that
cause unpredictable
      issues that can be difficult to diagnose.
---------------------------------------------------------------------------------------------------

W&B online. Running your script from this directory will now sync to the cloud.
Already on 'prob_model_lam'
M	run_job.bash
Your branch is ahead of 'origin/prob_model_lam' by 15 commits.
  (use "git push" to publish your local commits)
[rank: 0] Global seed set to 42
/proj/berzelius-2022-164/users/x_erila/neural-lam/neural_lam/utils.py:23: FutureWarning: You are using `torch.load` with `weights_only=False` (the current default value), which uses the default pickle module implicitly. It is possible to construct malicious pickle data which will execute arbitrary code during unpickling (See https://github.com/pytorch/pytorch/blob/main/SECURITY.md#untrusted-models for more details). In a future release, the default value for `weights_only` will be flipped to `True`. This limits the functions that could be executed during unpickling. Arbitrary objects will no longer be allowed to be loaded via this mode unless they are explicitly allowlisted by the user via `torch.serialization.add_safe_globals`. We recommend you start setting `weights_only=True` for any use case where you don't have full control of the loaded file. Please open an issue on GitHub for any issues related to this experimental feature.
  return torch.load(
/home/x_erila/.conda/envs/BZ31/lib/python3.10/site-packages/lightning_fabric/utilities/cloud_io.py:52: FutureWarning: You are using `torch.load` with `weights_only=False` (the current default value), which uses the default pickle module implicitly. It is possible to construct malicious pickle data which will execute arbitrary code during unpickling (See https://github.com/pytorch/pytorch/blob/main/SECURITY.md#untrusted-models for more details). In a future release, the default value for `weights_only` will be flipped to `True`. This limits the functions that could be executed during unpickling. Arbitrary objects will no longer be allowed to be loaded via this mode unless they are explicitly allowlisted by the user via `torch.serialization.add_safe_globals`. We recommend you start setting `weights_only=True` for any use case where you don't have full control of the loaded file. Please open an issue on GitHub for any issues related to this experimental feature.
  return torch.load(f, map_location=map_location)  # type: ignore[arg-type]
/proj/berzelius-2022-164/users/x_erila/neural-lam/neural_lam/utils.py:48: FutureWarning: You are using `torch.load` with `weights_only=False` (the current default value), which uses the default pickle module implicitly. It is possible to construct malicious pickle data which will execute arbitrary code during unpickling (See https://github.com/pytorch/pytorch/blob/main/SECURITY.md#untrusted-models for more details). In a future release, the default value for `weights_only` will be flipped to `True`. This limits the functions that could be executed during unpickling. Arbitrary objects will no longer be allowed to be loaded via this mode unless they are explicitly allowlisted by the user via `torch.serialization.add_safe_globals`. We recommend you start setting `weights_only=True` for any use case where you don't have full control of the loaded file. Please open an issue on GitHub for any issues related to this experimental feature.
  return torch.load(
/proj/berzelius-2022-164/users/x_erila/neural-lam/neural_lam/utils.py:123: FutureWarning: You are using `torch.load` with `weights_only=False` (the current default value), which uses the default pickle module implicitly. It is possible to construct malicious pickle data which will execute arbitrary code during unpickling (See https://github.com/pytorch/pytorch/blob/main/SECURITY.md#untrusted-models for more details). In a future release, the default value for `weights_only` will be flipped to `True`. This limits the functions that could be executed during unpickling. Arbitrary objects will no longer be allowed to be loaded via this mode unless they are explicitly allowlisted by the user via `torch.serialization.add_safe_globals`. We recommend you start setting `weights_only=True` for any use case where you don't have full control of the loaded file. Please open an issue on GitHub for any issues related to this experimental feature.
  return torch.load(os.path.join(graph_dir_path, fn), map_location=device)
wandb: Currently logged in as: erik-larsson (erik-larsson-link-ping-university). Use `wandb login --relogin` to force relogin
wandb: wandb version 0.18.1 is available!  To upgrade, please run:
wandb:  $ pip install wandb --upgrade
wandb: Tracking run with wandb version 0.17.7
wandb: Run data is saved locally in ./wandb/run-20240917_144835-ma7mmzcc
wandb: Run `wandb offline` to turn off syncing.
wandb: Syncing run diff_graph_fm_hier-eval-val-diffusion-4x64-09_17_14-5654
wandb: ⭐️ View project at https://wandb.ai/erik-larsson-link-ping-university/neural-lam_prob
wandb: 🚀 View run at https://wandb.ai/erik-larsson-link-ping-university/neural-lam_prob/runs/ma7mmzcc
/home/x_erila/.conda/envs/BZ31/lib/python3.10/site-packages/lightning_fabric/plugins/environments/slurm.py:168: PossibleUserWarning: The `srun` command is available on your system but is not used. HINT: If your intention is to run Lightning on SLURM, prepend your python command with `srun` like so: srun python3 train_model.py --model diffusion --diffusion_model  ...
  rank_zero_warn(
GPU available: True (cuda), used: True
TPU available: False, using: 0 TPU cores
IPU available: False, using: 0 IPUs
HPU available: False, using: 0 HPUs
[rank: 0] Global seed set to 42
Initializing distributed: GLOBAL_RANK: 0, MEMBER: 1/1
----------------------------------------------------------------------------------------------------
distributed_backend=nccl
All distributed processes registered. Starting with 1 processes
----------------------------------------------------------------------------------------------------

LOCAL_RANK: 0 - CUDA_VISIBLE_DEVICES: [0]
Loaded graph with 71164 nodes (63784 grid, 7380 mesh)
Loaded hierarchical graph with structure:
level 0 - 6561 nodes, 51520 same-level edges
  0<->1
 - 6561 up edges, 6561 down edges
level 1 - 729 nodes, 5512 same-level edges
  1<->2
 - 729 up edges, 729 down edges
level 2 - 81 nodes, 544 same-level edges
  2<->3
 - 81 up edges, 81 down edges
level 3 - 9 nodes, 40 same-level edges
Running evaluation on val
Testing: 0it [00:00, ?it/s]Testing:   0%|          | 0/68 [00:00<?, ?it/s]Testing DataLoader 0:   0%|          | 0/68 [00:00<?, ?it/s]titles: pres_0g (Pa), t=1 (3 h)
vmin: 80480.71875, vmax: 113367.515625
topk samples: torch.return_types.topk(
values=tensor([[104360.8438, 103224.3906, 103159.0391, 102828.9297, 102547.0078],
        [103724.3906, 102500.3438, 102386.2734, 102354.4844, 102263.9922],
        [102927.5312, 102489.9062, 102401.9141, 102385.6719, 102381.5781],
        [102553.5781, 102431.3281, 102311.7344, 102225.8828, 102220.3672],
        [113367.5156, 103456.7188, 102963.3672, 102645.4453, 102525.3281]],
       device='cuda:0'),
indices=tensor([[ 3457, 11519, 33308, 35251,  6388],
        [ 9159,  2628, 10585, 12386,  2644],
        [ 4836,  2398, 48602,  2419,  6234],
        [16826, 41211, 37183,  2415, 37896],
        [45804, 15379, 60829, 27018,  3509]], device='cuda:0'))
target.shape: torch.Size([63784])
topk target: torch.return_types.topk(
values=tensor([101853.4375, 101851.4375, 101847.9375, 101846.9375, 101845.4375],
       device='cuda:0'),
indices=tensor([245, 247, 244,   1, 243], device='cuda:0'))
titles: pres_0s (Pa), t=1 (3 h)
vmin: 99198.9375, vmax: 104080.5859375
topk samples: torch.return_types.topk(
values=tensor([[104080.5859, 102477.2031, 102403.1797, 102124.5703, 102119.5391],
        [103159.2734, 103100.0469, 102923.1719, 102339.1641, 102262.3438],
        [102286.5703, 102219.7656, 102170.0938, 102151.6016, 102050.0156],
        [102231.7969, 102112.1328, 102088.8125, 102075.6641, 102071.8906],
        [102222.5547, 102189.8281, 102140.3594, 102130.8672, 102114.3828]],
       device='cuda:0'),
indices=tensor([[ 3457, 52901, 33739,  4456, 18061],
        [35656, 10412,  3721, 43861, 36621],
        [ 5412, 10437,  7319,  2727,  2650],
        [ 2412, 42775,  2594,  9506,  2604],
        [ 6634,  2408,  7354, 45804,  2607]], device='cuda:0'))
target.shape: torch.Size([63784])
topk target: torch.return_types.topk(
values=tensor([101891.2812, 101889.0312, 101887.2812, 101878.7812, 101876.4688],
       device='cuda:0'),
indices=tensor([58, 59, 57, 55, 13], device='cuda:0'))
titles: nlwrs_0 (W/m²), t=1 (3 h)
vmin: -1348664.25, vmax: 320316.0625
topk samples: torch.return_types.topk(
values=tensor([[287915.1875, 277553.5000, 207287.0000, 152288.7812, 150650.2188],
        [307918.6875, 271681.1562, 269137.3438, 257676.0938, 232981.7812],
        [303959.2500, 197177.5625, 194771.0000, 176949.6875, 173543.0312],
        [320316.0625, 252967.5312, 252169.6562, 224543.6250, 203658.8750],
        [277171.1250, 269913.9688, 201542.0312, 198797.1250, 198087.7812]],
       device='cuda:0'),
indices=tensor([[28618, 27910, 28151, 22431, 25792],
        [27433, 28618, 24335, 27672, 27669],
        [28618, 27672, 28149, 27433, 28151],
        [28618, 27909, 27433, 28151, 27669],
        [27672, 27669, 28618, 28149, 28151]], device='cuda:0'))
target.shape: torch.Size([63784])
topk target: torch.return_types.topk(
values=tensor([305327.7500, 293615.7500, 278191.7500, 275183.7500, 239343.7500],
       device='cuda:0'),
indices=tensor([28618, 27672, 27910, 27433, 24335], device='cuda:0'))
titles: nswrs_0 (W/m²), t=1 (3 h)
vmin: -2707608.75, vmax: 1817147.0
topk samples: torch.return_types.topk(
values=tensor([[1757270.2500, 1734781.2500, 1662882.7500, 1582344.5000, 1550890.2500],
        [1717509.0000, 1670602.5000, 1651319.7500, 1641788.2500, 1608266.5000],
        [1647867.0000, 1602108.2500, 1571406.2500, 1549604.2500, 1544358.7500],
        [1817147.0000, 1626633.7500, 1621864.2500, 1621381.5000, 1570629.5000],
        [1681511.2500, 1637590.5000, 1631060.7500, 1616739.0000, 1599973.5000]],
       device='cuda:0'),
indices=tensor([[29285, 31426, 31188, 35251, 32387],
        [31669, 30241, 31909, 32141, 32627],
        [31426, 31908, 31434, 33343, 33106],
        [31669, 31664, 29763,  6913, 32628],
        [35234, 31426, 31188, 30950, 32387]], device='cuda:0'))
target.shape: torch.Size([63784])
topk target: torch.return_types.topk(
values=tensor([1492089.5000, 1491961.5000, 1484793.5000, 1483769.5000, 1479929.5000],
       device='cuda:0'),
indices=tensor([49268, 49506, 49030, 49269, 49744], device='cuda:0'))
titles: r_2 (-), t=1 (3 h)
vmin: 0.24882841110229492, vmax: 1.355912685394287
topk samples: torch.return_types.topk(
values=tensor([[1.2377, 1.1586, 1.1514, 1.1289, 1.1266],
        [1.1540, 1.1493, 1.1380, 1.1362, 1.1337],
        [1.3559, 1.1584, 1.1537, 1.1436, 1.1395],
        [1.1499, 1.1477, 1.1387, 1.1336, 1.1331],
        [1.1982, 1.1893, 1.1816, 1.1724, 1.1485]], device='cuda:0'),
indices=tensor([[27249, 24597,  3267, 39464, 26135],
        [35150, 39178, 31856, 11339, 37073],
        [27833, 28886,  5412, 28405, 43775],
        [ 5823, 39646, 45100, 32800, 28398],
        [ 9259, 33993, 41103, 16503, 25334]], device='cuda:0'))
target.shape: torch.Size([63784])
topk target: torch.return_types.topk(
values=tensor([1.0000, 1.0000, 1.0000, 1.0000, 1.0000], device='cuda:0'),
indices=tensor([ 818,  584,  820, 1048, 1045], device='cuda:0'))
titles: r_65 (-), t=1 (3 h)
vmin: 0.20937180519104004, vmax: 1.347759485244751
topk samples: torch.return_types.topk(
values=tensor([[1.1896, 1.1513, 1.1471, 1.1290, 1.1213],
        [1.1676, 1.1510, 1.1437, 1.1432, 1.1414],
        [1.1730, 1.1644, 1.1602, 1.1583, 1.1567],
        [1.1986, 1.1917, 1.1702, 1.1657, 1.1638],
        [1.3478, 1.1433, 1.1352, 1.1328, 1.1292]], device='cuda:0'),
indices=tensor([[47336, 33308, 18979, 26135, 20300],
        [43122,  4875, 17803, 31856, 39178],
        [ 5110, 11791, 28886, 28174, 13949],
        [39646, 23502, 22772, 22300, 38452],
        [45804, 15112, 25782, 22776, 26983]], device='cuda:0'))
target.shape: torch.Size([63784])
topk target: torch.return_types.topk(
values=tensor([1.0000, 1.0000, 1.0000, 1.0000, 1.0000], device='cuda:0'),
indices=tensor([3979, 2717, 4211, 4926, 4450], device='cuda:0'))
titles: t_2 (K), t=1 (3 h)
vmin: 254.57745361328125, vmax: 306.263916015625
topk samples: torch.return_types.topk(
values=tensor([[306.2639, 302.9483, 296.7817, 296.4223, 296.3751],
        [300.3358, 297.1764, 297.0363, 296.8135, 296.7783],
        [306.2348, 298.0785, 297.8027, 297.5290, 297.2820],
        [298.1078, 297.2341, 296.9218, 296.8617, 296.7183],
        [296.9803, 296.9435, 296.7682, 296.7131, 296.6934]], device='cuda:0'),
indices=tensor([[4394, 3457, 6319, 5607, 8236],
        [4412, 3704, 6315, 4887, 5843],
        [3938, 6792, 7274, 7272, 6795],
        [8202, 7509, 7984, 6795, 7747],
        [6084, 5120, 6075, 6073, 8222]], device='cuda:0'))
target.shape: torch.Size([63784])
topk target: torch.return_types.topk(
values=tensor([296.5125, 295.6121, 295.2732, 294.9480, 294.8523], device='cuda:0'),
indices=tensor([4887, 4878, 4886,  801, 6318], device='cuda:0'))
titles: t_65 (K), t=1 (3 h)
vmin: 268.9460144042969, vmax: 316.7790832519531
topk samples: torch.return_types.topk(
values=tensor([[298.7340, 297.6510, 297.4219, 297.3470, 297.1769],
        [297.5452, 297.3524, 297.1363, 297.0908, 296.6956],
        [316.7791, 298.5202, 298.2060, 298.1251, 297.9272],
        [297.3584, 297.2833, 296.9873, 296.9333, 296.8806],
        [297.3552, 297.0080, 296.9686, 296.9109, 296.8994]], device='cuda:0'),
indices=tensor([[11519,  2508,  6319,  3457,  5841],
        [ 3704,  3466,  7749,  5843,  7512],
        [ 3938,  6796,  7275,  7274,  6558],
        [ 7033,  6796,  7748,  7750,  7270],
        [ 6084,  6325,  4184,  6793,  5608]], device='cuda:0'))
target.shape: torch.Size([63784])
topk target: torch.return_types.topk(
values=tensor([296.3494, 295.8420, 295.7590, 295.7458, 295.6550], device='cuda:0'),
indices=tensor([4887, 6082, 5843, 3704, 5610], device='cuda:0'))
titles: t_500 (K), t=1 (3 h)
vmin: 225.48069763183594, vmax: 270.052001953125
topk samples: torch.return_types.topk(
values=tensor([[265.5667, 263.9796, 263.8795, 263.5063, 263.4261],
        [263.8423, 263.6888, 263.6144, 263.4322, 263.4207],
        [265.0932, 264.8582, 264.7042, 264.3866, 264.2488],
        [264.5584, 264.4383, 264.4171, 264.4059, 264.3884],
        [270.0520, 264.5959, 264.0126, 264.0007, 263.7811]], device='cuda:0'),
indices=tensor([[ 3124, 11519,  2866, 17820,  2907],
        [12353, 13535,  2879,  8795,  3636],
        [ 7319, 11791, 27833, 12363,  5412],
        [13316,  8202, 12121,  2441, 13317],
        [45804,  6022, 21170, 12337, 11878]], device='cuda:0'))
target.shape: torch.Size([63784])
topk target: torch.return_types.topk(
values=tensor([261.9633, 261.9545, 261.9496, 261.9384, 261.9374], device='cuda:0'),
indices=tensor([254, 253, 255, 248, 247], device='cuda:0'))
titles: t_850 (K), t=1 (3 h)
vmin: 260.858154296875, vmax: 290.93658447265625
topk samples: torch.return_types.topk(
values=tensor([[290.9366, 289.1203, 288.0076, 287.5854, 287.5325],
        [289.8418, 288.8570, 288.0030, 287.9586, 287.6937],
        [289.4088, 289.0978, 288.2870, 287.7370, 287.7015],
        [288.1636, 287.9804, 287.9795, 287.8792, 287.8617],
        [288.4615, 288.3352, 288.2156, 288.1682, 288.1367]], device='cuda:0'),
indices=tensor([[ 3457, 11519,  7295,  5154,  2763],
        [ 5855,  3488,  2606,  3470,  3468],
        [ 8736, 22957,  8522,  3726,  2531],
        [ 7293,  7292,  6339,  7056,  8245],
        [ 5635,  6349,  3238,  5636,  6353]], device='cuda:0'))
target.shape: torch.Size([63784])
topk target: torch.return_types.topk(
values=tensor([287.1227, 287.0973, 287.0792, 287.0768, 287.0728], device='cuda:0'),
indices=tensor([7770, 7532, 7771, 8009, 8247], device='cuda:0'))
titles: u_65 (m/s), t=1 (3 h)
vmin: -10.94400691986084, vmax: 21.958227157592773
topk samples: torch.return_types.topk(
values=tensor([[16.4586, 15.5996, 15.4434, 15.4389, 15.3987],
        [15.6247, 15.5047, 15.4937, 15.2614, 15.2371],
        [21.9582, 16.1916, 16.0662, 15.8726, 15.5406],
        [16.2344, 15.9204, 15.7858, 15.7474, 15.7146],
        [16.6736, 15.9938, 15.7867, 15.7845, 15.7209]], device='cuda:0'),
indices=tensor([[54037, 56125, 60404, 57071, 55656],
        [56156, 59935, 56842, 56839, 56843],
        [52883, 58502, 55902, 55661, 55668],
        [57554, 60887, 57078, 58508, 58747],
        [58507, 56601, 55653, 56363, 58741]], device='cuda:0'))
target.shape: torch.Size([63784])
topk target: torch.return_types.topk(
values=tensor([14.3541, 14.2784, 14.0450, 14.0426, 14.0333], device='cuda:0'),
indices=tensor([55665, 55664, 55653, 55666, 55427], device='cuda:0'))
titles: u_850 (m/s), t=1 (3 h)
vmin: -15.071474075317383, vmax: 23.818721771240234
topk samples: torch.return_types.topk(
values=tensor([[23.8187, 20.1151, 19.4948, 19.1908, 19.0733],
        [20.5116, 18.9524, 18.5898, 18.3378, 18.1252],
        [19.4652, 19.4623, 19.2268, 18.9828, 18.5149],
        [19.6284, 18.9735, 18.3200, 18.0125, 17.9049],
        [18.7960, 18.7212, 18.4996, 18.1549, 18.1346]], device='cuda:0'),
indices=tensor([[11519, 51894,  3316, 52371, 54959],
        [ 5855, 56838, 53990, 56131, 55191],
        [52793, 55427, 53507, 52883, 52390],
        [55008, 50892, 58258, 53337, 54325],
        [54323, 52079, 55420, 52157, 53518]], device='cuda:0'))
target.shape: torch.Size([63784])
topk target: torch.return_types.topk(
values=tensor([20.8231, 20.5887, 20.3592, 20.2791, 20.1053], device='cuda:0'),
indices=tensor([56362, 56125, 56597, 56361, 56596], device='cuda:0'))
titles: v_65 (m/s), t=1 (3 h)
vmin: -19.523723602294922, vmax: 32.66946792602539
topk samples: torch.return_types.topk(
values=tensor([[32.6695, 15.5128, 11.8228, 11.7219, 11.6579],
        [13.9544, 11.8174, 11.7219, 11.6579, 11.4504],
        [11.9948, 11.7219, 11.6579, 11.4504, 11.2673],
        [11.7219, 11.6579, 11.4504, 11.2478, 11.2219],
        [11.7219, 11.6579, 11.6465, 11.4504, 11.2478]], device='cuda:0'),
indices=tensor([[27117,  3457, 52901, 61925, 61687],
        [43122, 60507, 61925, 61687, 62163],
        [60321, 61925, 61687, 62163, 48602],
        [61925, 61687, 62163, 61449, 62401],
        [61925, 61687, 58893, 62163, 61449]], device='cuda:0'))
target.shape: torch.Size([63784])
topk target: torch.return_types.topk(
values=tensor([11.7219, 11.6579, 11.4504, 11.2478, 11.2219], device='cuda:0'),
indices=tensor([61925, 61687, 62163, 61449, 62401], device='cuda:0'))
titles: v_850 (m/s), t=1 (3 h)
vmin: -29.032011032104492, vmax: 22.212678909301758
topk samples: torch.return_types.topk(
values=tensor([[22.2127, 16.3512, 16.2906, 15.9771, 15.9049],
        [16.3512, 16.2906, 15.9771, 15.9049, 15.6324],
        [16.3512, 16.2906, 16.1406, 15.9771, 15.9049],
        [16.3512, 16.2906, 15.9771, 15.9049, 15.6324],
        [16.3512, 16.2906, 15.9771, 15.9049, 15.6324]], device='cuda:0'),
indices=tensor([[ 3457, 61729, 61491, 61968, 61730],
        [61729, 61491, 61968, 61730, 62206],
        [61729, 61491, 52883, 61968, 61730],
        [61729, 61491, 61968, 61730, 62206],
        [61729, 61491, 61968, 61730, 62206]], device='cuda:0'))
target.shape: torch.Size([63784])
topk target: torch.return_types.topk(
values=tensor([17.0318, 16.6724, 16.3512, 16.2906, 16.0045], device='cuda:0'),
indices=tensor([61249, 61011, 61729, 61491, 60773], device='cuda:0'))
titles: wvint_0 (kg/m²), t=1 (3 h)
vmin: -6.582100868225098, vmax: 49.61423110961914
topk samples: torch.return_types.topk(
values=tensor([[49.6142, 40.3071, 39.9688, 39.6835, 39.6767],
        [41.6387, 40.8895, 40.5948, 40.2673, 40.0245],
        [40.1549, 40.1302, 40.0564, 39.9673, 39.8314],
        [40.0634, 39.9817, 39.9222, 39.7237, 39.4996],
        [42.0871, 41.7199, 41.4419, 40.8653, 40.7996]], device='cuda:0'),
indices=tensor([[ 3457,  3683,  8711,  4870, 22866],
        [ 5349,  5108,  4872,  4636,  4159],
        [ 4400,  5109,  5588,  3445,  3205],
        [ 5587,  4872,  3443,  2968, 21774],
        [ 4162,  9141,  6299,  3922,  5822]], device='cuda:0'))
target.shape: torch.Size([63784])
topk target: torch.return_types.topk(
values=tensor([41.8558, 41.5872, 41.3538, 40.7649, 40.7073], device='cuda:0'),
indices=tensor([ 5588, 10128,  5589,  4158,  5350], device='cuda:0'))
titles: z_1000 (m²/s²), t=1 (3 h)
vmin: -584.5679321289062, vmax: 2446.037841796875
topk samples: torch.return_types.topk(
values=tensor([[2446.0378, 2363.6372, 1927.6426, 1888.7229, 1884.6925],
        [1848.8157, 1822.2791, 1779.4482, 1714.9263, 1704.5029],
        [2062.1069, 1877.4138, 1810.6925, 1802.0533, 1692.3408],
        [1980.1609, 1726.0029, 1704.3682, 1699.8772, 1693.4802],
        [2248.6079, 2195.4592, 1776.3248, 1775.8938, 1735.4133]],
       device='cuda:0'),
indices=tensor([[33739, 27117,  3316, 27249, 46504],
        [ 2596,  2404, 43122,  2417,  2584],
        [ 3938, 10437,  2473,  7319, 40824],
        [ 8202,  2629,  2596,  7843,  2455],
        [33993,  3509,  2409,  2590, 57581]], device='cuda:0'))
target.shape: torch.Size([63784])
topk target: torch.return_types.topk(
values=tensor([1542.3101, 1540.3413, 1539.3726, 1539.1851, 1539.0913],
       device='cuda:0'),
indices=tensor([ 60, 254, 250, 253, 255], device='cuda:0'))
titles: z_500 (m²/s²), t=1 (3 h)
vmin: 49410.88671875, vmax: 59420.66015625
topk samples: torch.return_types.topk(
values=tensor([[59223.7188, 57975.6094, 57277.8789, 57228.0508, 57130.0312],
        [59420.6602, 57652.6484, 57258.4414, 57204.2812, 57160.8477],
        [58274.5234, 57363.7812, 57103.0625, 57046.8086, 56988.1797],
        [57769.9766, 57054.5742, 57012.6680, 56994.4922, 56926.3594],
        [57077.5352, 57054.1680, 57022.0625, 57017.6992, 57003.3594]],
       device='cuda:0'),
indices=tensor([[ 4394,  3316,  7295,  3901,  2546],
        [ 3721,  4412,  2562,  9983,  2844],
        [20168,  5412,  4836,  3796,  7319],
        [ 9249,  2644,  2842,  3321, 12365],
        [ 2645,  2828, 11857,  2841,  2556]], device='cuda:0'))
target.shape: torch.Size([63784])
topk target: torch.return_types.topk(
values=tensor([56629.0820, 56628.9570, 56628.8320, 56628.7070, 56628.7070],
       device='cuda:0'),
indices=tensor([1850, 1849, 2087, 2088, 1848], device='cuda:0'))
titles: pres_0g (Pa), t=2 (6 h)
vmin: 80331.0390625, vmax: 114975.4765625
topk samples: torch.return_types.topk(
values=tensor([[105083.5469, 104132.1562, 103759.9062, 103156.8359, 103011.4375],
        [104508.2969, 103893.6172, 103718.3438, 102847.8594, 102768.3359],
        [108163.5469, 103292.6406, 102801.0000, 102591.7734, 102561.1484],
        [104769.6328, 104412.8203, 103869.8750, 103330.6250, 103008.6562],
        [114975.4766, 104039.9609, 103865.2578, 103494.7969, 103299.5391]],
       device='cuda:0'),
indices=tensor([[ 3457, 15590, 11519, 33308, 39518],
        [53048,  9159, 18717,  8579,  2628],
        [41942,  4836,  2391, 10960,  6234],
        [12148, 58242, 28694, 38832,  6708],
        [45804, 45233, 15379,  2411, 40363]], device='cuda:0'))
target.shape: torch.Size([63784])
topk target: torch.return_types.topk(
values=tensor([101879.6250, 101879.1250, 101877.1250, 101876.6250, 101874.1250],
       device='cuda:0'),
indices=tensor([245, 481, 244, 243, 480], device='cuda:0'))
titles: pres_0s (Pa), t=2 (6 h)
vmin: 98716.2734375, vmax: 104607.953125
topk samples: torch.return_types.topk(
values=tensor([[104479.2656, 102873.6094, 102580.9375, 102435.2656, 102328.7188],
        [104607.9531, 103137.9062, 103059.9531, 103034.9766, 102622.0391],
        [102851.2500, 102431.2891, 102429.5703, 102356.6094, 102263.9219],
        [104196.0781, 102420.4062, 102396.2812, 102388.8672, 102358.0625],
        [103602.3516, 102364.2344, 102349.8672, 102347.5859, 102331.5312]],
       device='cuda:0'),
indices=tensor([[ 3457, 38260, 52901, 33739, 37568],
        [18717,  3721, 35656, 10412, 48944],
        [41942,  5412,  2866,  7319,  2441],
        [12148,  2404,  2455,  2412,  2452],
        [45804, 29047,  2599,  3104, 42553]], device='cuda:0'))
target.shape: torch.Size([63784])
topk target: torch.return_types.topk(
values=tensor([101986.9766, 101983.6641, 101983.6016, 101963.6016, 101961.7266],
       device='cuda:0'),
indices=tensor([58, 57, 59, 56, 55], device='cuda:0'))
titles: nlwrs_0 (W/m²), t=2 (6 h)
vmin: -1411670.0, vmax: 563229.375
topk samples: torch.return_types.topk(
values=tensor([[563229.3750, 206581.6875, 181284.8438, 179728.7500, 152388.8750],
        [263361.8438, 249851.2188, 148522.0625, 148359.1562, 138577.1250],
        [227379.9062, 211919.9062, 198471.2188, 138881.2812, 137746.0938],
        [208544.9688, 199981.8750, 168481.4062, 166383.9062, 149318.3125],
        [262682.7188, 248173.0000, 233242.5938, 198674.1562, 178566.7188]],
       device='cuda:0'),
indices=tensor([[27117, 52901, 25792, 28388, 28151],
        [26876, 27433, 21076, 26404, 28151],
        [28618, 27669, 28149, 34138, 27672],
        [27669, 27672, 28151, 21715, 31776],
        [27672, 27669, 28618, 31031, 29887]], device='cuda:0'))
target.shape: torch.Size([63784])
topk target: torch.return_types.topk(
values=tensor([281706., 267754., 260394., 229866., 208106.], device='cuda:0'),
indices=tensor([27669, 28618, 24335, 28151, 27433], device='cuda:0'))
titles: nswrs_0 (W/m²), t=2 (6 h)
vmin: -2720059.75, vmax: 1692224.75
topk samples: torch.return_types.topk(
values=tensor([[ 911731.8125,  659948.4375,  625116.8125,  610413.6250,  555086.2500],
        [ 514894.9375,  512142.1562,  508565.8750,  479879.2500,  459787.6250],
        [ 819318.9375,  533919.8750,  530382.0000,  498784.0000,  485356.8438],
        [1692224.7500,  959045.4375,  848988.3750,  774435.2500,  607494.1250],
        [ 811645.1250,  560316.2500,  536841.5625,  504899.6875,  499675.1250]],
       device='cuda:0'),
indices=tensor([[39518,  3457, 52901, 19460, 46516],
        [18958, 18476,  8237, 10813, 14868],
        [27833,  9649,  5371, 11317, 28284],
        [12148, 13450, 20585, 39556,  9470],
        [20574,  6330,  8578, 11304, 12492]], device='cuda:0'))
target.shape: torch.Size([63784])
topk target: torch.return_types.topk(
values=tensor([35584., 32000., 30720., 30720., 30464.], device='cuda:0'),
indices=tensor([63546, 63308, 63070, 60931, 61168], device='cuda:0'))
titles: r_2 (-), t=2 (6 h)
vmin: 0.36638301610946655, vmax: 1.1878567934036255
topk samples: torch.return_types.topk(
values=tensor([[1.1614, 1.1547, 1.1277, 1.1256, 1.1255],
        [1.1782, 1.1483, 1.1410, 1.1374, 1.1357],
        [1.1673, 1.1659, 1.1511, 1.1424, 1.1335],
        [1.1702, 1.1426, 1.1358, 1.1330, 1.1326],
        [1.1879, 1.1728, 1.1333, 1.1226, 1.1222]], device='cuda:0'),
indices=tensor([[ 9868, 40801, 23624, 34247, 17718],
        [24828, 28148, 28404, 27059, 31404],
        [20287, 23693, 30323, 30088, 28886],
        [28153, 19615, 28398, 45445, 31881],
        [43198,  5247, 41639, 29339, 38069]], device='cuda:0'))
target.shape: torch.Size([63784])
topk target: torch.return_types.topk(
values=tensor([1.0000, 1.0000, 1.0000, 1.0000, 1.0000], device='cuda:0'),
indices=tensor([ 820,  818, 1048, 1057, 1056], device='cuda:0'))
titles: r_65 (-), t=2 (6 h)
vmin: 0.2571510672569275, vmax: 1.2049068212509155
topk samples: torch.return_types.topk(
values=tensor([[1.1694, 1.1463, 1.1357, 1.1351, 1.1317],
        [1.1881, 1.1749, 1.1648, 1.1601, 1.1599],
        [1.2049, 1.1828, 1.1735, 1.1720, 1.1654],
        [1.1952, 1.1894, 1.1573, 1.1456, 1.1406],
        [1.1794, 1.1764, 1.1537, 1.1526, 1.1421]], device='cuda:0'),
indices=tensor([[33308,  9868, 30318, 27681, 17718],
        [24828, 40255, 37563, 13873, 29106],
        [32329, 49545, 11791, 20287, 25055],
        [31641, 28863, 33058, 27669, 28153],
        [50348, 40363, 32799, 29339, 28401]], device='cuda:0'))
target.shape: torch.Size([63784])
topk target: torch.return_types.topk(
values=tensor([1.0000, 1.0000, 1.0000, 1.0000, 1.0000], device='cuda:0'),
indices=tensor([1057,  818, 1295, 1533, 1297], device='cuda:0'))
titles: t_2 (K), t=2 (6 h)
vmin: 249.55923461914062, vmax: 306.5457763671875
topk samples: torch.return_types.topk(
values=tensor([[306.5458, 299.9550, 296.3607, 295.5149, 294.8998],
        [300.9474, 299.1113, 298.6764, 297.8774, 297.4830],
        [298.4303, 295.7383, 295.3727, 295.3032, 295.1076],
        [299.2549, 297.2516, 295.5654, 295.2011, 294.9617],
        [295.2987, 295.0493, 294.9522, 294.8373, 294.7565]], device='cuda:0'),
indices=tensor([[ 4394,  3457, 11519, 27249,  6797],
        [18717, 14652,  4412, 12933,  5624],
        [ 3938,  8942,  4419,  4417,  5845],
        [28694,  8202,  8363,  5842,  7750],
        [13725, 14203,  5838, 13016,  9194]], device='cuda:0'))
target.shape: torch.Size([63784])
topk target: torch.return_types.topk(
values=tensor([293.8436, 293.6190, 293.5653, 293.3495, 293.0897], device='cuda:0'),
indices=tensor([ 2358,  4887,   801, 20886,  1279], device='cuda:0'))
titles: t_65 (K), t=2 (6 h)
vmin: 264.8103332519531, vmax: 305.24853515625
topk samples: torch.return_types.topk(
values=tensor([[296.9062, 296.5414, 296.0114, 295.3926, 295.0822],
        [296.3420, 295.6252, 295.3701, 295.2218, 295.1206],
        [305.2485, 296.3948, 296.1276, 295.8921, 295.7752],
        [303.7322, 296.7955, 295.4196, 295.2597, 295.1829],
        [295.2033, 295.1850, 294.9945, 294.9862, 294.9672]], device='cuda:0'),
indices=tensor([[11519,  4394,  7295,  6318,  3316],
        [ 5624,  4412,  8715,  9426,  2763],
        [ 3938,  6796,  4419,  6559,  5845],
        [12148,  9917,  8705,  8465,  8200],
        [10378,  5124,  6324,  4882,  5838]], device='cuda:0'))
target.shape: torch.Size([63784])
topk target: torch.return_types.topk(
values=tensor([294.1343, 293.5962, 293.3091, 293.2115, 293.2066], device='cuda:0'),
indices=tensor([ 2358, 16108,  4887,   801,  3004], device='cuda:0'))
titles: t_500 (K), t=2 (6 h)
vmin: 215.0471649169922, vmax: 272.7212829589844
topk samples: torch.return_types.topk(
values=tensor([[268.8052, 266.6830, 266.3892, 264.7162, 264.5947],
        [269.1550, 266.3994, 265.7448, 265.2456, 265.0924],
        [266.6632, 266.4377, 266.3144, 265.8206, 265.3173],
        [265.6212, 265.4609, 265.3460, 265.2289, 265.0078],
        [272.7213, 269.5326, 266.6640, 265.2240, 265.1852]], device='cuda:0'),
indices=tensor([[ 4394,  3352,  3124, 13793,  2542],
        [ 3721, 29224, 12933, 13792, 14502],
        [ 5412, 11791,  2651,  7319,  2406],
        [14980,  8202, 18753, 13450,  2405],
        [45804, 13996,  6022, 12337, 19742]], device='cuda:0'))
target.shape: torch.Size([63784])
topk target: torch.return_types.topk(
values=tensor([261.7679, 261.7660, 261.7626, 261.7616, 261.7592], device='cuda:0'),
indices=tensor([510, 509, 274, 273, 271], device='cuda:0'))
titles: t_850 (K), t=2 (6 h)
vmin: 260.548583984375, vmax: 292.3551940917969
topk samples: torch.return_types.topk(
values=tensor([[292.3552, 291.7431, 289.0397, 288.9079, 288.0219],
        [289.5548, 289.3203, 289.1962, 288.6487, 287.9450],
        [290.0366, 288.1864, 287.9943, 287.8459, 287.7704],
        [288.3306, 287.6535, 287.5254, 287.5014, 287.4523],
        [288.1020, 287.9517, 287.6680, 287.6474, 287.6409]], device='cuda:0'),
indices=tensor([[15590,  4394,  9868,  3457,  7295],
        [ 3721, 18717,  5855,  3081,  4200],
        [13076, 13000,  6593,  8736,  4933],
        [13450,  2521,  8719,  8703,  3001],
        [ 5635,  5636,  6114, 13996,  6350]], device='cuda:0'))
target.shape: torch.Size([63784])
topk target: torch.return_types.topk(
values=tensor([287.1571, 287.1298, 287.1283, 287.1098, 287.0898], device='cuda:0'),
indices=tensor([7538, 7776, 7777, 7778, 7537], device='cuda:0'))
titles: u_65 (m/s), t=2 (6 h)
vmin: -17.65625762939453, vmax: 19.35466766357422
topk samples: torch.return_types.topk(
values=tensor([[18.2788, 17.4111, 17.2744, 16.8882, 16.7083],
        [17.6098, 17.0487, 16.9977, 16.9931, 16.6297],
        [19.3547, 19.2687, 16.5784, 16.3412, 15.9135],
        [16.5977, 16.3584, 16.2215, 16.0502, 15.9736],
        [18.2661, 16.6904, 16.5679, 16.5620, 16.4035]], device='cuda:0'),
indices=tensor([[55425, 54718, 55660, 53996, 55181],
        [55442, 55680, 54470, 55918, 54728],
        [41942, 52569, 55914, 55188, 55662],
        [55192, 58510, 56604, 56368, 54951],
        [53999, 54489, 54014, 53994, 56870]], device='cuda:0'))
target.shape: torch.Size([63784])
topk target: torch.return_types.topk(
values=tensor([14.9051, 14.5271, 14.2532, 14.2522, 14.2391], device='cuda:0'),
indices=tensor([53753, 54721, 54958, 54485, 54247], device='cuda:0'))
titles: u_850 (m/s), t=2 (6 h)
vmin: -16.907581329345703, vmax: 24.662384033203125
topk samples: torch.return_types.topk(
values=tensor([[24.6624, 20.7449, 20.1955, 19.9576, 19.8823],
        [21.4574, 20.1066, 20.0902, 19.8513, 19.6285],
        [20.9816, 20.3274, 20.3202, 19.4961, 19.1699],
        [24.3036, 21.0575, 19.8528, 19.2522, 19.2449],
        [21.3244, 20.5655, 20.1370, 20.0980, 20.0323]], device='cuda:0'),
indices=tensor([[39518,  9868, 15590, 54793, 54479],
        [51660, 55679, 54967, 55437, 55442],
        [61353, 52569, 52561, 55424, 53047],
        [51608, 53776, 53301, 53299, 53300],
        [54728, 56156, 55919, 54967, 55203]], device='cuda:0'))
target.shape: torch.Size([63784])
topk target: torch.return_types.topk(
values=tensor([20.2807, 19.9819, 19.8989, 19.7338, 19.6567], device='cuda:0'),
indices=tensor([55423, 55175, 55422, 55176, 55421], device='cuda:0'))
titles: v_65 (m/s), t=2 (6 h)
vmin: -21.616607666015625, vmax: 18.169767379760742
topk samples: torch.return_types.topk(
values=tensor([[11.9335, 11.6914, 11.6771, 11.6179, 11.4009],
        [12.1496, 11.9546, 11.9076, 11.8621, 11.7094],
        [14.1999, 12.6060, 11.3731, 11.1982, 11.1893],
        [18.1698, 17.8186, 11.8285, 11.8165, 11.6645],
        [11.6637, 11.4667, 11.2253, 11.1224, 10.9178]], device='cuda:0'),
indices=tensor([[27117, 60032, 59797, 60745, 59794],
        [60979, 60501, 59561, 60032, 60749],
        [41942, 23693, 60090, 57469, 49545],
        [47771, 38832, 60986, 60508, 60748],
        [59373, 60276, 59555, 60513, 60989]], device='cuda:0'))
target.shape: torch.Size([63784])
topk target: torch.return_types.topk(
values=tensor([11.2291, 11.1607, 11.1295, 11.0924, 11.0846], device='cuda:0'),
indices=tensor([60746, 60745, 60506, 61274, 60507], device='cuda:0'))
titles: v_850 (m/s), t=2 (6 h)
vmin: -35.84170150756836, vmax: 24.65378761291504
topk samples: torch.return_types.topk(
values=tensor([[15.7622, 15.3892, 15.2104, 15.1772, 15.1294],
        [24.6538, 15.7622, 15.3892, 15.2104, 15.1772],
        [15.7622, 15.3892, 15.2104, 15.1772, 15.1294],
        [15.7622, 15.3892, 15.2104, 15.1772, 15.1294],
        [15.7622, 15.3892, 15.2104, 15.1772, 15.1294]], device='cuda:0'),
indices=tensor([[61492, 61730, 62206, 63158, 61968],
        [18717, 61492, 61730, 62206, 63158],
        [61492, 61730, 62206, 63158, 61968],
        [61492, 61730, 62206, 63158, 61968],
        [61492, 61730, 62206, 63158, 61968]], device='cuda:0'))
target.shape: torch.Size([63784])
topk target: torch.return_types.topk(
values=tensor([15.7622, 15.7495, 15.4731, 15.3892, 15.2876], device='cuda:0'),
indices=tensor([61492, 61254, 61016, 61730, 61015], device='cuda:0'))
titles: wvint_0 (kg/m²), t=2 (6 h)
vmin: -0.10502815246582031, vmax: 52.6197624206543
topk samples: torch.return_types.topk(
values=tensor([[44.9916, 42.1264, 41.7117, 41.4704, 41.4659],
        [52.6198, 41.7309, 41.5295, 41.5092, 40.9019],
        [43.2113, 41.7497, 41.3415, 41.2955, 41.1029],
        [41.6642, 41.4483, 41.4122, 40.8825, 40.7923],
        [41.6907, 41.6097, 41.5680, 41.3182, 40.6706]], device='cuda:0'),
indices=tensor([[ 3457,  2974, 18876, 19114, 14127],
        [18717,  2498,  8888,  9121,  9367],
        [23693,  5120,  7984,  8698, 19897],
        [ 9418,  9657,  9180,  8942, 22722],
        [12038, 16507,  4641, 11564,  8903]], device='cuda:0'))
target.shape: torch.Size([63784])
topk target: torch.return_types.topk(
values=tensor([43.2399, 39.6208, 39.4528, 39.4303, 39.2946], device='cuda:0'),
indices=tensor([ 5596,  5834, 11568, 11806,  6073], device='cuda:0'))
titles: z_1000 (m²/s²), t=2 (6 h)
vmin: -933.0277709960938, vmax: 2560.0693359375
topk samples: torch.return_types.topk(
values=tensor([[2560.0693, 2375.4016, 2183.5635, 2111.9619, 2047.7671],
        [2081.4150, 2067.5342, 2033.5801, 1995.4692, 1947.0640],
        [2048.7739, 1967.5706, 1928.5481, 1880.9326, 1851.0679],
        [2353.3945, 2348.6494, 2181.9294, 2079.6316, 1985.4189],
        [2387.1702, 2354.1572, 2060.1252, 1987.8867, 1969.2012]],
       device='cuda:0'),
indices=tensor([[33739, 27117,  3316, 39518, 46504],
        [14652,  2404,  2596,  7312,  2391],
        [ 2473, 33365,  7319, 10437,  2474],
        [12148, 47771,  8202,  2455,  2648],
        [33993,  3509,  2494,  2399,  2409]], device='cuda:0'))
target.shape: torch.Size([63784])
topk target: torch.return_types.topk(
values=tensor([1601.7195, 1597.6257, 1597.2507, 1595.8757, 1587.0632],
       device='cuda:0'),
indices=tensor([56, 60, 58, 57, 55], device='cuda:0'))
titles: z_500 (m²/s²), t=2 (6 h)
vmin: 47866.953125, vmax: 61202.765625
topk samples: torch.return_types.topk(
values=tensor([[60247.6172, 58356.8594, 57587.0234, 57497.5430, 57378.0000],
        [61202.7656, 60445.1680, 58215.8945, 58065.8984, 57994.6875],
        [58951.7031, 57870.9492, 57547.1172, 57350.5820, 57285.3281],
        [58241.3555, 57564.5195, 57442.8750, 57428.0742, 57303.3203],
        [57408.3320, 57401.3320, 57298.4336, 57276.0703, 57222.1797]],
       device='cuda:0'),
indices=tensor([[ 4394,  3316,  3901,  7295, 27117],
        [18717,  3721,  2844, 43861,  4412],
        [20168,  5412,  4836,  2629,  2396],
        [ 9249, 12148, 13450,  2644,  2607],
        [15097,  3104,  2841, 11857,  2681]], device='cuda:0'))
target.shape: torch.Size([63784])
topk target: torch.return_types.topk(
values=tensor([56573.3281, 56573.0781, 56572.2031, 56572.0781, 56572.0781],
       device='cuda:0'),
indices=tensor([267, 268, 263, 271, 269], device='cuda:0'))
titles: pres_0g (Pa), t=3 (9 h)
vmin: 80245.46875, vmax: 115435.984375
topk samples: torch.return_types.topk(
values=tensor([[105411.3438, 104639.2891, 104153.1875, 103881.9062, 103862.7578],
        [104812.7344, 104695.9297, 104265.7578, 104265.0859, 104160.2344],
        [108750.2422, 108040.6719, 104575.0781, 103440.7656, 103416.1406],
        [106940.8359, 105916.0625, 104799.0156, 104640.7734, 104106.9531],
        [115435.9844, 104127.1406, 103694.9531, 103667.1562, 103535.6406]],
       device='cuda:0'),
indices=tensor([[ 3457, 15590,  4145, 39518, 11519],
        [18717, 53048, 27004, 15157, 39357],
        [41942, 21263, 33142, 30107,  4836],
        [12148, 50296, 39258, 58242, 37661],
        [45804, 45233, 29047, 15379,  2411]], device='cuda:0'))
target.shape: torch.Size([63784])
topk target: torch.return_types.topk(
values=tensor([101882.4688, 101881.4688, 101876.4688, 101875.4688, 101874.4688],
       device='cuda:0'),
indices=tensor([ 477, 1190,  715,  478,  479], device='cuda:0'))
titles: pres_0s (Pa), t=3 (9 h)
vmin: 98210.1328125, vmax: 105848.0390625
topk samples: torch.return_types.topk(
values=tensor([[104349.1797, 102819.2344, 102729.9297, 102685.2891, 102642.0469],
        [105279.4688, 103413.0859, 103218.3359, 103081.8438, 102840.4688],
        [103474.6250, 102413.8672, 102341.4297, 102334.1641, 102327.2969],
        [105848.0391, 102986.4531, 102664.0625, 102395.6641, 102378.9688],
        [104437.8438, 103376.0938, 102848.0000, 102584.5234, 102567.3047]],
       device='cuda:0'),
indices=tensor([[ 3457, 18856, 43733, 15443, 38260],
        [18717, 22624, 50263,  3721, 10412],
        [41942,  5412,  7319,  2401,  8133],
        [12148,  8262,  2404,  2452,  2835],
        [45804, 14608, 55757,  2605,  2607]], device='cuda:0'))
target.shape: torch.Size([63784])
topk target: torch.return_types.topk(
values=tensor([101929.2031, 101928.7656, 101922.0156, 101906.7031, 101902.9531],
       device='cuda:0'),
indices=tensor([59, 58, 57, 55, 61], device='cuda:0'))
titles: nlwrs_0 (W/m²), t=3 (9 h)
vmin: -1568925.625, vmax: 481844.03125
topk samples: torch.return_types.topk(
values=tensor([[481844.0312, 411148.4062, 332309.0000, 170608.9062, 163246.7500],
        [200515.4062, 186775.6875, 180345.9062, 178339.7812, 152032.4375],
        [424234.7812, 220147.0938, 179442.0938, 172481.4375, 169271.2188],
        [308168.4062, 209570.1250, 175073.0938, 150563.1250, 142186.5312],
        [190327.2812, 178221.9688, 156407.0625, 150337.5625, 144449.9062]],
       device='cuda:0'),
indices=tensor([[27117, 18856, 34106, 52901, 25055],
        [58963, 26876, 27433, 49076, 25113],
        [23693, 27672, 33902, 28148, 33365],
        [18099, 28151, 26236, 22273, 18627],
        [27669, 14608, 28618, 27432, 29584]], device='cuda:0'))
target.shape: torch.Size([63784])
topk target: torch.return_types.topk(
values=tensor([249080.5000, 237688.5000, 218744.5000, 205688.5000, 189816.5000],
       device='cuda:0'),
indices=tensor([27669, 28151, 27672, 28388, 27433], device='cuda:0'))
titles: nswrs_0 (W/m²), t=3 (9 h)
vmin: -2674391.5, vmax: 2017069.5
topk samples: torch.return_types.topk(
values=tensor([[2017069.5000,  884459.3125,  645241.7500,  615524.6250,  609763.0000],
        [1837014.0000, 1345939.5000, 1308546.2500,  979138.1875,  701639.0000],
        [ 941607.9375,  763402.0000,  734169.6250,  657767.6250,  657298.4375],
        [1416019.2500, 1278296.5000,  874723.0000,  655862.7500,  633995.8750],
        [ 771319.5000,  633311.2500,  633034.1250,  627478.2500,  617097.6875]],
       device='cuda:0'),
indices=tensor([[35822, 46516,  3457,  9530,  7626],
        [18717, 50263, 22624, 15157, 10482],
        [ 7742, 22116, 29641, 21323,  9417],
        [ 9593, 47826,  8262, 28694, 50000],
        [10841, 10006, 16089, 61267, 17042]], device='cuda:0'))
target.shape: torch.Size([63784])
topk target: torch.return_types.topk(
values=tensor([0., 0., 0., 0., 0.], device='cuda:0'),
indices=tensor([1, 0, 2, 4, 3], device='cuda:0'))
titles: r_2 (-), t=3 (9 h)
vmin: 0.4449520707130432, vmax: 1.2253491878509521
topk samples: torch.return_types.topk(
values=tensor([[1.1647, 1.1415, 1.1402, 1.1397, 1.1334],
        [1.1690, 1.1630, 1.1475, 1.1464, 1.1403],
        [1.1407, 1.1341, 1.1324, 1.1307, 1.1251],
        [1.2253, 1.1973, 1.1757, 1.1542, 1.1474],
        [1.1989, 1.1814, 1.1671, 1.1523, 1.1375]], device='cuda:0'),
indices=tensor([[23858, 30776, 40801, 28163, 27677],
        [24828, 31015, 19466, 25113, 43190],
        [30672, 24106, 28886, 39402, 50856],
        [39258,  8262, 50373, 34259, 23627],
        [ 5247, 43198, 37574, 25365,  3509]], device='cuda:0'))
target.shape: torch.Size([63784])
topk target: torch.return_types.topk(
values=tensor([1.0000, 1.0000, 1.0000, 1.0000, 1.0000], device='cuda:0'),
indices=tensor([1060,  838, 1123, 1285, 1284], device='cuda:0'))
titles: r_65 (-), t=3 (9 h)
vmin: 0.3484787046909332, vmax: 1.2686208486557007
topk samples: torch.return_types.topk(
values=tensor([[1.1932, 1.1851, 1.1615, 1.1533, 1.1489],
        [1.2069, 1.1912, 1.1752, 1.1729, 1.1727],
        [1.2227, 1.2012, 1.1571, 1.1535, 1.1508],
        [1.2035, 1.1881, 1.1784, 1.1592, 1.1568],
        [1.2686, 1.1571, 1.1512, 1.1452, 1.1450]], device='cuda:0'),
indices=tensor([[28163, 24338, 35921, 26247, 29587],
        [24828, 27004, 24335, 49076, 27669],
        [32329, 15085, 21263, 24106, 44208],
        [27669,  8262, 50373, 29106, 28151],
        [ 8382, 37831, 23767, 43776, 38210]], device='cuda:0'))
target.shape: torch.Size([63784])
topk target: torch.return_types.topk(
values=tensor([1.0000, 1.0000, 1.0000, 1.0000, 1.0000], device='cuda:0'),
indices=tensor([1299, 1298, 1535, 1777, 1536], device='cuda:0'))
titles: t_2 (K), t=3 (9 h)
vmin: 249.6855010986328, vmax: 312.4314880371094
topk samples: torch.return_types.topk(
values=tensor([[305.5724, 296.5635, 296.0967, 295.9500, 295.6984],
        [312.4315, 304.5379, 298.5169, 297.5506, 296.4711],
        [303.1663, 295.9324, 295.6946, 295.3227, 294.9638],
        [301.1678, 296.6737, 296.2430, 295.2296, 295.0652],
        [295.1356, 294.8393, 294.5651, 294.4745, 293.9553]], device='cuda:0'),
indices=tensor([[ 4394, 18856,  3457, 17080, 15590],
        [50263, 18717,  4412, 14652, 30202],
        [21263,  5134,  8133,  8942, 10852],
        [ 9593,  8202, 28694, 15109,  8363],
        [13725,  8382, 16124, 10379, 10373]], device='cuda:0'))
target.shape: torch.Size([63784])
topk target: torch.return_types.topk(
values=tensor([292.5252, 292.1097, 292.0604, 292.0247, 291.9579], device='cuda:0'),
indices=tensor([21123,  4887, 20886, 12716, 12477], device='cuda:0'))
titles: t_65 (K), t=3 (9 h)
vmin: 266.45947265625, vmax: 298.1060791015625
topk samples: torch.return_types.topk(
values=tensor([[298.1061, 296.2344, 295.1069, 295.0534, 294.8183],
        [295.6430, 295.3634, 295.1966, 295.1938, 295.1484],
        [295.7071, 294.8813, 294.8608, 294.7833, 294.6715],
        [297.8091, 296.2276, 294.6038, 294.5842, 294.2780],
        [295.0836, 295.0530, 294.6811, 294.6425, 294.5054]], device='cuda:0'),
indices=tensor([[ 4394, 15638,  3316, 11519,  7295],
        [ 4412, 14893, 10606, 10340,  5624],
        [20740, 10611, 10627, 10141,  4419],
        [12148, 18099, 11580,  7458,  7522],
        [14608, 12055,  9146, 12929,  8382]], device='cuda:0'))
target.shape: torch.Size([63784])
topk target: torch.return_types.topk(
values=tensor([292.8839, 292.4020, 292.1315, 291.9752, 291.9034], device='cuda:0'),
indices=tensor([ 9677, 21123,  9439, 12716, 12477], device='cuda:0'))
titles: t_500 (K), t=3 (9 h)
vmin: 210.0957794189453, vmax: 279.1393127441406
topk samples: torch.return_types.topk(
values=tensor([[274.4903, 267.7792, 267.1421, 265.9601, 265.7807],
        [279.1393, 276.1117, 269.6273, 266.2243, 266.0964],
        [269.3688, 267.1632, 266.2713, 265.6504, 265.5766],
        [269.1599, 268.2137, 268.0478, 267.0985, 266.2216],
        [269.9267, 269.5845, 266.9921, 266.8891, 266.7891]], device='cuda:0'),
indices=tensor([[ 4394,  3352, 13793,  3124,  2672],
        [27015,  3721, 29224,  2414, 13552],
        [20168,  5412, 11791,  2406,  2446],
        [13450, 18753, 12148,  9249,  8202],
        [13996, 45804,  3104,  6022,  2395]], device='cuda:0'))
target.shape: torch.Size([63784])
topk target: torch.return_types.topk(
values=tensor([261.6567, 261.6528, 261.6498, 261.6494, 261.6450], device='cuda:0'),
indices=tensor([279, 281, 280, 271, 270], device='cuda:0'))
titles: t_850 (K), t=3 (9 h)
vmin: 258.549072265625, vmax: 296.5233154296875
topk samples: torch.return_types.topk(
values=tensor([[294.7186, 291.9093, 290.8443, 288.4713, 288.3124],
        [296.5233, 295.7924, 291.8337, 291.7065, 291.3762],
        [288.3158, 288.0245, 287.9509, 287.7883, 287.6579],
        [288.6335, 288.5073, 288.3486, 287.8640, 287.7469],
        [287.9570, 287.4536, 287.4186, 287.4062, 287.2469]], device='cuda:0'),
indices=tensor([[ 4394, 15590,  6358,  9868,  4145],
        [14893, 18717,  3721, 27015, 22624],
        [20168,  8250, 13076,  4933,  5397],
        [ 5224, 19897,  4747, 13450,  4986],
        [ 8555,  6353, 16360, 10460, 13502]], device='cuda:0'))
target.shape: torch.Size([63784])
topk target: torch.return_types.topk(
values=tensor([286.9396, 286.9157, 286.8596, 286.8522, 286.8444], device='cuda:0'),
indices=tensor([7778, 8494, 8495, 7540, 8732], device='cuda:0'))
titles: u_65 (m/s), t=3 (9 h)
vmin: -19.259353637695312, vmax: 19.04701042175293
topk samples: torch.return_types.topk(
values=tensor([[19.0185, 18.0409, 17.8092, 17.6136, 17.2401],
        [18.0104, 17.6029, 17.4221, 16.9863, 16.9640],
        [18.8491, 18.0956, 17.8009, 17.5122, 17.2180],
        [18.0546, 17.0571, 16.9623, 16.6542, 16.5308],
        [19.0470, 18.1974, 17.7370, 17.7222, 17.7095]], device='cuda:0'),
indices=tensor([[54014, 53538, 54483, 53775, 54490],
        [55680, 56156, 57346, 57107, 55918],
        [54014, 54490, 54013, 54966, 54251],
        [53299, 53062, 53538, 54728, 55442],
        [53538, 53300, 57345, 54727, 54014]], device='cuda:0'))
target.shape: torch.Size([63784])
topk target: torch.return_types.topk(
values=tensor([14.7666, 14.7451, 14.6358, 14.5142, 14.4947], device='cuda:0'),
indices=tensor([52393, 52872, 51915, 52632, 51914], device='cuda:0'))
titles: u_850 (m/s), t=3 (9 h)
vmin: -20.500930786132812, vmax: 30.888042449951172
topk samples: torch.return_types.topk(
values=tensor([[22.6279, 22.0255, 21.9300, 21.6907, 21.0984],
        [20.6159, 20.5369, 20.1970, 20.1698, 20.1690],
        [28.8311, 20.6159, 20.1970, 19.9968, 19.9534],
        [21.9317, 21.3474, 20.8627, 20.6159, 20.4884],
        [30.8880, 21.0583, 20.8816, 20.8047, 20.6159]], device='cuda:0'),
indices=tensor([[54014, 53774, 53776, 54251, 50207],
        [52350, 53060, 52114, 52111, 55916],
        [21263, 52350, 52114, 52351, 51154],
        [53063, 50921, 53061, 52350, 50919],
        [55757, 52824, 52111, 50921, 52350]], device='cuda:0'))
target.shape: torch.Size([63784])
topk target: torch.return_types.topk(
values=tensor([20.6159, 20.3884, 20.3298, 20.2507, 20.2311], device='cuda:0'),
indices=tensor([52350, 52349, 53756, 53755, 53754], device='cuda:0'))
titles: v_65 (m/s), t=3 (9 h)
vmin: -23.617883682250977, vmax: 18.89552879333496
topk samples: torch.return_types.topk(
values=tensor([[12.5435, 12.2811, 12.2061, 11.8438, 11.5833],
        [14.4643, 11.8817, 11.6469, 11.4602, 11.3953],
        [18.8955, 10.6433, 10.6263, 10.5840, 10.5755],
        [11.1091, 11.0121, 11.0115, 10.6263, 10.6104],
        [13.9306, 10.8175, 10.6896, 10.6263, 10.6223]], device='cuda:0'),
indices=tensor([[60760, 61232, 60522, 60998, 60758],
        [14893, 49076, 44075, 59555, 20542],
        [21263, 60534, 62891, 44312, 62658],
        [44312, 43122, 42645, 62891, 42884],
        [55757, 60803, 59566, 62891, 45038]], device='cuda:0'))
target.shape: torch.Size([63784])
topk target: torch.return_types.topk(
values=tensor([10.9778, 10.9046, 10.7708, 10.7141, 10.7005], device='cuda:0'),
indices=tensor([59795, 59316, 60034, 59556, 59318], device='cuda:0'))
titles: v_850 (m/s), t=3 (9 h)
vmin: -23.655927658081055, vmax: 19.416475296020508
topk samples: torch.return_types.topk(
values=tensor([[19.4165, 14.5047, 14.2814, 14.2122, 14.2050],
        [14.6362, 14.6112, 14.3125, 14.2122, 14.0794],
        [16.3715, 15.3820, 14.2122, 14.0794, 14.0228],
        [14.2122, 14.0794, 14.0228, 13.9603, 13.8626],
        [18.9682, 14.2122, 14.0794, 14.0228, 13.9603]], device='cuda:0'),
indices=tensor([[35822, 61237, 60996, 62923, 60997],
        [61227, 60290, 61228, 62923, 63644],
        [60534, 55288, 62923, 63644, 63645],
        [62923, 63644, 63645, 63161, 63406],
        [55757, 62923, 63644, 63645, 63161]], device='cuda:0'))
target.shape: torch.Size([63784])
topk target: torch.return_types.topk(
values=tensor([14.5159, 14.4867, 14.3324, 14.2708, 14.2406], device='cuda:0'),
indices=tensor([56722, 57441, 57680, 57202, 56961], device='cuda:0'))
titles: wvint_0 (kg/m²), t=3 (9 h)
vmin: 3.6273374557495117, vmax: 49.744876861572266
topk samples: torch.return_types.topk(
values=tensor([[43.0054, 42.9605, 42.8704, 42.4824, 42.3785],
        [49.7449, 43.6692, 42.8914, 42.8737, 42.7251],
        [43.3202, 43.2226, 42.2878, 42.1796, 42.0618],
        [43.2856, 42.8393, 42.7834, 42.5832, 42.2398],
        [42.3660, 42.0255, 41.8093, 41.6592, 41.6543]], device='cuda:0'),
indices=tensor([[ 4883,  3457,  3213,  4403,  3216],
        [18717, 22624, 11756,  9603,  9125],
        [20565, 18875,  5323,  8951, 18401],
        [14837, 14838,  9180, 19116, 18640],
        [11564, 12512, 20365, 10853, 19354]], device='cuda:0'))
target.shape: torch.Size([63784])
topk target: torch.return_types.topk(
values=tensor([39.9268, 39.1670, 38.8975, 38.8721, 38.7090], device='cuda:0'),
indices=tensor([7269, 7749, 7033, 6556, 6317], device='cuda:0'))
titles: z_1000 (m²/s²), t=3 (9 h)
vmin: -1872.943115234375, vmax: 3393.5126953125
topk samples: torch.return_types.topk(
values=tensor([[2646.5740, 2535.6252, 2311.3972, 2152.9497, 2109.5791],
        [2725.6951, 2323.3560, 2209.2175, 2057.7595, 2030.9968],
        [2038.0259, 2011.3857, 1950.2595, 1926.1516, 1918.1000],
        [3393.5127, 2528.5012, 2219.0801, 2201.1467, 2068.8440],
        [2446.0791, 2298.4929, 2221.4187, 2176.0410, 2039.9661]],
       device='cuda:0'),
indices=tensor([[39518, 33739,  3316,  2628, 46504],
        [50263, 14652,  2404,  2596,  2397],
        [ 2473, 37803, 41942,  2631,  7319],
        [12148, 47771,  9019,  8202,  9593],
        [33993,  2494,  3509,  2409,  2399]], device='cuda:0'))
target.shape: torch.Size([63784])
topk target: torch.return_types.topk(
values=tensor([1557.1785, 1556.9285, 1556.3035, 1555.8660, 1554.2722],
       device='cuda:0'),
indices=tensor([240, 477, 478, 241, 715], device='cuda:0'))
titles: z_500 (m²/s²), t=3 (9 h)
vmin: 45808.01171875, vmax: 63052.625
topk samples: torch.return_types.topk(
values=tensor([[60511.0586, 58435.3516, 58296.1523, 57753.9336, 57673.0000],
        [63052.6250, 60876.0117, 58788.1211, 58309.9727, 57986.7422],
        [59076.1719, 58028.4062, 57815.5547, 57580.7852, 57580.5625],
        [59170.1133, 58249.5977, 57924.9453, 57798.8516, 57703.9375],
        [57828.6641, 57744.5977, 57637.1055, 57618.1445, 57409.7188]],
       device='cuda:0'),
indices=tensor([[ 4394,  3316, 15443, 15590,  3901],
        [18717,  3721,  2844, 43861,  4412],
        [20168,  5412,  4836, 18315,  2436],
        [12148,  9249,  8262, 13450,  9593],
        [15097, 29047,  2607,  3104,  2588]], device='cuda:0'))
target.shape: torch.Size([63784])
topk target: torch.return_types.topk(
values=tensor([56511.8516, 56511.6016, 56511.1016, 56510.9766, 56510.2266],
       device='cuda:0'),
indices=tensor([273, 274, 275, 276, 272], device='cuda:0'))
titles: pres_0g (Pa), t=4 (12 h)
vmin: 80175.7265625, vmax: 115589.6328125
topk samples: torch.return_types.topk(
values=tensor([[105628.6953, 104932.8438, 104286.6094, 103938.9375, 103892.7969],
        [105659.8672, 104855.9062, 104811.9453, 104357.6719, 104264.5938],
        [108650.9453, 107681.7422, 104903.8281, 104032.0938, 103687.7578],
        [107687.0703, 105983.2500, 104678.6328, 104578.5312, 104023.7422],
        [115589.6328, 105342.8125, 104260.9844, 103949.9766, 103694.4922]],
       device='cuda:0'),
indices=tensor([[ 3457, 15590,  4145, 39518, 11519],
        [18717, 22624, 53048, 27004, 15157],
        [41942, 21263, 33142,  5187, 30107],
        [12148, 50296, 39258, 58242, 37661],
        [45804, 14437, 45233, 55757, 29047]], device='cuda:0'))
target.shape: torch.Size([63784])
topk target: torch.return_types.topk(
values=tensor([101871.4922, 101866.4922, 101864.4922, 101862.4922, 101861.9922],
       device='cuda:0'),
indices=tensor([ 477, 1190,  715,  478,  239], device='cuda:0'))
titles: pres_0s (Pa), t=4 (12 h)
vmin: 97781.640625, vmax: 106680.9375
topk samples: torch.return_types.topk(
values=tensor([[103889.1094, 103156.2031, 102878.3984, 102767.9922, 102687.4844],
        [105632.4062, 104632.3438, 104147.8906, 103015.2031, 102976.7031],
        [103395.1406, 103020.0625, 102543.2031, 102407.7266, 102382.4297],
        [106680.9375, 103519.9219, 102819.5547, 102588.4609, 102543.7578],
        [104519.1406, 103346.1562, 102896.0703, 102751.9766, 102646.2344]],
       device='cuda:0'),
indices=tensor([[ 3457, 11369, 43733, 15443,  2677],
        [18717, 22624, 50263,  3721, 11137],
        [41942, 14459, 30107,  2393,  5412],
        [12148,  8262,  2404, 14506,  2455],
        [45804, 14608, 55757,  2605,  2607]], device='cuda:0'))
target.shape: torch.Size([63784])
topk target: torch.return_types.topk(
values=tensor([101892.7734, 101892.4609, 101887.7734, 101885.3984, 101884.7109],
       device='cuda:0'),
indices=tensor([59, 58, 57, 54, 67], device='cuda:0'))
titles: nlwrs_0 (W/m²), t=4 (12 h)
vmin: -1564443.375, vmax: 455725.78125
topk samples: torch.return_types.topk(
values=tensor([[223439.1250, 215702.5625, 212909.7500, 181508.9375, 162962.8438],
        [242709.0625, 216587.5000, 210705.5312, 201346.6562, 193374.8750],
        [455725.7812, 214942.0938, 156683.6875, 149053.3438, 148567.9375],
        [160134.2500, 148956.4062, 139030.9062, 137538.5312, 128752.0625],
        [240693.2812, 193661.9688, 178632.1250, 174920.5625, 148273.0312]],
       device='cuda:0'),
indices=tensor([[52441, 31036, 26475, 28618, 34106],
        [24335, 22624, 28942, 26549, 22033],
        [23693, 20759, 27669, 15086, 26781],
        [37947, 31539, 47801,  7220, 30825],
        [27669, 21554, 19799, 61282, 61045]], device='cuda:0'))
target.shape: torch.Size([63784])
topk target: torch.return_types.topk(
values=tensor([228497., 196369., 195217., 181265., 170001.], device='cuda:0'),
indices=tensor([27433, 28151, 27672, 28388, 28149], device='cuda:0'))
titles: nswrs_0 (W/m²), t=4 (12 h)
vmin: -3058465.5, vmax: 1947945.0
topk samples: torch.return_types.topk(
values=tensor([[ 773944.2500,  748420.1875,  729313.8750,  708770.3750,  707595.1250],
        [ 826902.7500,  791723.8750,  754251.2500,  658501.3125,  658394.5000],
        [ 855035.2500,  825263.9375,  761141.0000,  760423.8750,  745375.0000],
        [1158176.2500,  876228.7500,  841671.6250,  799960.8125,  729275.6875],
        [1947945.0000,  892855.8750,  803629.0000,  789386.1250,  726044.9375]],
       device='cuda:0'),
indices=tensor([[18724,  8102, 20622, 15626, 20219],
        [18717, 50263, 41874, 12018, 12493],
        [10848, 24934, 25594,  8816, 22599],
        [39258, 28694, 22837, 13317, 22361],
        [31053, 12516, 22309, 12757, 11564]], device='cuda:0'))
target.shape: torch.Size([63784])
topk target: torch.return_types.topk(
values=tensor([624384.0625, 621312.0625, 602624.0625, 601344.0000, 595200.0625],
       device='cuda:0'),
indices=tensor([63067, 62829, 63305, 62592, 62591], device='cuda:0'))
titles: r_2 (-), t=4 (12 h)
vmin: 0.3377034664154053, vmax: 1.2416002750396729
topk samples: torch.return_types.topk(
values=tensor([[1.2416, 1.1668, 1.1549, 1.1401, 1.1395],
        [1.1626, 1.1434, 1.1384, 1.1332, 1.1319],
        [1.1698, 1.1667, 1.1643, 1.1330, 1.1327],
        [1.1468, 1.1453, 1.1368, 1.1307, 1.1292],
        [1.1942, 1.1557, 1.1491, 1.1458, 1.1456]], device='cuda:0'),
indices=tensor([[50589, 42828, 34975, 36163, 19234],
        [29343, 31015, 24335, 28400, 42012],
        [ 5187, 19405, 40802, 26008, 26723],
        [21715, 42115, 34259, 23619, 39377],
        [30150, 43198, 23858, 24828, 26971]], device='cuda:0'))
target.shape: torch.Size([63784])
topk target: torch.return_types.topk(
values=tensor([1.0000, 1.0000, 1.0000, 1.0000, 1.0000], device='cuda:0'),
indices=tensor([610, 600, 613, 836, 809], device='cuda:0'))
titles: r_65 (-), t=4 (12 h)
vmin: 0.17322665452957153, vmax: 1.2908458709716797
topk samples: torch.return_types.topk(
values=tensor([[1.2908, 1.1803, 1.1649, 1.1469, 1.1421],
        [1.2270, 1.1997, 1.1837, 1.1736, 1.1729],
        [1.1816, 1.1539, 1.1526, 1.1512, 1.1488],
        [1.1774, 1.1732, 1.1700, 1.1630, 1.1514],
        [1.1976, 1.1884, 1.1806, 1.1711, 1.1539]], device='cuda:0'),
indices=tensor([[50589, 35921, 27204, 28637, 27669],
        [31498, 24335, 30791, 29106, 28400],
        [27909, 25766, 32329, 24106, 24099],
        [27669,  8262, 38903, 31641, 30804],
        [23858, 13235, 28152, 38772, 37731]], device='cuda:0'))
target.shape: torch.Size([63784])
topk target: torch.return_types.topk(
values=tensor([1.0000, 1.0000, 1.0000, 1.0000, 1.0000], device='cuda:0'),
indices=tensor([617, 601, 834, 836, 835], device='cuda:0'))
titles: t_2 (K), t=4 (12 h)
vmin: 247.08416748046875, vmax: 309.6440124511719
topk samples: torch.return_types.topk(
values=tensor([[306.2318, 298.6743, 295.8876, 295.3064, 294.6483],
        [309.6440, 308.7455, 308.5939, 298.2455, 296.1777],
        [301.7920, 295.4549, 295.1005, 294.8663, 294.8182],
        [301.7793, 299.1396, 295.4725, 294.8463, 294.6205],
        [296.1723, 294.5751, 294.4083, 294.3386, 294.2039]], device='cuda:0'),
indices=tensor([[ 4394, 15590,  8943, 17080, 27249],
        [50263, 18717, 11531,  4412, 14652],
        [21263,  4836, 11087, 14261,  8942],
        [23720,  9593,  8202, 13450,  9194],
        [11982, 55757,  5838, 15097,  8578]], device='cuda:0'))
target.shape: torch.Size([63784])
topk target: torch.return_types.topk(
values=tensor([291.8759, 291.7646, 291.7514, 291.7377, 291.6928], device='cuda:0'),
indices=tensor([12716, 12714, 12477, 21599, 12715], device='cuda:0'))
titles: t_65 (K), t=4 (12 h)
vmin: 264.95489501953125, vmax: 306.8426208496094
topk samples: torch.return_types.topk(
values=tensor([[301.1450, 295.9951, 295.7200, 295.0247, 294.9260],
        [305.1295, 296.6659, 296.2903, 295.4624, 295.3630],
        [306.8426, 295.1787, 295.0548, 294.9984, 294.9659],
        [297.5631, 296.8595, 294.9026, 294.7563, 294.4244],
        [295.0934, 294.8198, 294.4896, 294.4525, 294.3665]], device='cuda:0'),
indices=tensor([[ 4394,  3316,  8943,  3223, 15590],
        [11531, 18717,  4412, 10340, 14893],
        [ 5187, 10141, 10140,  4836, 10627],
        [23720, 18099, 13450, 13222, 11528],
        [16598,  9146, 13886,  8908,  5838]], device='cuda:0'))
target.shape: torch.Size([63784])
topk target: torch.return_types.topk(
values=tensor([291.7896, 291.7402, 291.6836, 291.6582, 291.6562], device='cuda:0'),
indices=tensor([12716, 12477, 12714,   797, 12956], device='cuda:0'))
titles: t_500 (K), t=4 (12 h)
vmin: 201.26963806152344, vmax: 287.9737548828125
topk samples: torch.return_types.topk(
values=tensor([[278.5005, 268.5988, 268.3262, 267.4577, 267.1539],
        [287.9738, 282.1962, 269.7820, 269.3586, 268.8445],
        [273.2701, 267.8077, 266.6119, 266.3439, 266.2549],
        [272.8423, 271.1778, 270.0619, 269.6609, 268.5940],
        [269.9384, 269.7955, 268.9143, 268.1794, 267.6018]], device='cuda:0'),
indices=tensor([[ 4394, 13793,  3352, 37001,  3179],
        [27015,  3721, 13552, 29224, 43861],
        [20168,  5412,  3661, 10495,  2866],
        [12148, 13450, 18753,  9249,  9593],
        [13996,  3104,  2607, 29047, 45804]], device='cuda:0'))
target.shape: torch.Size([63784])
topk target: torch.return_types.topk(
values=tensor([261.3976, 261.3722, 261.3507, 261.3439, 261.3371], device='cuda:0'),
indices=tensor([296, 293, 281, 280, 286], device='cuda:0'))
titles: t_850 (K), t=4 (12 h)
vmin: 255.6012420654297, vmax: 296.28912353515625
topk samples: torch.return_types.topk(
values=tensor([[296.2891, 292.4325, 290.8700, 288.6674, 288.3322],
        [295.7114, 294.2682, 291.1961, 290.9902, 290.0109],
        [293.6739, 289.3034, 288.1102, 287.9910, 287.7303],
        [289.0143, 288.7937, 288.4133, 287.9763, 287.7798],
        [290.0861, 288.8855, 287.7515, 287.3851, 287.2624]], device='cuda:0'),
indices=tensor([[ 4394,  6566, 15590,  4145,  9868],
        [18717, 14893,  3721, 27015, 11137],
        [ 5187, 20168,  3820,  3345,  4933],
        [ 5224,  3504,  5110, 15845,  7842],
        [ 8022, 13291, 10460, 11173,  5598]], device='cuda:0'))
target.shape: torch.Size([63784])
topk target: torch.return_types.topk(
values=tensor([286.6479, 286.6303, 286.6284, 286.6030, 286.5761], device='cuda:0'),
indices=tensor([8734, 8496, 8972, 8973, 8974], device='cuda:0'))
titles: u_65 (m/s), t=4 (12 h)
vmin: -11.969101905822754, vmax: 19.35015106201172
topk samples: torch.return_types.topk(
values=tensor([[16.8725, 16.5483, 16.4468, 16.3068, 16.2419],
        [19.3502, 18.5602, 17.8924, 17.8431, 17.4797],
        [16.0136, 15.7348, 15.7285, 15.5575, 15.5045],
        [16.2716, 16.0605, 15.7686, 15.6976, 15.5623],
        [17.1195, 17.0380, 16.1820, 16.0576, 15.9637]], device='cuda:0'),
indices=tensor([[54014, 53538, 53300, 54486, 49953],
        [55680, 16030, 55917, 53300, 55679],
        [54013, 53775, 53537, 54490, 53538],
        [48063, 52582, 53062, 53061, 54490],
        [53537, 53775, 53538, 54014, 54011]], device='cuda:0'))
target.shape: torch.Size([63784])
topk target: torch.return_types.topk(
values=tensor([14.2035, 14.1635, 14.1464, 14.1371, 14.1264], device='cuda:0'),
indices=tensor([55899, 55900, 50017, 51452, 49778], device='cuda:0'))
titles: u_850 (m/s), t=4 (12 h)
vmin: -14.22718620300293, vmax: 22.138519287109375
topk samples: torch.return_types.topk(
values=tensor([[20.4708, 20.0427, 19.9380, 19.6521, 19.6082],
        [20.1200, 20.0655, 20.0188, 19.9030, 19.7578],
        [19.7673, 19.4279, 18.6525, 18.4357, 18.4167],
        [19.4279, 19.3369, 19.0037, 18.6525, 18.6122],
        [22.1385, 19.6012, 19.4279, 18.6525, 18.4482]], device='cuda:0'),
indices=tensor([[53062, 57663, 49730, 50445, 53774],
        [55442, 52349, 51396, 51397, 55681],
        [51397, 51874, 52353, 51875, 53302],
        [51874, 51396, 51634, 52353, 38331],
        [55757, 37627, 51874, 52353, 56700]], device='cuda:0'))
target.shape: torch.Size([63784])
topk target: torch.return_types.topk(
values=tensor([19.4279, 18.8512, 18.7414, 18.6525, 18.5842], device='cuda:0'),
indices=tensor([51874, 51873, 50672, 52353, 50673], device='cuda:0'))
titles: v_65 (m/s), t=4 (12 h)
vmin: -22.017118453979492, vmax: 12.500085830688477
topk samples: torch.return_types.topk(
values=tensor([[11.8219, 11.6350, 11.5254, 11.4956, 11.3810],
        [12.5001, 10.9712, 10.8139, 10.6899, 10.6841],
        [11.5500, 10.9712, 10.8139, 10.6899, 10.6841],
        [10.9886, 10.9712, 10.8139, 10.6899, 10.6841],
        [10.9712, 10.8139, 10.6899, 10.6841, 10.6831]], device='cuda:0'),
indices=tensor([[50589, 43362, 42650, 41937, 44793],
        [11531, 62938, 62939, 63177, 63176],
        [ 5187, 62938, 62939, 63177, 63176],
        [43605, 62938, 62939, 63177, 63176],
        [62938, 62939, 63177, 63176, 62940]], device='cuda:0'))
target.shape: torch.Size([63784])
topk target: torch.return_types.topk(
values=tensor([11.1440, 11.0708, 11.0151, 10.9712, 10.9682], device='cuda:0'),
indices=tensor([60273, 55773, 53397, 62938, 59797], device='cuda:0'))
titles: v_850 (m/s), t=4 (12 h)
vmin: -31.3803768157959, vmax: 17.06206703186035
topk samples: torch.return_types.topk(
values=tensor([[15.6685, 15.3931, 15.2359, 15.0435, 14.6509],
        [15.6685, 15.3931, 15.2359, 15.0435, 14.6509],
        [15.6685, 15.5473, 15.3931, 15.2359, 15.0435],
        [15.6685, 15.3931, 15.2359, 15.0435, 14.6509],
        [15.6685, 15.3931, 15.2359, 15.0435, 14.6509]], device='cuda:0'),
indices=tensor([[61471, 62424, 61473, 62186, 61709],
        [61471, 62424, 61473, 62186, 61709],
        [61471, 14261, 62424, 61473, 62186],
        [61471, 62424, 61473, 62186, 61709],
        [61471, 62424, 61473, 62186, 61709]], device='cuda:0'))
target.shape: torch.Size([63784])
topk target: torch.return_types.topk(
values=tensor([17.0621, 16.7046, 16.6050, 16.5904, 16.5836], device='cuda:0'),
indices=tensor([60299, 60061, 60060, 59822, 59584], device='cuda:0'))
titles: wvint_0 (kg/m²), t=4 (12 h)
vmin: 2.615481376647949, vmax: 50.377830505371094
topk samples: torch.return_types.topk(
values=tensor([[42.7547, 42.4649, 42.4228, 42.3834, 42.3690],
        [50.3778, 45.8145, 43.9097, 43.5332, 43.4215],
        [45.5589, 44.2242, 44.1385, 43.9035, 43.7929],
        [47.6377, 44.9085, 44.7361, 44.3629, 43.5738],
        [44.6982, 43.2108, 42.8459, 42.7020, 42.4639]], device='cuda:0'),
indices=tensor([[23647,  5550, 20338, 21027,  2757],
        [18717, 11531,  9622,  7222,  9855],
        [17456, 10611, 17931, 18411, 11330],
        [14915, 13417, 17288, 13896, 14847],
        [11280, 18430, 13416, 18962, 13654]], device='cuda:0'))
target.shape: torch.Size([63784])
topk target: torch.return_types.topk(
values=tensor([38.2763, 38.2401, 38.1171, 37.8739, 37.7499], device='cuda:0'),
indices=tensor([ 8230,  8467,  7991,  8229, 15627], device='cuda:0'))
titles: z_1000 (m²/s²), t=4 (12 h)
vmin: -2376.038818359375, vmax: 4151.3974609375
topk samples: torch.return_types.topk(
values=tensor([[3295.2500, 2394.8850, 2370.7791, 2107.8240, 2071.1123],
        [3474.8989, 2718.6880, 2503.8862, 2381.8003, 2251.4443],
        [2280.9553, 2035.0601, 1997.1016, 1995.2007, 1991.7349],
        [4151.3975, 2564.8213, 2468.9731, 2259.8613, 2134.5942],
        [2425.9922, 2404.6687, 2159.9814, 2111.3577, 2047.2810]],
       device='cuda:0'),
indices=tensor([[39518, 33739,  3316,  2442, 46504],
        [50263, 22624, 41874, 14652, 41613],
        [ 5187,  2489,  2473, 37803, 32275],
        [12148, 47771,  9019,  8202,  2411],
        [33993,  2494,  3509, 57581,  2399]], device='cuda:0'))
target.shape: torch.Size([63784])
topk target: torch.return_types.topk(
values=tensor([1541.6455, 1539.8018, 1539.4580, 1539.2705, 1537.3330],
       device='cuda:0'),
indices=tensor([240, 239, 241, 477, 478], device='cuda:0'))
titles: z_500 (m²/s²), t=4 (12 h)
vmin: 44017.5625, vmax: 63741.64453125
topk samples: torch.return_types.topk(
values=tensor([[60640.1641, 58952.5000, 58594.3594, 57902.8203, 57715.9375],
        [63741.6445, 60625.1484, 60610.6289, 58581.3750, 58311.2148],
        [59023.3086, 58724.2812, 58066.0469, 57789.8203, 57764.6562],
        [59395.1289, 58677.2969, 58575.1133, 58256.6211, 57827.9883],
        [57959.6172, 57820.9570, 57531.1562, 57515.5664, 57507.4805]],
       device='cuda:0'),
indices=tensor([[ 4394, 15443,  3316, 15590,  9868],
        [18717,  3721, 50263,  2844, 14652],
        [20168, 14459,  5412,  4836,  2399],
        [12148,  8262,  9593,  9249,  2644],
        [29047, 15097,  3104,  8578,  2607]], device='cuda:0'))
target.shape: torch.Size([63784])
topk target: torch.return_types.topk(
values=tensor([56429.3242, 56428.9492, 56428.6992, 56428.4492, 56428.4492],
       device='cuda:0'),
indices=tensor([282, 285, 281, 284, 283], device='cuda:0'))
titles: pres_0g (Pa), t=5 (15 h)
vmin: 80125.03125, vmax: 115833.6328125
topk samples: torch.return_types.topk(
values=tensor([[106697.4609, 105549.1562, 104908.0078, 104730.9766, 104312.5625],
        [106116.2188, 105756.7578, 105647.0859, 104828.2578, 104370.8047],
        [108452.0078, 106564.3828, 104975.0469, 104570.1562, 103384.1797],
        [108108.3984, 107356.1328, 105893.2500, 104838.6328, 104542.3438],
        [115833.6328, 106881.5078, 105298.1484, 104340.5938, 104032.4688]],
       device='cuda:0'),
indices=tensor([[ 8615,  3457, 15590, 39518,  4145],
        [21360, 18717, 22624, 53048, 41613],
        [41942, 21263, 33142,  5187, 30107],
        [12148, 44685, 50296, 39258, 58242],
        [45804, 17905, 14437, 45233, 55757]], device='cuda:0'))
target.shape: torch.Size([63784])
topk target: torch.return_types.topk(
values=tensor([101928.8906, 101928.3906, 101926.3906, 101926.3906, 101925.3906],
       device='cuda:0'),
indices=tensor([25704, 24514, 25466, 23087, 25942], device='cuda:0'))
titles: pres_0s (Pa), t=5 (15 h)
vmin: 97543.9453125, vmax: 106642.6484375
topk samples: torch.return_types.topk(
values=tensor([[103609.0625, 103519.6328, 102849.5000, 102821.7109, 102811.3125],
        [105639.3125, 105256.5000, 104705.3516, 102975.1562, 102880.8828],
        [103218.6562, 103064.5859, 102486.5312, 102394.5156, 102389.7969],
        [106642.6484, 103759.0547, 102812.6953, 102801.9297, 102686.3281],
        [104237.7656, 103180.3984, 102825.3281, 102546.9453, 102533.7891]],
       device='cuda:0'),
indices=tensor([[ 3457, 11369,  3316, 15443, 39518],
        [18717, 22624, 50263,  3721, 11137],
        [14459, 41942, 18315,  8133, 44732],
        [12148,  8262,  2511, 14506,  2404],
        [45804, 14608, 55757,  2607,  2605]], device='cuda:0'))
target.shape: torch.Size([63784])
topk target: torch.return_types.topk(
values=tensor([101926.4688, 101924.3438, 101922.3438, 101922.0938, 101921.1562],
       device='cuda:0'),
indices=tensor([   50,    52,    54,    53, 24990], device='cuda:0'))
titles: nlwrs_0 (W/m²), t=5 (15 h)
vmin: -1597372.375, vmax: 332374.71875
topk samples: torch.return_types.topk(
values=tensor([[288390.8438, 222293.0312, 213217.7500, 200192.8750, 189757.4688],
        [191962.8750, 184458.6250, 182531.4375, 175875.5938, 169025.7188],
        [332374.7188, 330331.5312, 226285.0000, 211800.0938, 181661.6250],
        [187176.4688, 176892.5625, 176112.9375, 164011.8125, 157548.7500],
        [275355.6875, 214941.4375, 210117.8750, 199119.4062, 198765.5000]],
       device='cuda:0'),
indices=tensor([[21500, 35822, 39518, 27595, 31306],
        [20615, 21971, 26069, 21333, 26308],
        [23693, 37709, 27505, 27983, 55781],
        [23468, 17395, 20071, 30361, 18118],
        [21795, 21794, 35786, 21318, 14608]], device='cuda:0'))
target.shape: torch.Size([63784])
topk target: torch.return_types.topk(
values=tensor([151462., 131494., 123302., 115110., 106662.], device='cuda:0'),
indices=tensor([24335, 23858, 28151, 28388, 25055], device='cuda:0'))
titles: nswrs_0 (W/m²), t=5 (15 h)
vmin: -2118480.5, vmax: 3662883.75
topk samples: torch.return_types.topk(
values=tensor([[3403168.2500, 3206201.7500, 3162477.0000, 3084616.5000, 3070028.2500],
        [3222977.0000, 3147672.0000, 3130511.2500, 3085900.0000, 3078058.2500],
        [3662883.7500, 3478347.7500, 3185996.0000, 3176607.2500, 3088548.2500],
        [3277013.0000, 3251472.7500, 3202026.5000, 3080470.7500, 3048527.7500],
        [3381836.2500, 3324495.2500, 3267999.2500, 3236723.2500, 3142863.2500]],
       device='cuda:0'),
indices=tensor([[ 7357,  5701,  4987,  3796, 11651],
        [ 4749,  9033, 10460,  9747, 10222],
        [12818,  5939, 18552,  9746, 13076],
        [ 2574,  8317,  8318,  3081, 12603],
        [12365, 13079, 11160,  6158,  7604]], device='cuda:0'))
target.shape: torch.Size([63784])
topk target: torch.return_types.topk(
values=tensor([2890641.5000, 2851729.5000, 2846609.7500, 2828433.5000, 2806929.7500],
       device='cuda:0'),
indices=tensor([39982, 40220, 30461, 39744, 30935], device='cuda:0'))
titles: r_2 (-), t=5 (15 h)
vmin: 0.3505105972290039, vmax: 1.2696110010147095
topk samples: torch.return_types.topk(
values=tensor([[1.1900, 1.1586, 1.1546, 1.1429, 1.1363],
        [1.1660, 1.1607, 1.1399, 1.1364, 1.1351],
        [1.1686, 1.1609, 1.1537, 1.1451, 1.1427],
        [1.1907, 1.1785, 1.1652, 1.1598, 1.1392],
        [1.2696, 1.1886, 1.1394, 1.1201, 1.1189]], device='cuda:0'),
indices=tensor([[27204, 31035, 27223, 23002, 24167],
        [26781, 29343, 27700, 33882, 28401],
        [37709, 29825, 29337, 28148, 23693],
        [28964, 45282, 44685, 23619, 21715],
        [35368, 17905, 24813, 28639, 39857]], device='cuda:0'))
target.shape: torch.Size([63784])
topk target: torch.return_types.topk(
values=tensor([1.0000, 1.0000, 1.0000, 1.0000, 1.0000], device='cuda:0'),
indices=tensor([ 9527,  2503,  9765, 15325, 13002], device='cuda:0'))
titles: r_65 (-), t=5 (15 h)
vmin: 0.28693854808807373, vmax: 1.3210649490356445
topk samples: torch.return_types.topk(
values=tensor([[1.2598, 1.1999, 1.1506, 1.1443, 1.1419],
        [1.2246, 1.1968, 1.1667, 1.1587, 1.1555],
        [1.2250, 1.1840, 1.1800, 1.1645, 1.1596],
        [1.1650, 1.1592, 1.1542, 1.1535, 1.1535],
        [1.3211, 1.2040, 1.1724, 1.1674, 1.1648]], device='cuda:0'),
indices=tensor([[27204, 31035, 29350, 31040, 27680],
        [27015, 29760, 29343, 30791, 28400],
        [27909, 42718, 28627, 29337, 29825],
        [45282, 27431, 23635, 26010, 28618],
        [17905, 23858, 25300, 27669, 28152]], device='cuda:0'))
target.shape: torch.Size([63784])
topk target: torch.return_types.topk(
values=tensor([1.0000, 1.0000, 1.0000, 1.0000, 1.0000], device='cuda:0'),
indices=tensor([8097, 8096, 8334, 9286, 8810], device='cuda:0'))
titles: t_2 (K), t=5 (15 h)
vmin: 250.38653564453125, vmax: 311.33258056640625
topk samples: torch.return_types.topk(
values=tensor([[308.4688, 300.4462, 300.4119, 300.2488, 300.2407],
        [311.3326, 306.5528, 306.2795, 301.2599, 299.7658],
        [301.9610, 299.6021, 299.3655, 298.6072, 298.5337],
        [309.9254, 299.4938, 299.1899, 299.1300, 298.6755],
        [298.5725, 298.5078, 298.3703, 297.9883, 297.9072]], device='cuda:0'),
indices=tensor([[ 4394,  6401,  3308,  3316, 22230],
        [18717, 11531, 50263,  4412,  6814],
        [21263, 13076,  6618,  8761,  6155],
        [ 9920,  6883,  3504, 23720, 12834],
        [ 6141,  6398,  9747,  8049,  3303]], device='cuda:0'))
target.shape: torch.Size([63784])
topk target: torch.return_types.topk(
values=tensor([295.0205, 294.9932, 294.9932, 294.9844, 294.8945], device='cuda:0'),
indices=tensor([1187,  948,  710,  711,  949], device='cuda:0'))
titles: t_65 (K), t=5 (15 h)
vmin: 264.5242919921875, vmax: 308.5324401855469
topk samples: torch.return_types.topk(
values=tensor([[304.0042, 303.2631, 299.2047, 298.9215, 298.5679],
        [303.4850, 301.9466, 299.7306, 299.6994, 298.1863],
        [308.5324, 299.4511, 298.6174, 298.3858, 298.3679],
        [299.1960, 298.1797, 298.0436, 298.0210, 297.8522],
        [299.2521, 298.1790, 298.1535, 297.7400, 297.7399]], device='cuda:0'),
indices=tensor([[ 4394,  3316,  2595,  6388,  9725],
        [11531, 18717,  9983,  4412,  3721],
        [ 5187,  4473, 12088,  6618,  2814],
        [ 2845,  9733, 10448,  4510,  4721],
        [ 4739,  4273,  5436,  6619, 15627]], device='cuda:0'))
target.shape: torch.Size([63784])
topk target: torch.return_types.topk(
values=tensor([294.1616, 294.1411, 293.9721, 293.9692, 293.9297], device='cuda:0'),
indices=tensor([ 948, 1187, 1425,  710,  931], device='cuda:0'))
titles: t_500 (K), t=5 (15 h)
vmin: 199.460205078125, vmax: 288.70458984375
topk samples: torch.return_types.topk(
values=tensor([[280.1486, 270.2843, 268.7974, 268.4570, 268.0551],
        [288.7046, 284.0556, 281.6235, 277.8749, 270.6252],
        [276.8407, 270.0874, 267.8187, 267.3673, 267.2031],
        [273.4437, 272.3994, 271.9350, 271.9325, 270.5302],
        [270.1931, 269.9206, 269.1285, 267.7580, 267.3391]], device='cuda:0'),
indices=tensor([[ 4394, 37001,  9868,  3179, 13793],
        [27015,  3721, 18717, 31598, 43861],
        [20168,  2866,  2683,  3661,  5412],
        [12148, 13450,  9249,  9593, 13942],
        [29047,  2607,  3104, 13996,  5505]], device='cuda:0'))
target.shape: torch.Size([63784])
topk target: torch.return_types.topk(
values=tensor([260.9848, 260.9740, 260.9687, 260.9525, 260.9506], device='cuda:0'),
indices=tensor([296, 293, 301, 287, 288], device='cuda:0'))
titles: t_850 (K), t=5 (15 h)
vmin: 254.90380859375, vmax: 297.08697509765625
topk samples: torch.return_types.topk(
values=tensor([[296.8998, 290.7811, 289.5217, 289.2954, 288.6256],
        [297.0870, 291.1267, 291.0074, 290.7539, 288.5941],
        [291.4648, 290.1566, 288.2563, 288.0096, 287.7056],
        [289.5156, 288.7029, 288.5839, 288.4669, 288.4056],
        [289.3267, 288.0460, 287.9059, 287.5410, 287.4349]], device='cuda:0'),
indices=tensor([[ 4394,  6401, 15590,  3316, 13554],
        [18717, 14893,  3721, 27015, 16355],
        [ 5187, 20168,  5400, 30088,  5939],
        [ 3235,  8262, 13450,  5938,  6415],
        [ 8022, 11857, 28649, 10460, 13291]], device='cuda:0'))
target.shape: torch.Size([63784])
topk target: torch.return_types.topk(
values=tensor([286.3230, 286.3098, 286.2932, 286.2918, 286.2679], device='cuda:0'),
indices=tensor([10882, 11120, 10644, 11358, 11596], device='cuda:0'))
titles: u_65 (m/s), t=5 (15 h)
vmin: -15.74856948852539, vmax: 16.378162384033203
topk samples: torch.return_types.topk(
values=tensor([[15.0096, 14.5941, 14.5602, 14.2843, 14.0935],
        [16.3782, 15.0581, 14.9450, 14.6582, 14.2452],
        [13.8178, 13.6906, 13.6325, 13.5304, 13.3822],
        [14.8622, 14.3481, 13.9673, 13.8211, 13.7802],
        [14.7403, 13.5983, 13.0756, 13.0109, 12.8263]], device='cuda:0'),
indices=tensor([[48776, 53538, 49961, 50195, 58358],
        [51372, 14083, 15038, 14324, 15037],
        [56155, 53050, 50199, 54961, 57098],
        [49012, 49015, 48063, 48539, 52572],
        [54252, 53298, 58832, 53777, 54012]], device='cuda:0'))
target.shape: torch.Size([63784])
topk target: torch.return_types.topk(
values=tensor([15.4239, 15.2945, 14.8409, 14.6182, 14.6011], device='cuda:0'),
indices=tensor([55241, 55478, 55004, 52635, 52157], device='cuda:0'))
titles: u_850 (m/s), t=5 (15 h)
vmin: -13.023031234741211, vmax: 36.1808967590332
topk samples: torch.return_types.topk(
values=tensor([[18.4751, 18.3141, 17.3382, 17.1826, 17.1050],
        [19.5122, 18.7092, 17.7341, 17.5859, 17.4724],
        [16.9285, 16.6521, 16.3977, 15.8880, 15.8267],
        [36.1809, 24.4990, 16.9285, 16.6521, 16.6369],
        [18.4449, 16.9285, 16.6521, 16.3977, 16.3143]], device='cuda:0'),
indices=tensor([[58358, 50206, 56954, 50681, 50683],
        [53062, 10928, 53538, 53063, 52110],
        [50209, 50208, 50210, 51167, 50676],
        [44685, 56381, 50209, 50208, 53057],
        [55757, 50209, 50208, 50210, 53295]], device='cuda:0'))
target.shape: torch.Size([63784])
topk target: torch.return_types.topk(
values=tensor([17.8928, 17.8899, 17.8406, 17.7766, 17.7503], device='cuda:0'),
indices=tensor([11257, 11259, 11258, 11256, 11260], device='cuda:0'))
titles: v_65 (m/s), t=5 (15 h)
vmin: -20.104541778564453, vmax: 14.359843254089355
topk samples: torch.return_types.topk(
values=tensor([[11.9893, 11.8475, 11.4481, 11.3218, 11.2880],
        [12.5038, 10.7148, 10.6875, 10.6669, 10.5986],
        [11.8442, 11.5008, 10.7148, 10.6875, 10.6669],
        [10.7148, 10.6875, 10.6853, 10.6669, 10.5986],
        [14.3598, 10.7148, 10.6875, 10.6669, 10.5986]], device='cuda:0'),
indices=tensor([[45517, 46230, 45280, 44322, 45277],
        [57994, 63178, 63174, 63177, 63175],
        [46477, 41942, 63178, 63174, 63177],
        [63178, 63174, 45282, 63177, 63175],
        [17905, 63178, 63174, 63177, 63175]], device='cuda:0'))
target.shape: torch.Size([63784])
topk target: torch.return_types.topk(
values=tensor([13.1855, 13.0732, 12.9853, 12.8505, 12.8339], device='cuda:0'),
indices=tensor([56254, 54821, 54827, 55057, 54820], device='cuda:0'))
titles: v_850 (m/s), t=5 (15 h)
vmin: -23.888565063476562, vmax: 18.105417251586914
topk samples: torch.return_types.topk(
values=tensor([[18.1054, 18.0107, 17.7519, 17.3310, 17.2988],
        [18.1054, 18.0107, 17.7519, 17.3518, 17.3310],
        [18.1054, 18.0107, 17.7519, 17.4687, 17.3310],
        [18.1054, 18.0107, 17.7519, 17.3310, 17.2988],
        [18.1054, 18.0107, 17.7519, 17.3310, 17.2988]], device='cuda:0'),
indices=tensor([[62675, 62437, 62913, 61725, 62200],
        [62675, 62437, 62913, 33882, 61725],
        [62675, 62437, 62913, 35330, 61725],
        [62675, 62437, 62913, 61725, 62200],
        [62675, 62437, 62913, 61725, 62200]], device='cuda:0'))
target.shape: torch.Size([63784])
topk target: torch.return_types.topk(
values=tensor([18.1054, 18.0107, 17.7519, 17.3310, 17.2988], device='cuda:0'),
indices=tensor([62675, 62437, 62913, 61725, 62200], device='cuda:0'))
titles: wvint_0 (kg/m²), t=5 (15 h)
vmin: 3.382784843444824, vmax: 49.7304801940918
topk samples: torch.return_types.topk(
values=tensor([[47.0898, 45.1630, 44.7381, 44.6910, 44.1026],
        [49.7305, 46.3626, 44.5234, 44.0278, 43.9106],
        [45.2363, 44.1068, 43.9162, 43.8218, 43.5884],
        [45.2819, 44.8544, 44.1008, 43.9658, 43.9436],
        [44.8656, 44.8535, 44.0114, 43.8149, 43.7335]], device='cuda:0'),
indices=tensor([[25390, 15590, 21340, 13927, 18250],
        [18717, 11531, 11065,  9621, 10806],
        [11330, 13479,  2460, 13478, 15628],
        [ 4839,  9920, 19230, 13448, 16508],
        [10328, 11280, 20787, 12957, 10092]], device='cuda:0'))
target.shape: torch.Size([63784])
topk target: torch.return_types.topk(
values=tensor([38.7354, 38.3702, 37.9298, 37.8097, 37.6495], device='cuda:0'),
indices=tensor([21108,  9190, 20870, 19683,  9427], device='cuda:0'))
titles: z_1000 (m²/s²), t=5 (15 h)
vmin: -2686.569091796875, vmax: 4560.1474609375
topk samples: torch.return_types.topk(
values=tensor([[3578.9746, 2416.7068, 2323.2065, 2236.7671, 2079.1338],
        [4105.1943, 3317.8804, 2722.9985, 2685.3696, 2519.9106],
        [2856.1663, 2240.8137, 2135.8252, 2063.8794, 2045.6323],
        [4560.1475, 2638.8381, 2591.3057, 2298.9524, 2254.8416],
        [2400.0911, 2305.2751, 2240.7246, 2116.9880, 2085.4729]],
       device='cuda:0'),
indices=tensor([[39518,  3316, 33739,  3818,  2442],
        [50263, 22624, 41874, 41613, 35680],
        [ 5187,  2489, 32275, 24934, 23693],
        [12148,  9019, 47771,  2411,  8202],
        [33993,  2494, 57581,  2399,  3509]], device='cuda:0'))
target.shape: torch.Size([63784])
topk target: torch.return_types.topk(
values=tensor([1581.5576, 1573.0576, 1570.7764, 1570.7139, 1569.1826],
       device='cuda:0'),
indices=tensor([ 60,  54,  53,  55, 290], device='cuda:0'))
titles: z_500 (m²/s²), t=5 (15 h)
vmin: 43401.9296875, vmax: 64302.859375
topk samples: torch.return_types.topk(
values=tensor([[60541.9727, 59217.7031, 58970.7812, 57999.5039, 57722.3789],
        [64302.8594, 62287.5977, 60359.9609, 58425.3242, 58171.9922],
        [59483.5625, 58942.7656, 58163.3867, 58026.3984, 57900.0000],
        [59818.3516, 58802.3477, 58656.5859, 58349.3008, 58121.3594],
        [57949.0195, 57786.5977, 57666.3594, 57664.9844, 57617.2695]],
       device='cuda:0'),
indices=tensor([[ 4394, 15443,  3316, 15590,  2631],
        [18717, 50263,  3721, 14652, 27015],
        [14459, 20168,  2516,  5412,  2489],
        [12148,  8262,  9593, 44685,  9249],
        [29047,  2588,  3104, 15097,  4273]], device='cuda:0'))
target.shape: torch.Size([63784])
topk target: torch.return_types.topk(
values=tensor([56416.1680, 56415.5430, 56415.4180, 56415.2930, 56414.9180],
       device='cuda:0'),
indices=tensor([288, 287, 286, 289, 285], device='cuda:0'))
titles: pres_0g (Pa), t=6 (18 h)
vmin: 79806.2421875, vmax: 115813.7734375
topk samples: torch.return_types.topk(
values=tensor([[107325.6250, 105482.4766, 104909.5000, 104734.7969, 104169.1562],
        [106027.6953, 105961.7891, 105913.7578, 104903.8359, 104847.4297],
        [108163.1719, 106186.8828, 104915.1328, 104904.4609, 103288.4297],
        [109402.3906, 108182.2031, 105777.9453, 104851.2031, 104455.6094],
        [115813.7734, 107704.8203, 107044.3906, 104971.9297, 104450.0000]],
       device='cuda:0'),
indices=tensor([[ 8615,  3457, 15590, 39518,  4145],
        [22624, 18717, 21360, 57994, 53048],
        [41942, 21263,  5187, 33142, 42153],
        [44685, 12148, 50296, 39258, 58242],
        [45804, 17905, 57710, 14437, 45668]], device='cuda:0'))
target.shape: torch.Size([63784])
topk target: torch.return_types.topk(
values=tensor([102063.3906, 102051.3906, 102050.8906, 102049.3906, 102048.8906],
       device='cuda:0'),
indices=tensor([23087, 24040, 24279, 18329, 23325], device='cuda:0'))
titles: pres_0s (Pa), t=6 (18 h)
vmin: 97394.125, vmax: 106543.1640625
topk samples: torch.return_types.topk(
values=tensor([[103432.3438, 103371.3438, 103083.5469, 103059.9688, 102888.5156],
        [105471.3359, 105464.0859, 105229.1016, 102888.0547, 102787.0938],
        [103476.1250, 103169.3203, 102738.2734, 102685.5312, 102413.3281],
        [106543.1641, 104248.3438, 103739.4375, 103449.3516, 102993.4219],
        [104226.1875, 102989.0391, 102906.1094, 102729.5625, 102591.9453]],
       device='cuda:0'),
indices=tensor([[11369,  3457, 39518,  8615,  3316],
        [22624, 18717, 50263, 41613,  2421],
        [51593, 14459, 33500, 41942, 42153],
        [12148, 44685,  8262,  9920,  2511],
        [45804, 14608,  7510, 55757,  3104]], device='cuda:0'))
target.shape: torch.Size([63784])
topk target: torch.return_types.topk(
values=tensor([102041.2109, 102038.8984, 102038.6484, 102038.6484, 102037.7734],
       device='cuda:0'),
indices=tensor([24040, 23564, 24278, 23324, 23802], device='cuda:0'))
titles: nlwrs_0 (W/m²), t=6 (18 h)
vmin: -1964555.5, vmax: 521564.53125
topk samples: torch.return_types.topk(
values=tensor([[219241.3750, 195769.2188, 180296.9688, 179641.9375, 179269.6250],
        [461125.4688, 261621.9688, 226500.5000, 223973.5625, 213510.9375],
        [330394.6875, 316207.8750, 300733.5625, 267164.7188, 230283.9688],
        [334503.0312, 251933.2812, 196385.9375, 181308.0938, 177343.0000],
        [521564.5312, 502423.7812, 384265.8438, 322928.3125, 313438.2188]],
       device='cuda:0'),
indices=tensor([[35822, 26168, 19639, 22192, 17968],
        [16030, 22668, 30352, 31333, 30833],
        [23693, 27733, 37709, 23431, 27505],
        [37172, 18120, 20760, 17463, 25045],
        [40015, 24656, 24150, 14608, 57710]], device='cuda:0'))
target.shape: torch.Size([63784])
topk target: torch.return_types.topk(
values=tensor([126708.5000, 117748.5000, 106484.5000,  77556.5156,  56052.5000],
       device='cuda:0'),
indices=tensor([25055, 24335, 23858, 38896, 20622], device='cuda:0'))
titles: nswrs_0 (W/m²), t=6 (18 h)
vmin: -1972345.5, vmax: 6839786.0
topk samples: torch.return_types.topk(
values=tensor([[6326305.5000, 6300630.0000, 6210646.0000, 6165703.5000, 6163951.5000],
        [6410828.5000, 6295862.0000, 6270695.0000, 6255621.0000, 6223935.0000],
        [6527354.5000, 6511323.5000, 6372303.0000, 6262067.0000, 6222448.0000],
        [6839786.0000, 6786188.5000, 6653996.0000, 6539833.0000, 6323790.0000],
        [6603195.5000, 6558483.5000, 6485695.5000, 6400705.5000, 6326971.5000]],
       device='cuda:0'),
indices=tensor([[ 5216,  6891,  5149,  3298,  2593],
        [ 2830,  3314,  4269,  4004,  4264],
        [ 5939, 11172, 11412,  4736,  7511],
        [ 8787,  2811,  3527, 10222,  3289],
        [ 6853,  9984,  2586,  2823,  4923]], device='cuda:0'))
target.shape: torch.Size([63784])
topk target: torch.return_types.topk(
values=tensor([5929928.0000, 5881544.5000, 5851592.0000, 5838536.0000, 5836744.0000],
       device='cuda:0'),
indices=tensor([ 220,  221, 1882, 1644, 2120], device='cuda:0'))
titles: r_2 (-), t=6 (18 h)
vmin: 0.2342715859413147, vmax: 1.535036325454712
topk samples: torch.return_types.topk(
values=tensor([[1.1909, 1.1400, 1.1216, 1.1211, 1.1198],
        [1.2035, 1.1589, 1.1448, 1.1343, 1.1254],
        [1.1932, 1.1924, 1.1846, 1.1604, 1.1602],
        [1.5350, 1.1634, 1.1449, 1.1316, 1.1314],
        [1.2076, 1.1646, 1.1413, 1.1398, 1.1333]], device='cuda:0'),
indices=tensor([[19027, 27204, 29590, 20291, 22525],
        [23492, 17124, 42481, 19742, 25799],
        [26733, 26008, 23693, 37709, 23491],
        [34616, 42239, 40332, 29588, 16165],
        [35368, 17298, 16382, 27430, 57710]], device='cuda:0'))
target.shape: torch.Size([63784])
topk target: torch.return_types.topk(
values=tensor([1.0000, 1.0000, 1.0000, 1.0000, 1.0000], device='cuda:0'),
indices=tensor([16284, 16283, 16525, 20140, 20139], device='cuda:0'))
titles: r_65 (-), t=6 (18 h)
vmin: 0.22782635688781738, vmax: 1.2332757711410522
topk samples: torch.return_types.topk(
values=tensor([[1.1816, 1.1692, 1.1639, 1.1577, 1.1537],
        [1.2144, 1.1684, 1.1598, 1.1597, 1.1438],
        [1.2333, 1.2181, 1.2038, 1.1911, 1.1849],
        [1.2275, 1.1994, 1.1845, 1.1824, 1.1816],
        [1.2080, 1.1775, 1.1526, 1.1480, 1.1453]], device='cuda:0'),
indices=tensor([[27204, 38020, 20291, 27680, 29350],
        [27015, 23492, 28400, 42481, 17124],
        [27909, 26733, 18375, 28148, 35389],
        [34616, 29106, 16165, 42239, 22680],
        [23858, 51488, 28639, 28501, 31345]], device='cuda:0'))
target.shape: torch.Size([63784])
topk target: torch.return_types.topk(
values=tensor([1.0000, 1.0000, 1.0000, 1.0000, 1.0000], device='cuda:0'),
indices=tensor([20524, 20287, 20617, 20762, 20761], device='cuda:0'))
titles: t_2 (K), t=6 (18 h)
vmin: 253.95059204101562, vmax: 314.8520812988281
topk samples: torch.return_types.topk(
values=tensor([[311.8696, 304.4559, 304.0692, 303.6807, 303.4209],
        [311.2383, 303.6835, 303.1574, 302.9668, 302.8192],
        [307.7737, 304.4266, 303.8381, 303.5028, 303.3387],
        [314.8521, 308.7904, 304.4910, 303.8669, 303.3157],
        [303.7740, 302.9754, 302.9479, 302.9121, 302.5523]], device='cuda:0'),
indices=tensor([[ 4394, 15899,  6388,  3308,  4019],
        [18717,  6814, 11531,  2844,  2840],
        [ 7511,  2814,  3237,  5939,  7819],
        [ 9920,  8787,  6176,  2842,  4510],
        [ 7798,  5448,  7347,  3796,  9747]], device='cuda:0'))
target.shape: torch.Size([63784])
topk target: torch.return_types.topk(
values=tensor([298.5075, 298.4938, 298.4850, 298.4616, 298.4294], device='cuda:0'),
indices=tensor([1881, 2831, 1879, 1878, 2117], device='cuda:0'))
titles: t_65 (K), t=6 (18 h)
vmin: 263.89801025390625, vmax: 308.4716491699219
topk samples: torch.return_types.topk(
values=tensor([[308.4716, 303.3733, 303.2416, 303.0340, 302.9087],
        [304.3499, 303.7130, 302.4197, 302.1364, 302.0266],
        [307.3101, 303.0273, 302.7661, 302.5654, 302.4906],
        [304.5264, 303.7391, 303.0604, 302.8882, 302.8655],
        [303.0198, 302.8147, 302.4392, 302.1180, 302.0934]], device='cuda:0'),
indices=tensor([[ 4394,  3070,  3316,  6388,  2595],
        [18717,  3721,  3051,  4412,  3069],
        [ 5187,  2814,  3290, 12088,  7128],
        [21356,  6176,  5938,  6415,  8787],
        [ 4739, 10460,  4273,  6399,  8022]], device='cuda:0'))
target.shape: torch.Size([63784])
topk target: torch.return_types.topk(
values=tensor([297.2061, 297.1729, 297.1505, 297.1192, 297.0967], device='cuda:0'),
indices=tensor([16385,  1881,  2119,  2592, 15189], device='cuda:0'))
titles: t_500 (K), t=6 (18 h)
vmin: 201.00802612304688, vmax: 291.56201171875
topk samples: torch.return_types.topk(
values=tensor([[281.5732, 272.6610, 270.8252, 270.0302, 268.7910],
        [291.5620, 287.5285, 284.9868, 284.8227, 271.5771],
        [276.9659, 272.2342, 271.8369, 268.7531, 268.1377],
        [273.0962, 272.6033, 271.4841, 271.3787, 270.4292],
        [271.9916, 269.7098, 267.4313, 266.9201, 266.7946]], device='cuda:0'),
indices=tensor([[ 4394, 15443, 37001, 17302,  9868],
        [18717, 27015,  3721, 31598, 50263],
        [20168,  2866, 14459,  2683, 19447],
        [ 9249, 12148, 13942, 13450,  9593],
        [29047,  3104,  6022,  2607,  5505]], device='cuda:0'))
target.shape: torch.Size([63784])
topk target: torch.return_types.topk(
values=tensor([261.0201, 261.0084, 260.9801, 260.9708, 260.9454], device='cuda:0'),
indices=tensor([293, 296, 294, 288, 301], device='cuda:0'))
titles: t_850 (K), t=6 (18 h)
vmin: 250.69247436523438, vmax: 296.9141845703125
topk samples: torch.return_types.topk(
values=tensor([[296.9142, 290.5109, 290.1479, 288.9561, 288.3762],
        [296.6426, 290.8434, 290.4621, 290.4445, 289.7799],
        [289.9748, 289.7951, 289.7195, 288.7109, 288.5503],
        [290.4681, 289.6877, 289.4812, 288.9065, 288.8614],
        [290.0515, 289.1945, 289.1077, 289.0900, 288.5580]], device='cuda:0'),
indices=tensor([[ 4394,  3316,  6401,  2546,  2992],
        [18717,  3721,  6651, 27015, 14893],
        [20168,  5400, 24569,  7128,  7127],
        [ 6333, 10222,  6651,  8951,  6415],
        [ 8022, 10453,  3262, 10460, 11411]], device='cuda:0'))
target.shape: torch.Size([63784])
topk target: torch.return_types.topk(
values=tensor([286.4578, 286.4529, 286.3973, 286.3646, 286.3436], device='cuda:0'),
indices=tensor([12316, 12078, 12554,  7792, 11840], device='cuda:0'))
titles: u_65 (m/s), t=6 (18 h)
vmin: -11.382640838623047, vmax: 17.46086883544922
topk samples: torch.return_types.topk(
values=tensor([[14.9619, 14.6029, 14.4566, 13.6671, 13.6602],
        [15.0031, 14.5176, 14.4011, 14.2161, 14.1592],
        [14.7006, 13.7181, 13.0881, 12.9119, 12.9056],
        [15.4952, 15.4443, 14.2208, 13.9138, 13.8080],
        [14.1459, 13.9633, 13.2208, 13.1996, 13.0880]], device='cuda:0'),
indices=tensor([[55204, 54014, 54252, 54728, 55918],
        [13611, 13852, 14575, 14808, 14333],
        [54013, 54008, 56155, 55670, 56632],
        [16243, 16244, 16245, 14815, 15769],
        [54489, 55918, 55671, 53297, 53299]], device='cuda:0'))
target.shape: torch.Size([63784])
topk target: torch.return_types.topk(
values=tensor([17.4609, 16.6469, 16.4428, 16.1606, 15.9960], device='cuda:0'),
indices=tensor([53356, 53354, 53355, 53116, 53118], device='cuda:0'))
titles: u_850 (m/s), t=6 (18 h)
vmin: -18.29084014892578, vmax: 21.21776580810547
topk samples: torch.return_types.topk(
values=tensor([[17.1719, 16.9746, 16.8711, 16.4785, 16.4707],
        [17.1719, 16.9746, 16.8711, 16.4785, 16.4707],
        [17.5586, 17.1719, 16.9746, 16.8711, 16.4785],
        [17.1719, 16.9746, 16.9679, 16.8711, 16.4785],
        [17.1719, 16.9746, 16.8711, 16.4785, 16.4707]], device='cuda:0'),
indices=tensor([[49500, 49501, 49499, 49262, 49261],
        [49500, 49501, 49499, 49262, 49261],
        [53538, 49500, 49501, 49499, 49262],
        [49500, 49501, 21356, 49499, 49262],
        [49500, 49501, 49499, 49262, 49261]], device='cuda:0'))
target.shape: torch.Size([63784])
topk target: torch.return_types.topk(
values=tensor([21.2178, 19.6338, 19.0684, 18.7275, 18.6465], device='cuda:0'),
indices=tensor([53356, 53351, 53355, 53118, 52643], device='cuda:0'))
titles: v_65 (m/s), t=6 (18 h)
vmin: -19.7415828704834, vmax: 14.794549942016602
topk samples: torch.return_types.topk(
values=tensor([[11.8395, 11.7291, 11.5485, 11.4957, 11.4088],
        [11.8395, 11.7291, 11.5485, 11.4957, 11.4088],
        [11.8395, 11.7291, 11.5485, 11.4957, 11.4088],
        [12.0099, 11.8395, 11.7291, 11.5485, 11.4957],
        [13.7659, 11.8436, 11.8395, 11.7291, 11.5485]], device='cuda:0'),
indices=tensor([[61958, 61487, 62678, 61486, 62440],
        [61958, 61487, 62678, 61486, 62440],
        [61958, 61487, 62678, 61486, 62440],
        [34616, 61958, 61487, 62678, 61486],
        [57710,  7395, 61958, 61487, 62678]], device='cuda:0'))
target.shape: torch.Size([63784])
topk target: torch.return_types.topk(
values=tensor([14.7945, 13.8854, 13.8658, 13.5992, 13.4654], device='cuda:0'),
indices=tensor([57681, 57918, 56968, 57206, 55541], device='cuda:0'))
titles: v_850 (m/s), t=6 (18 h)
vmin: -22.74100685119629, vmax: 18.79317283630371
topk samples: torch.return_types.topk(
values=tensor([[18.4758, 18.3381, 18.1740, 18.1662, 18.1535],
        [18.4758, 18.3381, 18.1740, 18.1662, 18.1535],
        [18.4758, 18.3381, 18.1740, 18.1662, 18.1535],
        [18.4758, 18.3381, 18.1740, 18.1662, 18.1535],
        [18.4758, 18.3381, 18.1740, 18.1662, 18.1535]], device='cuda:0'),
indices=tensor([[62677, 62912, 62918, 62674, 63150],
        [62677, 62912, 62918, 62674, 63150],
        [62677, 62912, 62918, 62674, 63150],
        [62677, 62912, 62918, 62674, 63150],
        [62677, 62912, 62918, 62674, 63150]], device='cuda:0'))
target.shape: torch.Size([63784])
topk target: torch.return_types.topk(
values=tensor([18.7932, 18.4758, 18.3381, 18.2063, 18.1740], device='cuda:0'),
indices=tensor([58631, 62677, 62912, 59587, 62918], device='cuda:0'))
titles: wvint_0 (kg/m²), t=6 (18 h)
vmin: 1.3274688720703125, vmax: 51.842159271240234
topk samples: torch.return_types.topk(
values=tensor([[47.4142, 45.8562, 45.5929, 45.2850, 45.1058],
        [51.8422, 46.4382, 46.3178, 46.1696, 45.9036],
        [46.4067, 45.9170, 45.9007, 45.6738, 45.6386],
        [46.7085, 46.4886, 46.2945, 45.7155, 45.6922],
        [50.1546, 46.2566, 46.1710, 46.0362, 45.8934]], device='cuda:0'),
indices=tensor([[15590, 10150,  4416,  8717,  4415],
        [18717, 12012, 12010,  5855, 11304],
        [15628, 15870, 10628, 16824, 14670],
        [14268, 13009,  5145,  3235,  3948],
        [22222,  9149,  3425, 17536,  3188]], device='cuda:0'))
target.shape: torch.Size([63784])
topk target: torch.return_types.topk(
values=tensor([40.6243, 39.4827, 38.1331, 38.1243, 38.0286], device='cuda:0'),
indices=tensor([21836, 19938, 23259, 23260,  8396], device='cuda:0'))
titles: z_1000 (m²/s²), t=6 (18 h)
vmin: -2708.591064453125, vmax: 4566.830078125
topk samples: torch.return_types.topk(
values=tensor([[3775.6721, 2395.3887, 2181.2429, 2082.9365, 2040.9404],
        [4566.8301, 3558.6030, 2998.8059, 2759.5474, 2608.3625],
        [3127.9978, 2340.1528, 2176.4011, 2151.8660, 2123.9797],
        [4540.8721, 3399.0239, 2670.3652, 2601.0667, 2506.4089],
        [2599.9771, 2305.5688, 2223.8997, 2171.8201, 2106.4673]],
       device='cuda:0'),
indices=tensor([[39518,  3316, 33739,  2442,  2429],
        [50263, 22624, 35680, 41613, 41874],
        [ 5187,  2489,  7511, 32275, 23693],
        [12148, 44685,  9920,  9019, 47771],
        [ 7510, 33993, 57581,  2494, 35368]], device='cuda:0'))
target.shape: torch.Size([63784])
topk target: torch.return_types.topk(
values=tensor([1654.4019, 1653.9019, 1653.5269, 1652.9644, 1652.3081],
       device='cuda:0'),
indices=tensor([24040, 23802, 24278, 25466, 24516], device='cuda:0'))
titles: z_500 (m²/s²), t=6 (18 h)
vmin: 43197.74609375, vmax: 64552.578125
topk samples: torch.return_types.topk(
values=tensor([[60232.6523, 59369.3398, 59057.4531, 58066.9062, 58031.6172],
        [64552.5781, 63194.3359, 59761.1758, 58636.0391, 58292.6953],
        [59624.2422, 58706.8359, 58699.6602, 58136.2422, 57945.1172],
        [60480.4453, 59873.1133, 58945.6953, 58792.4883, 58585.0430],
        [58845.2461, 57916.8516, 57912.6680, 57850.1016, 57714.8633]],
       device='cuda:0'),
indices=tensor([[ 4394, 15443,  3316, 15590,  2516],
        [18717, 50263,  3721, 14652,  4019],
        [14459, 20168,  2516,  5412,  2489],
        [44685, 12148,  8262,  9593,  9920],
        [ 7510,  8022,  2588,  3105, 29047]], device='cuda:0'))
target.shape: torch.Size([63784])
topk target: torch.return_types.topk(
values=tensor([56435.3477, 56435.3477, 56435.2227, 56435.2227, 56434.9727],
       device='cuda:0'),
indices=tensor([288, 294, 290, 289, 292], device='cuda:0'))
titles: pres_0g (Pa), t=7 (21 h)
vmin: 79531.921875, vmax: 115598.7890625
topk samples: torch.return_types.topk(
values=tensor([[107708.4609, 105312.3672, 104840.4062, 104498.7969, 104106.5859],
        [107566.6094, 105974.9062, 105846.3047, 105668.3906, 105190.6797],
        [107932.9219, 105811.3438, 104961.1719, 104794.3125, 103705.6562],
        [110835.4922, 108067.0469, 105641.9453, 104760.7578, 104409.8516],
        [115598.7891, 107789.5781, 107787.5469, 105481.1094, 104639.4453]],
       device='cuda:0'),
indices=tensor([[ 8615,  3457, 15590, 39518, 25114],
        [54188, 22624, 18717, 21360, 57994],
        [41942, 21263,  5187, 33142, 51593],
        [44685, 12148, 50296, 39258, 50885],
        [45804, 57710, 17905, 10811,  7510]], device='cuda:0'))
target.shape: torch.Size([63784])
topk target: torch.return_types.topk(
values=tensor([102144.9688, 102128.4688, 102127.4688, 102127.4688, 102124.4688],
       device='cuda:0'),
indices=tensor([23087, 23325, 23562, 24514, 20468], device='cuda:0'))
titles: pres_0s (Pa), t=7 (21 h)
vmin: 97267.1484375, vmax: 106156.0078125
topk samples: torch.return_types.topk(
values=tensor([[103282.5859, 103208.7188, 103146.3594, 103084.2500, 103020.4844],
        [105638.4375, 105387.1328, 105191.2109, 103601.1719, 102847.3828],
        [103753.6016, 102961.0312, 102698.8672, 102424.6328, 102363.6875],
        [106156.0078, 104918.1406, 103602.0156, 103228.0156, 103010.9922],
        [103938.2891, 103933.9062, 103271.3359, 102825.8828, 102634.2109]],
       device='cuda:0'),
indices=tensor([[39518, 11369,  3316,  3457,  8615],
        [50263, 22624, 18717, 17874, 41613],
        [51593, 14459,  5187, 42153,  2487],
        [12148, 44685,  9920,  8262,  2511],
        [ 9238, 45804,  7510, 14608, 55757]], device='cuda:0'))
target.shape: torch.Size([63784])
topk target: torch.return_types.topk(
values=tensor([102127.3438, 102124.1562, 102114.4062, 102113.6562, 102113.1562],
       device='cuda:0'),
indices=tensor([23324, 22610, 21420, 22372, 22134], device='cuda:0'))
titles: nlwrs_0 (W/m²), t=7 (21 h)
vmin: -1973533.375, vmax: 427005.03125
topk samples: torch.return_types.topk(
values=tensor([[294149.7188, 241266.4062, 221181.9062, 204417.7812, 204218.5625],
        [427005.0312, 276763.1875, 269187.5625, 267658.5000, 256228.8438],
        [340634.0938, 340213.1562, 319060.5000, 251652.2188, 243343.4688],
        [275627.7812, 226476.3125, 218249.5000, 214923.5312, 209623.3125],
        [365217.0938, 290206.9375, 261580.5625, 257221.2812, 254972.1250]],
       device='cuda:0'),
indices=tensor([[12625, 39518, 10720, 26556, 35822],
        [16030, 57223, 27015, 15531, 30833],
        [23431, 10960, 23693, 37709, 27733],
        [12148, 22026,  3105, 17941, 60100],
        [45804, 40015, 23468, 23688, 24659]], device='cuda:0'))
target.shape: torch.Size([63784])
topk target: torch.return_types.topk(
values=tensor([149507., 128003.,  94723.,  84227.,  81155.], device='cuda:0'),
indices=tensor([40561, 24335, 38896, 23858, 40562], device='cuda:0'))
titles: nswrs_0 (W/m²), t=7 (21 h)
vmin: -2216706.5, vmax: 6717694.0
topk samples: torch.return_types.topk(
values=tensor([[6625460.0000, 6620340.0000, 6618292.0000, 6615988.0000, 6615732.0000],
        [6625460.0000, 6620340.0000, 6618292.0000, 6615988.0000, 6615732.0000],
        [6717694.0000, 6625460.0000, 6620340.0000, 6618292.0000, 6615988.0000],
        [6625460.0000, 6620340.0000, 6618292.0000, 6615988.0000, 6615732.0000],
        [6711683.5000, 6696937.0000, 6625460.0000, 6620340.0000, 6618292.0000]],
       device='cuda:0'),
indices=tensor([[   0,    1,  238,  239,    2],
        [   0,    1,  238,  239,    2],
        [8342,    0,    1,  238,  239],
        [   0,    1,  238,  239,    2],
        [2401, 2398,    0,    1,  238]], device='cuda:0'))
target.shape: torch.Size([63784])
topk target: torch.return_types.topk(
values=tensor([6625460., 6620340., 6618292., 6615988., 6615732.], device='cuda:0'),
indices=tensor([  0,   1, 238, 239,   2], device='cuda:0'))
titles: r_2 (-), t=7 (21 h)
vmin: -0.040104448795318604, vmax: 1.3895738124847412
topk samples: torch.return_types.topk(
values=tensor([[1.3896, 1.2094, 1.1796, 1.1562, 1.1559],
        [1.2464, 1.2195, 1.1937, 1.1862, 1.1696],
        [1.2482, 1.1946, 1.1881, 1.1498, 1.1459],
        [1.1992, 1.1852, 1.1713, 1.1674, 1.1654],
        [1.2880, 1.2808, 1.2383, 1.2125, 1.1989]], device='cuda:0'),
indices=tensor([[21883, 21403,  6548, 21884,  8690],
        [23058, 17317, 13077,  9984, 23059],
        [12325, 28148, 23693, 27036, 40802],
        [60342, 18536, 42056, 27681, 18775],
        [12838, 32046, 13078, 23688, 24501]], device='cuda:0'))
target.shape: torch.Size([63784])
topk target: torch.return_types.topk(
values=tensor([1.0000, 1.0000, 1.0000, 1.0000, 1.0000], device='cuda:0'),
indices=tensor([21001, 20763, 21004, 21477, 21241], device='cuda:0'))
titles: r_65 (-), t=7 (21 h)
vmin: 0.07031023502349854, vmax: 1.3116211891174316
topk samples: torch.return_types.topk(
values=tensor([[1.3116, 1.2168, 1.2007, 1.1861, 1.1847],
        [1.2829, 1.2415, 1.2278, 1.2217, 1.2214],
        [1.3003, 1.2170, 1.2127, 1.2033, 1.1781],
        [1.1974, 1.1892, 1.1878, 1.1865, 1.1649],
        [1.3028, 1.2413, 1.2060, 1.1856, 1.1815]], device='cuda:0'),
indices=tensor([[21883, 21403, 21880, 25902, 27918],
        [13077, 10684, 27015, 23058, 23550],
        [12325, 27909, 28148, 33656, 27036],
        [42157, 26389, 22098, 27681, 27669],
        [12838, 10936, 10457, 12837, 11412]], device='cuda:0'))
target.shape: torch.Size([63784])
topk target: torch.return_types.topk(
values=tensor([1.0000, 1.0000, 1.0000, 1.0000, 1.0000], device='cuda:0'),
indices=tensor([21004, 20763, 21241, 21479, 21477], device='cuda:0'))
titles: t_2 (K), t=7 (21 h)
vmin: 259.5538024902344, vmax: 318.5530090332031
topk samples: torch.return_types.topk(
values=tensor([[312.6594, 304.9782, 304.6641, 304.2156, 303.7155],
        [312.1509, 304.1164, 303.6479, 303.5151, 303.4064],
        [309.4669, 304.1469, 303.4975, 303.4770, 303.4472],
        [318.5530, 308.2708, 308.0638, 303.7322, 303.6984],
        [311.2983, 307.7704, 306.4890, 305.5109, 304.5903]], device='cuda:0'),
indices=tensor([[ 4394,  5400, 15899, 17568,  5687],
        [18717, 10178,  3761,  3760,  3251],
        [ 7511,  2814,  8538,  5652,  7819],
        [ 9920,  2842, 15168,  2602, 12800],
        [ 9238,  7510,  3796,  7798,  8022]], device='cuda:0'))
target.shape: torch.Size([63784])
topk target: torch.return_types.topk(
values=tensor([299.8185, 299.7911, 299.7540, 299.7404, 299.7355], device='cuda:0'),
indices=tensor([2586, 2347, 2831, 1878, 2584], device='cuda:0'))
titles: t_65 (K), t=7 (21 h)
vmin: 261.897216796875, vmax: 310.0213317871094
topk samples: torch.return_types.topk(
values=tensor([[310.0213, 304.0011, 303.5759, 302.9502, 302.8619],
        [306.5241, 304.2081, 303.5167, 303.2742, 303.2508],
        [305.3222, 303.9942, 303.8743, 303.8064, 303.8063],
        [307.2064, 306.1747, 303.7754, 303.7080, 303.3491],
        [305.5960, 304.8564, 303.8811, 303.5218, 303.3566]], device='cuda:0'),
indices=tensor([[ 4394,  7295,  9676,  3316, 13293],
        [18717,  3721,  6651,  3069,  7365],
        [ 5187,  4836,  7342,  3657,  9937],
        [ 9920, 15168,  2842, 21356,  7107],
        [ 4940,  8022,  3796,  7794,  2588]], device='cuda:0'))
target.shape: torch.Size([63784])
topk target: torch.return_types.topk(
values=tensor([298.7920, 298.7802, 298.7588, 298.7197, 298.7011], device='cuda:0'),
indices=tensor([16385, 16386,  2831,  2586,  2824], device='cuda:0'))
titles: t_500 (K), t=7 (21 h)
vmin: 203.70526123046875, vmax: 297.13397216796875
topk samples: torch.return_types.topk(
values=tensor([[282.0990, 274.7892, 271.5497, 270.2424, 269.1041],
        [297.1340, 285.1116, 284.6882, 284.3870, 274.9363],
        [276.1541, 274.3308, 272.2203, 271.2903, 270.0576],
        [272.2000, 271.8195, 271.5486, 271.1837, 270.8773],
        [271.1082, 268.3080, 267.8918, 267.0942, 266.9783]], device='cuda:0'),
indices=tensor([[ 4394, 15443, 17302, 37001,  4374],
        [18717, 31598, 27015,  3721, 50263],
        [20168, 14459,  3885, 17600, 19447],
        [13450,  9249, 13942, 12148,  2842],
        [29047,  2607,  3105,  9491,  5505]], device='cuda:0'))
target.shape: torch.Size([63784])
topk target: torch.return_types.topk(
values=tensor([261.2006, 261.1864, 261.1844, 261.1444, 261.1312], device='cuda:0'),
indices=tensor([308, 306, 309, 305, 312], device='cuda:0'))
titles: t_850 (K), t=7 (21 h)
vmin: 250.63099670410156, vmax: 297.23016357421875
topk samples: torch.return_types.topk(
values=tensor([[297.2302, 292.0731, 290.8272, 290.7735, 290.3002],
        [295.4576, 291.1745, 290.9420, 290.9359, 290.9223],
        [291.4068, 291.0274, 290.5547, 290.2023, 290.1602],
        [292.2323, 290.8345, 290.8075, 290.4199, 290.3671],
        [293.1712, 291.5715, 291.3871, 290.6490, 290.2126]], device='cuda:0'),
indices=tensor([[ 4394,  3316,  5458,  6401,  2546],
        [18717,  9983,  6651, 10174,  3721],
        [20168,  9937, 13058, 14459, 14256],
        [ 6415,  2842, 14268,  4001, 14506],
        [ 8022,  4940,  7510, 23688,  9689]], device='cuda:0'))
target.shape: torch.Size([63784])
topk target: torch.return_types.topk(
values=tensor([285.8575, 285.8365, 285.8165, 285.7965, 285.7496], device='cuda:0'),
indices=tensor([13755, 14706, 14705, 14467, 13754], device='cuda:0'))
titles: u_65 (m/s), t=7 (21 h)
vmin: -13.331844329833984, vmax: 18.83394432067871
topk samples: torch.return_types.topk(
values=tensor([[14.9026, 14.3525, 14.0400, 14.0069, 13.9514],
        [13.5604, 12.6543, 12.6359, 12.6062, 12.5949],
        [12.6631, 12.6359, 12.5949, 12.3559, 12.2033],
        [12.6359, 12.5949, 12.2697, 12.2224, 12.2033],
        [18.8339, 16.7037, 14.4631, 13.9157, 12.8751]], device='cuda:0'),
indices=tensor([[59249, 58298, 58294, 58536, 54252],
        [12668, 13385, 52832, 14098, 52593],
        [56155, 52832, 52593, 53062, 52833],
        [52832, 52593, 53532, 49254, 52833],
        [ 9238, 10811, 53776, 54252, 54489]], device='cuda:0'))
target.shape: torch.Size([63784])
topk target: torch.return_types.topk(
values=tensor([16.5339, 16.4572, 16.4162, 16.4113, 16.3981], device='cuda:0'),
indices=tensor([51231, 51467, 50749, 50506, 50982], device='cuda:0'))
titles: u_850 (m/s), t=7 (21 h)
vmin: -22.975297927856445, vmax: 22.247032165527344
topk samples: torch.return_types.topk(
values=tensor([[22.2470, 18.5058, 18.1191, 18.0605, 17.7060],
        [18.5058, 18.1191, 18.0605, 17.7060, 17.4375],
        [18.5058, 18.1191, 18.0605, 17.7060, 17.4375],
        [18.5058, 18.1191, 18.0605, 17.7060, 17.4375],
        [18.5058, 18.1191, 18.0605, 17.7060, 17.4375]], device='cuda:0'),
indices=tensor([[ 8375, 49021, 49020, 49019, 49018],
        [49021, 49020, 49019, 49018, 48782],
        [49021, 49020, 49019, 49018, 48782],
        [49021, 49020, 49019, 49018, 48782],
        [49021, 49020, 49019, 49018, 48782]], device='cuda:0'))
target.shape: torch.Size([63784])
topk target: torch.return_types.topk(
values=tensor([20.6201, 20.2099, 19.8301, 19.7314, 19.6367], device='cuda:0'),
indices=tensor([51221, 52181, 50750, 50991, 50507], device='cuda:0'))
titles: v_65 (m/s), t=7 (21 h)
vmin: -19.66030502319336, vmax: 13.131686210632324
topk samples: torch.return_types.topk(
values=tensor([[13.1317, 11.7704, 11.0750, 10.9081, 10.8163],
        [13.1317, 11.7704, 11.0750, 10.9081, 10.8163],
        [13.1317, 11.7704, 11.0750, 10.9081, 10.8163],
        [13.1317, 11.7704, 11.0750, 10.9081, 10.8163],
        [13.1317, 11.7704, 11.0750, 10.9081, 10.8163]], device='cuda:0'),
indices=tensor([[61487, 61724, 61491, 61488, 61725],
        [61487, 61724, 61491, 61488, 61725],
        [61487, 61724, 61491, 61488, 61725],
        [61487, 61724, 61491, 61488, 61725],
        [61487, 61724, 61491, 61488, 61725]], device='cuda:0'))
target.shape: torch.Size([63784])
topk target: torch.return_types.topk(
values=tensor([13.1317, 12.9100, 12.5858, 11.7704, 11.7440], device='cuda:0'),
indices=tensor([61487, 61250, 61013, 61724, 58637], device='cuda:0'))
titles: v_850 (m/s), t=7 (21 h)
vmin: -37.59144592285156, vmax: 19.90418243408203
topk samples: torch.return_types.topk(
values=tensor([[19.9042, 19.7567, 18.9872, 18.5897, 18.5761],
        [19.9042, 19.7567, 18.9872, 18.5897, 18.5761],
        [19.9042, 19.7567, 18.9872, 18.5897, 18.5761],
        [19.9042, 19.7567, 18.9872, 18.5897, 18.5761],
        [19.9042, 19.7567, 18.9872, 18.5897, 18.5761]], device='cuda:0'),
indices=tensor([[61489, 61726, 61964, 62201, 61963],
        [61489, 61726, 61964, 62201, 61963],
        [61489, 61726, 61964, 62201, 61963],
        [61489, 61726, 61964, 62201, 61963],
        [61489, 61726, 61964, 62201, 61963]], device='cuda:0'))
target.shape: torch.Size([63784])
topk target: torch.return_types.topk(
values=tensor([19.9042, 19.7567, 19.5731, 19.0848, 18.9872], device='cuda:0'),
indices=tensor([61489, 61726, 61251, 60776, 61964], device='cuda:0'))
titles: wvint_0 (kg/m²), t=7 (21 h)
vmin: -2.504990577697754, vmax: 51.45494079589844
topk samples: torch.return_types.topk(
values=tensor([[48.1580, 47.4522, 47.4491, 47.2839, 47.1762],
        [51.4549, 48.8776, 48.1562, 48.0911, 47.8267],
        [48.9875, 48.7150, 47.9554, 47.4080, 47.3926],
        [51.3347, 50.5233, 49.4192, 49.0038, 48.6875],
        [48.2835, 48.0350, 47.7370, 47.6376, 47.5930]], device='cuda:0'),
indices=tensor([[ 8375, 12123, 12303,  5936, 10356],
        [18717,  7291,  5855,  8964,  6094],
        [ 7313, 14459, 15396, 20670,  7232],
        [10697, 10625, 11340,  7839, 10386],
        [13079, 18734,  3905, 13251,  9916]], device='cuda:0'))
target.shape: torch.Size([63784])
topk target: torch.return_types.topk(
values=tensor([42.8133, 42.1834, 39.7967, 39.5643, 39.3241], device='cuda:0'),
indices=tensor([21142,  9446, 22329, 10622,  1087], device='cuda:0'))
titles: z_1000 (m²/s²), t=7 (21 h)
vmin: -2687.136962890625, vmax: 4950.85546875
topk samples: torch.return_types.topk(
values=tensor([[3774.6223, 2560.5737, 2231.0337, 2100.9236, 1990.4587],
        [4950.8555, 3537.2991, 2994.8572, 2730.8662, 2559.7297],
        [3154.1421, 2078.6462, 2064.2917, 2059.3030, 2039.2346],
        [4488.1338, 4276.7495, 2649.8887, 2535.8743, 2451.7976],
        [3278.8760, 2239.6230, 2184.1965, 2176.9922, 2017.1287]],
       device='cuda:0'),
indices=tensor([[39518, 51189,  3316,  2597,  2442],
        [50263, 22624, 35680, 41613, 41874],
        [ 5187,  2489, 32275,  7511, 23693],
        [12148, 44685,  9920,  9019, 47771],
        [ 7510, 57581, 33993, 35368, 45230]], device='cuda:0'))
target.shape: torch.Size([63784])
topk target: torch.return_types.topk(
values=tensor([1719.6456, 1716.7706, 1716.4894, 1716.3644, 1716.0206],
       device='cuda:0'),
indices=tensor([23086, 23562, 22848, 22849, 22611], device='cuda:0'))
titles: z_500 (m²/s²), t=7 (21 h)
vmin: 43260.4453125, vmax: 64326.38671875
topk samples: torch.return_types.topk(
values=tensor([[60016.7109, 59393.8906, 58875.2227, 58348.2852, 58201.0547],
        [64326.3867, 63437.9531, 59283.0273, 58631.9219, 58324.5234],
        [59439.3008, 58638.5938, 58499.6055, 58268.6172, 58159.5742],
        [61937.9883, 59796.5781, 59202.0156, 58963.5977, 58879.7031],
        [60463.4375, 58520.2305, 58067.0430, 58022.4297, 57896.5898]],
       device='cuda:0'),
indices=tensor([[ 4394, 15443,  3316, 51189,  2516],
        [18717, 50263,  3721, 14652,  4019],
        [14459,  2516,  3885, 20168,  3231],
        [44685, 12148,  9920,  8262,  9593],
        [ 7510, 10811,  3105,  9491,  2426]], device='cuda:0'))
target.shape: torch.Size([63784])
topk target: torch.return_types.topk(
values=tensor([56433.4336, 56432.9336, 56432.8086, 56432.3086, 56432.3086],
       device='cuda:0'),
indices=tensor([303, 302, 306, 305, 304], device='cuda:0'))
titles: pres_0g (Pa), t=8 (24 h)
vmin: 79230.96875, vmax: 115368.796875
topk samples: torch.return_types.topk(
values=tensor([[108152.2734, 107690.5156, 105133.9375, 104910.0156, 104803.6328],
        [107864.5938, 105700.6875, 105647.2812, 105555.5938, 105161.6719],
        [107753.8047, 105572.8672, 105190.4297, 104554.8438, 103965.7344],
        [111278.1406, 107804.4922, 105486.6484, 104487.6562, 104419.0547],
        [115368.7969, 107681.5547, 107560.6719, 106320.8750, 105070.5781]],
       device='cuda:0'),
indices=tensor([[26435,  8615,  3457, 15590, 39518],
        [54188, 22624, 18717, 21360, 57994],
        [41942, 21263,  5187, 33142, 51593],
        [44685, 12148, 50296, 50885,  2511],
        [45804, 57710, 17905, 10811,  7510]], device='cuda:0'))
target.shape: torch.Size([63784])
topk target: torch.return_types.topk(
values=tensor([102172.7500, 102147.7500, 102139.7500, 102138.7500, 102136.7500],
       device='cuda:0'),
indices=tensor([18329, 23087, 20468, 24514, 23562], device='cuda:0'))
titles: pres_0s (Pa), t=8 (24 h)
vmin: 97085.3046875, vmax: 105910.7109375
topk samples: torch.return_types.topk(
values=tensor([[103485.4062, 103194.4609, 103014.0234, 102884.4688, 102710.3984],
        [105910.7109, 105204.0000, 104953.2578, 104237.0156, 103985.4609],
        [103724.8828, 102922.1016, 102696.9219, 102408.6641, 102350.1172],
        [105641.7891, 105484.0781, 103723.7578, 103062.2031, 103019.6406],
        [103739.9844, 103705.8828, 103552.4062, 103550.4453, 102678.1797]],
       device='cuda:0'),
indices=tensor([[39518,  3316, 11369,  8615, 10885],
        [50263, 22624, 18717, 51806, 17874],
        [51593,  5187, 14459,  9808,  2487],
        [12148, 44685,  9920,  2511,  8262],
        [45804, 53425,  9238,  7510, 57945]], device='cuda:0'))
target.shape: torch.Size([63784])
topk target: torch.return_types.topk(
values=tensor([102131.7656, 102128.9531, 102128.1406, 102126.1406, 102125.3906],
       device='cuda:0'),
indices=tensor([23324, 19992, 20231, 20468, 20232], device='cuda:0'))
titles: nlwrs_0 (W/m²), t=8 (24 h)
vmin: -1729153.75, vmax: 493932.84375
topk samples: torch.return_types.topk(
values=tensor([[291237.9688, 209694.0000, 207138.0625, 197777.0938, 197625.7188],
        [476510.6562, 313917.7500, 292803.3125, 275961.3125, 252159.5312],
        [493932.8438, 290637.7188, 288544.3125, 274105.9375, 268882.3125],
        [322704.9688, 277692.5312, 274590.5312, 227357.2188, 226519.6250],
        [315776.8438, 260749.0312, 254479.3438, 233253.7188, 197938.3750]],
       device='cuda:0'),
indices=tensor([[30634, 21403, 10720, 36290, 29225],
        [17874, 27015, 57994, 16030, 36331],
        [24569, 23431, 10960, 21047, 60104],
        [35236, 29412,  3819, 32541, 31820],
        [45804, 21318, 40015, 21319, 21562]], device='cuda:0'))
target.shape: torch.Size([63784])
topk target: torch.return_types.topk(
values=tensor([97306., 91162., 58138., 57370., 43546.], device='cuda:0'),
indices=tensor([23858, 42000, 42237, 38896, 24919], device='cuda:0'))
titles: nswrs_0 (W/m²), t=8 (24 h)
vmin: -2369483.75, vmax: 5089476.0
topk samples: torch.return_types.topk(
values=tensor([[5089476., 5075140., 5064388., 5056196., 5054148.],
        [5089476., 5075140., 5064388., 5056196., 5054148.],
        [5089476., 5075140., 5064388., 5056196., 5054148.],
        [5089476., 5075140., 5064388., 5056196., 5054148.],
        [5089476., 5075140., 5064388., 5056196., 5054148.]], device='cuda:0'),
indices=tensor([[239, 477, 715,   0, 238],
        [239, 477, 715,   0, 238],
        [239, 477, 715,   0, 238],
        [239, 477, 715,   0, 238],
        [239, 477, 715,   0, 238]], device='cuda:0'))
target.shape: torch.Size([63784])
topk target: torch.return_types.topk(
values=tensor([5089476., 5075140., 5064388., 5056196., 5054148.], device='cuda:0'),
indices=tensor([239, 477, 715,   0, 238], device='cuda:0'))
titles: r_2 (-), t=8 (24 h)
vmin: 0.08362782001495361, vmax: 1.3510090112686157
topk samples: torch.return_types.topk(
values=tensor([[1.2062, 1.1827, 1.1765, 1.1646, 1.1554],
        [1.2650, 1.2579, 1.2478, 1.2093, 1.2059],
        [1.3510, 1.2105, 1.1909, 1.1896, 1.1819],
        [1.2056, 1.1747, 1.1745, 1.1545, 1.1527],
        [1.3470, 1.2159, 1.1889, 1.1724, 1.1624]], device='cuda:0'),
indices=tensor([[ 8310, 22304,  7300, 27999,  7777],
        [16130, 17874,  7577,  9008,  8763],
        [ 8279,  5659,  6133, 28148,  6881],
        [ 6642, 47036,  4983,  8241, 36522],
        [ 8047,  7092,  9504, 27204, 21843]], device='cuda:0'))
target.shape: torch.Size([63784])
topk target: torch.return_types.topk(
values=tensor([1.0000, 1.0000, 1.0000, 1.0000, 1.0000], device='cuda:0'),
indices=tensor([21241, 20194, 21479, 21955, 21717], device='cuda:0'))
titles: r_65 (-), t=8 (24 h)
vmin: 0.18369799852371216, vmax: 1.4720783233642578
topk samples: torch.return_types.topk(
values=tensor([[1.2622, 1.2231, 1.2019, 1.1914, 1.1866],
        [1.3847, 1.3080, 1.3064, 1.2738, 1.2649],
        [1.4154, 1.2702, 1.2527, 1.2277, 1.2253],
        [1.2531, 1.2230, 1.2091, 1.2055, 1.1977],
        [1.4721, 1.2362, 1.2207, 1.2205, 1.2100]], device='cuda:0'),
indices=tensor([[27117, 27918, 31746, 24961,  5345],
        [12117,  6652, 16130, 16368, 27015],
        [ 8279, 11220,  6639,  6133,  5929],
        [ 6642, 22898, 16635, 14706,  7528],
        [ 8047, 21843,  7092, 19239, 21607]], device='cuda:0'))
target.shape: torch.Size([63784])
topk target: torch.return_types.topk(
values=tensor([1.0000, 1.0000, 1.0000, 1.0000, 1.0000], device='cuda:0'),
indices=tensor([21481, 21241, 21955, 23858, 22193], device='cuda:0'))
titles: t_2 (K), t=8 (24 h)
vmin: 246.729736328125, vmax: 313.5943603515625
topk samples: torch.return_types.topk(
values=tensor([[310.5437, 302.0339, 301.8979, 301.5656, 301.3973],
        [312.6577, 301.7651, 301.0417, 300.7114, 300.6401],
        [308.3164, 302.7801, 302.7533, 302.4294, 302.1738],
        [313.5944, 304.3851, 303.5566, 303.3831, 302.3646],
        [309.6390, 303.3689, 302.2601, 302.0873, 301.7087]], device='cuda:0'),
indices=tensor([[ 4394,  2462,  3633,  9953,  9677],
        [18717,  2809,  3279,  7780,  4111],
        [ 7511,  7819,  3180,  2714,  2735],
        [ 9920,  7781,  2689,  2511,  2518],
        [ 7510, 18281, 11857,  7798,  2490]], device='cuda:0'))
target.shape: torch.Size([63784])
topk target: torch.return_types.topk(
values=tensor([297.8980, 297.7203, 297.6705, 297.5934, 297.5934], device='cuda:0'),
indices=tensor([2109, 2347, 2586, 2348, 2110], device='cuda:0'))
titles: t_65 (K), t=8 (24 h)
vmin: 259.6322326660156, vmax: 308.0076904296875
topk samples: torch.return_types.topk(
values=tensor([[308.0077, 303.1240, 302.0811, 301.3058, 301.2381],
        [307.9413, 300.7508, 300.7378, 300.5470, 300.5359],
        [301.8022, 301.7759, 301.6196, 301.6170, 301.5633],
        [304.3315, 304.1261, 303.0063, 302.3862, 302.2904],
        [305.0428, 301.6118, 301.5351, 301.5176, 301.1487]], device='cuda:0'),
indices=tensor([[ 4394,  3633, 13293,  3164,  9680],
        [18717,  2803, 14232,  3068,  2562],
        [20168,  4911,  4688,  3753,  3740],
        [ 2689,  9920, 16122,  3236,  9231],
        [11135, 10811,  7510, 11857,  2724]], device='cuda:0'))
target.shape: torch.Size([63784])
topk target: torch.return_types.topk(
values=tensor([297.9801, 297.9450, 297.7858, 297.7594, 297.7038], device='cuda:0'),
indices=tensor([2109, 2348, 2586, 2347, 2585], device='cuda:0'))
titles: t_500 (K), t=8 (24 h)
vmin: 207.61949157714844, vmax: 297.1199035644531
topk samples: torch.return_types.topk(
values=tensor([[281.2424, 275.3640, 271.5190, 271.2060, 269.7766],
        [297.1199, 282.6955, 281.0050, 278.9359, 275.4505],
        [275.4008, 275.0699, 274.5737, 273.5406, 272.1001],
        [272.9362, 271.3500, 271.2687, 271.2138, 270.8680],
        [270.6209, 270.4981, 269.7119, 268.3721, 267.8064]], device='cuda:0'),
indices=tensor([[ 4394, 15443, 17302,  8615,  7069],
        [18717, 31598,  3721, 27015, 50263],
        [14459, 22047, 20168,  3885,  7074],
        [13450, 12148,  2842, 13942,  2570],
        [29047,  7510,  2607,  9491,  3105]], device='cuda:0'))
target.shape: torch.Size([63784])
topk target: torch.return_types.topk(
values=tensor([260.9120, 260.9023, 260.8954, 260.8935, 260.8920], device='cuda:0'),
indices=tensor([320, 321, 322, 319, 326], device='cuda:0'))
titles: t_850 (K), t=8 (24 h)
vmin: 249.13441467285156, vmax: 297.40875244140625
topk samples: torch.return_types.topk(
values=tensor([[297.4088, 291.4535, 291.0210, 290.8688, 290.7510],
        [297.0121, 295.4612, 294.7093, 292.1968, 291.1425],
        [292.5648, 291.7899, 291.0873, 291.0266, 290.9719],
        [291.8221, 291.7946, 290.6876, 290.6478, 290.5942],
        [292.8266, 292.5953, 291.4255, 290.6320, 290.6254]], device='cuda:0'),
indices=tensor([[ 4394,  3316,  8255,  5458, 15443],
        [12117, 18717,  5216,  3068,  2803],
        [ 5893, 14459,  9937,  7074,  9239],
        [ 6415,  2842, 13550, 15168, 11650],
        [ 7510,  8022, 18978,  8024,  3796]], device='cuda:0'))
target.shape: torch.Size([63784])
topk target: torch.return_types.topk(
values=tensor([285.8174, 285.7998, 285.7622, 285.7339, 285.7256], device='cuda:0'),
indices=tensor([14733, 14732, 14971, 14731, 14972], device='cuda:0'))
titles: u_65 (m/s), t=8 (24 h)
vmin: -16.544675827026367, vmax: 18.449106216430664
topk samples: torch.return_types.topk(
values=tensor([[18.4491, 12.7605, 12.5532, 12.5093, 12.4048],
        [12.6034, 12.5093, 12.4048, 12.3873, 12.3453],
        [12.5093, 12.4048, 12.3873, 12.3453, 12.1334],
        [12.5093, 12.4048, 12.3873, 12.3453, 12.1334],
        [12.5093, 12.4048, 12.3873, 12.3453, 12.1591]], device='cuda:0'),
indices=tensor([[ 2764, 59249, 59250, 49977, 50929],
        [12430, 49977, 50929, 50215, 50453],
        [49977, 50929, 50215, 50453, 50216],
        [49977, 50929, 50215, 50453, 50216],
        [49977, 50929, 50215, 50453, 53776]], device='cuda:0'))
target.shape: torch.Size([63784])
topk target: torch.return_types.topk(
values=tensor([16.9517, 16.4791, 16.0699, 15.9459, 15.8072], device='cuda:0'),
indices=tensor([49569, 48617, 48861, 48623, 49573], device='cuda:0'))
titles: u_850 (m/s), t=8 (24 h)
vmin: -32.13801956176758, vmax: 20.057828903198242
topk samples: torch.return_types.topk(
values=tensor([[16.1340, 15.0986, 14.6792, 14.6145, 14.4309],
        [14.7040, 14.6145, 14.4309, 14.2541, 14.1701],
        [14.6145, 14.4309, 14.2541, 14.1701, 14.1594],
        [14.6145, 14.4309, 14.2541, 14.2316, 14.1701],
        [18.1682, 14.9023, 14.6145, 14.5192, 14.4309]], device='cuda:0'),
indices=tensor([[54015, 54014, 54250, 48073, 47831],
        [11736, 48073, 47831, 47832, 48072],
        [48073, 47831, 47832, 48072, 50687],
        [48073, 47831, 47832, 58287, 48072],
        [53425, 11238, 48073, 55757, 47831]], device='cuda:0'))
target.shape: torch.Size([63784])
topk target: torch.return_types.topk(
values=tensor([20.0578, 19.6301, 19.5510, 19.5305, 19.3567], device='cuda:0'),
indices=tensor([49088, 48616, 48850, 49096, 49097], device='cuda:0'))
titles: v_65 (m/s), t=8 (24 h)
vmin: -20.00870704650879, vmax: 12.898473739624023
topk samples: torch.return_types.topk(
values=tensor([[10.3988, 10.0909,  9.7403,  9.7227,  9.4845],
        [11.9277, 11.5772, 10.0909,  9.7403,  9.7227],
        [12.8985, 11.3332, 10.8966, 10.0909,  9.8402],
        [11.5101, 10.6954, 10.0909,  9.9528,  9.7403],
        [12.2140, 11.0852, 10.4342, 10.4297, 10.2158]], device='cuda:0'),
indices=tensor([[ 5732, 61490, 61965, 63151, 61727],
        [53300, 51806, 61490, 61965, 63151],
        [ 4534,  7399,  7085, 61490,  5973],
        [10907, 17261, 61490, 20192, 61965],
        [53425,  3350,  2637,  4780,  2396]], device='cuda:0'))
target.shape: torch.Size([63784])
topk target: torch.return_types.topk(
values=tensor([10.2804, 10.2403, 10.0909, 10.0001,  9.9171], device='cuda:0'),
indices=tensor([59352, 61015, 61490, 61252, 60302], device='cuda:0'))
titles: v_850 (m/s), t=8 (24 h)
vmin: -25.44757843017578, vmax: 20.088871002197266
topk samples: torch.return_types.topk(
values=tensor([[14.9793, 14.8611, 14.8123, 14.7986, 14.7390],
        [14.9793, 14.8611, 14.8123, 14.7986, 14.7390],
        [14.9793, 14.8611, 14.8123, 14.7986, 14.7390],
        [20.0889, 14.9793, 14.8611, 14.8123, 14.7986],
        [16.3759, 14.9793, 14.8611, 14.8123, 14.7986]], device='cuda:0'),
indices=tensor([[62921, 62920, 63157, 62682, 61734],
        [62921, 62920, 63157, 62682, 61734],
        [62921, 62920, 63157, 62682, 61734],
        [47036, 62921, 62920, 63157, 62682],
        [18476, 62921, 62920, 63157, 62682]], device='cuda:0'))
target.shape: torch.Size([63784])
topk target: torch.return_types.topk(
values=tensor([15.1892, 14.9793, 14.8611, 14.8123, 14.7986], device='cuda:0'),
indices=tensor([24244, 62921, 62920, 63157, 62682], device='cuda:0'))
titles: wvint_0 (kg/m²), t=8 (24 h)
vmin: 3.667365074157715, vmax: 54.27951431274414
topk samples: torch.return_types.topk(
values=tensor([[53.0282, 51.1390, 50.3668, 49.9484, 49.4966],
        [54.2795, 49.9070, 49.8595, 49.5870, 49.5151],
        [50.5502, 49.2413, 49.1110, 49.0506, 48.9287],
        [49.6314, 49.5123, 49.3050, 48.8978, 48.7809],
        [51.7250, 50.8106, 50.0875, 49.8067, 49.4402]], device='cuda:0'),
indices=tensor([[11843, 12120, 12062,  7300, 13016],
        [ 7577,  9687,  9924,  5216,  9688],
        [11412, 17600,  5659, 14267,  7307],
        [ 7516,  7284, 14687,  7517,  9905],
        [ 8552, 18978,  8022, 21835, 19939]], device='cuda:0'))
target.shape: torch.Size([63784])
topk target: torch.return_types.topk(
values=tensor([41.9688, 40.9425, 40.9376, 40.6710, 40.5343], device='cuda:0'),
indices=tensor([ 9696, 12790, 21630, 14218, 10647], device='cuda:0'))
titles: z_1000 (m²/s²), t=8 (24 h)
vmin: -2903.412353515625, vmax: 5258.48681640625
topk samples: torch.return_types.topk(
values=tensor([[3779.4814, 2967.5803, 2305.8899, 2241.6072, 2136.9883],
        [5258.4868, 3417.7676, 3220.3257, 2904.9004, 2588.2556],
        [3279.0396, 2154.7300, 1982.6477, 1975.3533, 1970.0522],
        [4610.5342, 4402.5767, 2751.3342, 2521.5010, 2475.8267],
        [3667.5862, 2621.7559, 2186.5876, 2102.8962, 2005.9307]],
       device='cuda:0'),
indices=tensor([[39518, 51189,  3316,  5224, 26435],
        [50263, 22624, 51806, 35680, 41613],
        [ 5187, 47862,  9808,  3272,  4160],
        [44685, 12148,  9920, 34616,  9019],
        [ 7510, 11135, 57581, 45230, 33993]], device='cuda:0'))
target.shape: torch.Size([63784])
topk target: torch.return_types.topk(
values=tensor([1729.1071, 1725.2946, 1724.2946, 1724.2008, 1723.8883],
       device='cuda:0'),
indices=tensor([20230, 19516, 24514, 24038, 24515], device='cuda:0'))
titles: z_500 (m²/s²), t=8 (24 h)
vmin: 43020.1484375, vmax: 63915.59765625
topk samples: torch.return_types.topk(
values=tensor([[61003.3594, 59694.0820, 59282.8906, 58645.0938, 58307.3906],
        [63915.5977, 63345.8203, 60450.0742, 58837.2617, 58284.7852],
        [59252.2891, 58791.7266, 58312.9141, 58293.7969, 58230.3750],
        [62482.5625, 59532.1562, 59466.9141, 58862.5508, 58778.8047],
        [61062.4062, 59606.6602, 58425.0820, 58111.5820, 58075.0859]],
       device='cuda:0'),
indices=tensor([[51189,  4394, 15443,  3316, 13069],
        [18717, 50263, 17874,  3721,  4019],
        [14459,  3885,  5187,  2516,  2604],
        [44685,  9920, 12148,  9593,  8262],
        [ 7510, 10811,  3105,  9491,  2426]], device='cuda:0'))
target.shape: torch.Size([63784])
topk target: torch.return_types.topk(
values=tensor([56359.2148, 56359.2148, 56359.2148, 56359.0898, 56358.8398],
       device='cuda:0'),
indices=tensor([298, 297, 294, 290, 292], device='cuda:0'))
titles: pres_0g (Pa), t=9 (27 h)
vmin: 79106.65625, vmax: 115041.234375
topk samples: torch.return_types.topk(
values=tensor([[109284.8750, 107550.4531, 105006.6328, 104999.6250, 104881.1797],
        [107336.5234, 106081.8203, 105733.5781, 105453.8047, 105415.6406],
        [107267.1250, 105383.0312, 105064.8594, 104377.7266, 104131.2891],
        [111520.8438, 107545.4688, 105762.9062, 105385.8438, 104435.4453],
        [115041.2344, 107481.7500, 107302.5391, 106912.0859, 105485.1875]],
       device='cuda:0'),
indices=tensor([[26435,  8615, 15590,  3457, 39518],
        [54188, 51806, 22624, 21360, 18717],
        [41942, 21263,  5187, 33142, 60024],
        [44685, 12148, 29451, 50296, 50885],
        [45804, 57710, 17905, 10811, 53425]], device='cuda:0'))
target.shape: torch.Size([63784])
topk target: torch.return_types.topk(
values=tensor([102236.0938, 102185.0938, 102184.5938, 102180.0938, 102178.5938],
       device='cuda:0'),
indices=tensor([18329, 20233, 23087, 21660, 20234], device='cuda:0'))
titles: pres_0s (Pa), t=9 (27 h)
vmin: 96962.9453125, vmax: 106106.3515625
topk samples: torch.return_types.topk(
values=tensor([[103641.8125, 103183.3828, 102938.0547, 102918.8594, 102893.1562],
        [106106.3516, 105656.2188, 105030.2109, 104775.3281, 103918.7344],
        [103505.0703, 102994.4922, 102595.3906, 102589.2266, 102583.0469],
        [105727.5312, 105144.4922, 103866.7500, 103052.5781, 103043.3750],
        [104457.8828, 104445.2422, 103960.2578, 103025.5469, 102620.8750]],
       device='cuda:0'),
indices=tensor([[39518,  3316,  4547,  5224,  8615],
        [50263, 51806, 22624, 18717, 17874],
        [51593,  5187, 14459,  2489,  3510],
        [44685, 12148,  9920,  5663,  2511],
        [53425,  7510, 45804,  9238, 10811]], device='cuda:0'))
target.shape: torch.Size([63784])
topk target: torch.return_types.topk(
values=tensor([102193.7344, 102183.4844, 102182.7969, 102182.4844, 102182.3594],
       device='cuda:0'),
indices=tensor([19278, 19518, 19756, 19992, 19517], device='cuda:0'))
titles: nlwrs_0 (W/m²), t=9 (27 h)
vmin: -1454657.5, vmax: 914207.25
topk samples: torch.return_types.topk(
values=tensor([[452286.0938, 287288.5000, 264411.5625, 228726.3750, 219070.3438],
        [914207.2500, 310010.6562, 249482.7500, 246940.2188, 233201.6250],
        [439249.5312, 258940.0938, 231310.0312, 195316.3750, 195190.2500],
        [318012.5000, 250859.5625, 233252.6562, 224659.6250, 210917.7188],
        [445465.4062, 318775.4688, 274915.8438, 198668.2812, 198278.4375]],
       device='cuda:0'),
indices=tensor([[25114, 14530, 58944,  9530, 10246],
        [51806, 33243, 27015, 16030, 30107],
        [41118, 24569,  9808, 24335, 36202],
        [27111,  2957, 24651, 28973,  5102],
        [53425, 45804, 52934, 33006, 40015]], device='cuda:0'))
target.shape: torch.Size([63784])
topk target: torch.return_types.topk(
values=tensor([49266., 42354., 33650., 33394., 33138.], device='cuda:0'),
indices=tensor([44624, 44625, 42480, 25398, 24919], device='cuda:0'))
titles: nswrs_0 (W/m²), t=9 (27 h)
vmin: -3073193.5, vmax: 1997284.0
topk samples: torch.return_types.topk(
values=tensor([[1784161.5000, 1754656.5000, 1704558.5000, 1651784.7500, 1619946.2500],
        [1965424.0000, 1682289.2500, 1662021.2500, 1629809.2500, 1616105.5000],
        [1997284.0000, 1589867.0000, 1581675.0000, 1566827.0000, 1563243.0000],
        [1967213.0000, 1755675.0000, 1732448.0000, 1684153.5000, 1650106.5000],
        [1589867.0000, 1581675.0000, 1566827.0000, 1563243.0000, 1554539.0000]],
       device='cuda:0'),
indices=tensor([[ 2406, 22858,  2405, 56416, 53084],
        [48328, 53084, 48089, 54750, 49276],
        [ 2396, 63071, 63309, 62833, 63310],
        [ 2403, 18336,  2404, 17860, 51180],
        [63071, 63309, 62833, 63310, 63072]], device='cuda:0'))
target.shape: torch.Size([63784])
topk target: torch.return_types.topk(
values=tensor([1589867., 1581675., 1566827., 1563243., 1554539.], device='cuda:0'),
indices=tensor([63071, 63309, 62833, 63310, 63072], device='cuda:0'))
titles: r_2 (-), t=9 (27 h)
vmin: 0.3439880311489105, vmax: 1.226028323173523
topk samples: torch.return_types.topk(
values=tensor([[1.2049, 1.1762, 1.1624, 1.1385, 1.1372],
        [1.1965, 1.1866, 1.1558, 1.1520, 1.1474],
        [1.1575, 1.1494, 1.1420, 1.1409, 1.1364],
        [1.2260, 1.1527, 1.1475, 1.1358, 1.1340],
        [1.2066, 1.2033, 1.1485, 1.1439, 1.1417]], device='cuda:0'),
indices=tensor([[ 5526, 19632, 12592,  6626, 40138],
        [20291, 17874, 16922, 13711, 12119],
        [ 9460, 23392, 24587, 28148, 24813],
        [29451, 46547, 60342, 42722, 14697],
        [10966, 28775, 12362, 27937, 24587]], device='cuda:0'))
target.shape: torch.Size([63784])
topk target: torch.return_types.topk(
values=tensor([1.0000, 1.0000, 1.0000, 1.0000, 1.0000], device='cuda:0'),
indices=tensor([1352, 1048, 2728, 4968, 4926], device='cuda:0'))
titles: r_65 (-), t=9 (27 h)
vmin: 0.36065125465393066, vmax: 1.2697958946228027
topk samples: torch.return_types.topk(
values=tensor([[1.2542, 1.2241, 1.1832, 1.1821, 1.1806],
        [1.2698, 1.1960, 1.1715, 1.1712, 1.1704],
        [1.2006, 1.1987, 1.1940, 1.1896, 1.1852],
        [1.2150, 1.1843, 1.1811, 1.1793, 1.1782],
        [1.2484, 1.2049, 1.1762, 1.1702, 1.1701]], device='cuda:0'),
indices=tensor([[27117,  5526,  6883, 27811, 12592],
        [27015, 42486, 16030, 12117, 27213],
        [11220, 23392, 24335,  5929, 28144],
        [46547,  2957, 13994, 15651, 17553],
        [53425, 27204, 40195, 22599,  3716]], device='cuda:0'))
target.shape: torch.Size([63784])
topk target: torch.return_types.topk(
values=tensor([1.0000, 1.0000, 1.0000, 1.0000, 1.0000], device='cuda:0'),
indices=tensor([ 6644,  5682,  8021, 21479,  8022], device='cuda:0'))
titles: t_2 (K), t=9 (27 h)
vmin: 249.48452758789062, vmax: 312.0045471191406
topk samples: torch.return_types.topk(
values=tensor([[308.8734, 306.7094, 300.9837, 300.5546, 300.3031],
        [312.0045, 299.6779, 298.7725, 298.5639, 298.0523],
        [304.4714, 299.5229, 299.4751, 299.3406, 299.2767],
        [306.6158, 302.8588, 300.4185, 299.7115, 299.6182],
        [310.6834, 304.2126, 301.0046, 300.2073, 299.6245]], device='cuda:0'),
indices=tensor([[ 5615,  4394,  8615,  8346,  2462],
        [18717, 10501,  2560, 16344,  2571],
        [ 7511, 20168,  2557,  3201,  2555],
        [ 9920, 24651,  5623, 11593,  2511],
        [ 7510, 22577, 18978, 18281,  5383]], device='cuda:0'))
target.shape: torch.Size([63784])
topk target: torch.return_types.topk(
values=tensor([293.7007, 293.6919, 293.6606, 293.6425, 293.6250], device='cuda:0'),
indices=tensor([2765,  830,  831,  828, 3704], device='cuda:0'))
titles: t_65 (K), t=9 (27 h)
vmin: 260.4517822265625, vmax: 308.951171875
topk samples: torch.return_types.topk(
values=tensor([[304.2524, 300.8138, 300.2344, 299.0573, 299.0292],
        [308.9512, 299.0088, 298.2401, 298.1442, 298.0876],
        [299.6624, 299.5371, 299.1475, 299.1448, 299.1429],
        [301.7376, 301.7278, 301.0710, 300.1670, 299.4524],
        [302.0828, 301.7779, 300.7754, 298.9783, 298.6140]], device='cuda:0'),
indices=tensor([[ 4394,  8615, 15590, 11626,  9915],
        [18717, 15854,  4587,  5312,  2803],
        [ 3025,  3027,  3972,  7307,  3262],
        [ 9920, 24651, 29451,  2689,  2909],
        [10811,  7510,  3105,  4008, 12799]], device='cuda:0'))
target.shape: torch.Size([63784])
topk target: torch.return_types.topk(
values=tensor([294.3204, 294.1334, 293.8517, 293.8487, 293.8390], device='cuda:0'),
indices=tensor([3004, 4488, 2827, 2766, 2588], device='cuda:0'))
titles: t_500 (K), t=9 (27 h)
vmin: 199.2220916748047, vmax: 298.8985290527344
topk samples: torch.return_types.topk(
values=tensor([[279.4894, 274.7068, 274.2741, 270.5388, 270.0755],
        [298.8985, 283.5138, 280.1939, 277.6253, 275.7992],
        [277.6678, 275.3350, 273.1396, 272.8247, 271.7805],
        [272.8004, 272.5107, 271.3448, 270.9332, 270.6935],
        [273.1341, 269.2800, 268.9402, 268.7220, 268.5336]], device='cuda:0'),
indices=tensor([[ 4394, 15443,  8615, 13069,  2702],
        [18717, 17874, 31598,  3721, 50263],
        [22047, 14459,  7074, 20168,  3885],
        [44685,  9920, 13450,  2842,  2570],
        [ 7510,  3105, 18978, 29047,  2607]], device='cuda:0'))
target.shape: torch.Size([63784])
topk target: torch.return_types.topk(
values=tensor([260.5466, 260.5427, 260.5354, 260.5285, 260.5266], device='cuda:0'),
indices=tensor([338, 339, 337, 340, 336], device='cuda:0'))
titles: t_850 (K), t=9 (27 h)
vmin: 248.7201690673828, vmax: 297.5439758300781
topk samples: torch.return_types.topk(
values=tensor([[297.5440, 293.2849, 290.8493, 290.5341, 290.4548],
        [293.8345, 293.4896, 291.2102, 290.4144, 290.3663],
        [294.1834, 292.3277, 292.2707, 291.5036, 291.4411],
        [291.5254, 291.1567, 291.1112, 291.0877, 290.7386],
        [294.3475, 294.1096, 292.0842, 291.9173, 291.9003]], device='cuda:0'),
indices=tensor([[ 4394,  9984,  4984,  5458, 11346],
        [ 5216, 18717,  3068,  3080,  4019],
        [ 5893,  7074,  9238, 16886, 14459],
        [ 9509,  4985, 11651,  5663,  3996],
        [ 7510, 18978,  3105,  8024,  8022]], device='cuda:0'))
target.shape: torch.Size([63784])
topk target: torch.return_types.topk(
values=tensor([285.5482, 285.5316, 285.5252, 285.5228, 285.5091], device='cuda:0'),
indices=tensor([15220, 15933, 15457, 16171, 15459], device='cuda:0'))
titles: u_65 (m/s), t=9 (27 h)
vmin: -16.65701675415039, vmax: 22.405677795410156
topk samples: torch.return_types.topk(
values=tensor([[11.4843, 11.0440, 10.7116, 10.6442, 10.4852],
        [12.4068, 11.4750, 11.3941, 11.3528, 11.2640],
        [13.2107, 11.9960, 11.4724, 11.4630, 11.3731],
        [22.4057, 14.3730, 11.2384, 10.7612, 10.3138],
        [12.3548, 11.8239, 11.6822, 11.4463, 11.2488]], device='cuda:0'),
indices=tensor([[56393, 56870, 55918,  9652, 49538],
        [11478, 13385, 11792, 11711, 11475],
        [11548, 12501, 12015, 11788, 12500],
        [29451, 24651, 60201, 60915, 12508],
        [10811, 16556, 56496, 15839, 55546]], device='cuda:0'))
target.shape: torch.Size([63784])
topk target: torch.return_types.topk(
values=tensor([16.4416, 16.1496, 16.0666, 16.0500, 15.9670], device='cuda:0'),
indices=tensor([46960, 49586, 46722, 49578, 48868], device='cuda:0'))
titles: u_850 (m/s), t=9 (27 h)
vmin: -24.63687515258789, vmax: 19.688987731933594
topk samples: torch.return_types.topk(
values=tensor([[12.6511, 12.3316, 12.3218, 12.3111, 12.3013],
        [16.6583, 12.3316, 12.3218, 12.3111, 12.3013],
        [12.3815, 12.3316, 12.3218, 12.3111, 12.3013],
        [12.3316, 12.3218, 12.3111, 12.3013, 12.2700],
        [14.1055, 13.7855, 13.2569, 12.9084, 12.8787]], device='cuda:0'),
indices=tensor([[56632, 20935, 21413, 20697, 21648],
        [10501, 20935, 21413, 20697, 21648],
        [11548, 20935, 21413, 20697, 21648],
        [20935, 21413, 20697, 21648, 49498],
        [ 2392, 55273,  2629, 53803,  2391]], device='cuda:0'))
target.shape: torch.Size([63784])
topk target: torch.return_types.topk(
values=tensor([19.6890, 18.8784, 18.8306, 18.7359, 18.7017], device='cuda:0'),
indices=tensor([46958, 47202, 46720, 23072, 46959], device='cuda:0'))
titles: v_65 (m/s), t=9 (27 h)
vmin: -18.845792770385742, vmax: 16.658374786376953
topk samples: torch.return_types.topk(
values=tensor([[16.6584,  9.4414,  9.0554,  7.9898,  7.9674],
        [15.1688,  8.0303,  7.2153,  7.1906,  6.6861],
        [10.1024,  9.9882,  9.8898,  9.4352,  9.3763],
        [ 8.5450,  7.4850,  7.3207,  7.2510,  7.2134],
        [11.7567, 11.0793, 10.8625, 10.6004, 10.5722]], device='cuda:0'),
indices=tensor([[30203,  3349, 58944,  6927,  3111],
        [47968,  6203,  2629,  6917,  5967],
        [ 6925,  5968,  5495,  8349,  7640],
        [29451,  8106,  7866,  5729,  5968],
        [ 6212,  5732,  7398,  2876,  3827]], device='cuda:0'))
target.shape: torch.Size([63784])
topk target: torch.return_types.topk(
values=tensor([11.2410, 11.1404, 10.6384, 10.4919,  9.6111], device='cuda:0'),
indices=tensor([49162, 49161, 51307, 50360, 49397], device='cuda:0'))
titles: v_850 (m/s), t=9 (27 h)
vmin: -39.596893310546875, vmax: 14.476493835449219
topk samples: torch.return_types.topk(
values=tensor([[11.8554, 11.7783, 11.5165, 11.5146, 11.3652],
        [11.8554, 11.7783, 11.5165, 11.5146, 11.3652],
        [11.8554, 11.7783, 11.5165, 11.5146, 11.3767],
        [11.8554, 11.7783, 11.5165, 11.5146, 11.3652],
        [12.4434, 11.8554, 11.7783, 11.5165, 11.5146]], device='cuda:0'),
indices=tensor([[62674, 62911, 25698, 63149, 61962],
        [62674, 62911, 25698, 63149, 61962],
        [62674, 62911, 25698, 63149, 45565],
        [62674, 62911, 25698, 63149, 61962],
        [10966, 62674, 62911, 25698, 63149]], device='cuda:0'))
target.shape: torch.Size([63784])
topk target: torch.return_types.topk(
values=tensor([14.4765, 13.9706, 13.6777, 13.3466, 13.1845], device='cuda:0'),
indices=tensor([11848, 24973, 23785, 25212, 11610], device='cuda:0'))
titles: wvint_0 (kg/m²), t=9 (27 h)
vmin: 0.3247089385986328, vmax: 52.40549087524414
topk samples: torch.return_types.topk(
values=tensor([[52.4055, 50.9366, 50.5662, 50.0131, 49.8611],
        [50.1628, 50.0021, 49.4145, 48.9120, 48.8560],
        [51.5667, 49.2391, 48.8891, 48.6135, 48.5792],
        [50.9308, 49.3312, 49.2776, 48.6129, 48.5361],
        [49.0836, 48.8052, 48.7070, 48.3903, 48.3871]], device='cuda:0'),
indices=tensor([[10182,  5407, 12833,  6594,  9677],
        [10880, 12119,  8985,  8303, 11114],
        [ 9460, 13551,  7307, 11412,  8988],
        [ 4673,  9920,  5147,  4196,  4665],
        [ 7597,  7784, 19466,  8023,  8021]], device='cuda:0'))
target.shape: torch.Size([63784])
topk target: torch.return_types.topk(
values=tensor([38.8826, 38.7274, 38.7059, 38.6619, 38.1043], device='cuda:0'),
indices=tensor([21640, 24262, 22835, 14705, 21880], device='cuda:0'))
titles: z_1000 (m²/s²), t=9 (27 h)
vmin: -3019.256591796875, vmax: 5444.33740234375
topk samples: torch.return_types.topk(
values=tensor([[3711.5825, 3333.5474, 2433.7173, 2397.9866, 2245.8477],
        [5444.3374, 4254.1616, 3434.9888, 2700.7100, 2415.8977],
        [3278.3936, 2364.0640, 2088.5933, 2049.6394, 2028.4458],
        [4744.6641, 3982.8997, 2932.4548, 2580.7495, 2412.1609],
        [3662.4360, 2786.4148, 2264.9165, 2127.6060, 2058.4141]],
       device='cuda:0'),
indices=tensor([[39518, 51189, 26435,  3316,  5224],
        [50263, 51806, 22624, 35680, 41613],
        [ 5187, 47862,  4160,  9808,  3547],
        [44685, 12148,  9920, 34616,  9019],
        [ 7510, 11135, 10811, 45230,  8024]], device='cuda:0'))
target.shape: torch.Size([63784])
topk target: torch.return_types.topk(
values=tensor([1770.5543, 1764.7418, 1764.1168, 1763.3981, 1763.1481],
       device='cuda:0'),
indices=tensor([19516, 20232, 20470, 20708, 19994], device='cuda:0'))
titles: z_500 (m²/s²), t=9 (27 h)
vmin: 43287.6796875, vmax: 63561.83203125
topk samples: torch.return_types.topk(
values=tensor([[62407.9961, 59434.3086, 59154.3047, 58898.8242, 58541.5898],
        [63561.8320, 62868.2070, 61302.7773, 59061.1641, 58572.1836],
        [59054.9531, 58978.3203, 58511.8438, 58372.4922, 58244.7891],
        [62859.1953, 59800.4922, 59604.3477, 59085.8281, 58773.7305],
        [60697.8672, 60370.5469, 58979.6719, 58603.5859, 58440.6211]],
       device='cuda:0'),
indices=tensor([[51189,  4394,  2965, 15443,  3316],
        [18717, 50263, 17874, 51806,  3721],
        [14459,  3885,  5187, 16886,  2516],
        [44685, 12148,  9920,  5663,  2573],
        [ 7510, 10811, 18978,  8024,  3105]], device='cuda:0'))
target.shape: torch.Size([63784])
topk target: torch.return_types.topk(
values=tensor([56354.9375, 56354.5625, 56354.4375, 56354.1875, 56353.9375],
       device='cuda:0'),
indices=tensor([268, 269, 267, 265, 264], device='cuda:0'))
titles: pres_0g (Pa), t=10 (30 h)
vmin: 78952.59375, vmax: 114688.734375
topk samples: torch.return_types.topk(
values=tensor([[109187.6953, 107088.7969, 105516.3516, 104914.1094, 104802.0078],
        [107220.7969, 106870.3516, 105646.4141, 105264.4453, 105174.9688],
        [107074.0000, 105119.6641, 104930.0781, 104299.9453, 104099.0078],
        [111461.2031, 107697.8359, 106066.2500, 105241.9141, 104382.9609],
        [114688.7344, 107269.7969, 107164.8984, 107032.6562, 105789.7344]],
       device='cuda:0'),
indices=tensor([[26435,  8615, 39518,  3457, 15590],
        [54188, 51806, 22624, 21360, 18717],
        [41942, 21263,  5187, 60024, 33142],
        [44685, 12148, 29451, 50296, 50885],
        [45804, 57710, 17905, 10811, 53425]], device='cuda:0'))
target.shape: torch.Size([63784])
topk target: torch.return_types.topk(
values=tensor([102270.2500, 102213.7500, 102212.2500, 102209.7500, 102209.7500],
       device='cuda:0'),
indices=tensor([18329, 23087, 24044, 23092, 21182], device='cuda:0'))
titles: pres_0s (Pa), t=10 (30 h)
vmin: 96846.1953125, vmax: 106392.9296875
topk samples: torch.return_types.topk(
values=tensor([[103917.2031, 103055.4141, 103046.3125, 103028.3750, 102812.5859],
        [106392.9297, 106169.2500, 104984.7031, 104523.8984, 103790.5312],
        [103244.3203, 102945.1094, 102786.9609, 102697.1875, 102595.5234],
        [105732.1562, 104976.7422, 103789.1875, 103077.0078, 102931.6641],
        [104756.5547, 104542.0781, 103815.4766, 103324.8672, 103014.6875]],
       device='cuda:0'),
indices=tensor([[39518,  3316,  5224,  4547, 10885],
        [51806, 50263, 22624, 18717, 17874],
        [51593,  5187,  2484,  3510,  2489],
        [44685, 12148,  9920,  5663,  2511],
        [53425,  7510, 45804, 49993, 10811]], device='cuda:0'))
target.shape: torch.Size([63784])
topk target: torch.return_types.topk(
values=tensor([102258.6953, 102253.1953, 102252.3828, 102251.3828, 102244.1328],
       device='cuda:0'),
indices=tensor([19278, 18802, 19040, 18564, 18326], device='cuda:0'))
titles: nlwrs_0 (W/m²), t=10 (30 h)
vmin: -1622461.25, vmax: 940626.75
topk samples: torch.return_types.topk(
values=tensor([[262489.7500, 238056.4375, 214685.6562, 193488.3750, 188461.8125],
        [940626.7500, 554596.5000, 321400.4062, 240363.2812, 210466.6875],
        [311400.0312, 280126.9062, 254130.9375, 191411.1875, 176035.7812],
        [361491.0938, 347182.6562, 270432.8750, 236215.0000, 235036.9688],
        [735715.0000, 340244.4688, 250827.5312, 217685.5312, 217450.6250]],
       device='cuda:0'),
indices=tensor([[25114, 14530, 26883, 29225, 27117],
        [51806, 16922, 33243, 18503, 26767],
        [41118, 22867, 28205, 24569, 32030],
        [ 2957, 29451, 27111, 30212, 12148],
        [53425, 45804, 16957, 35138, 21793]], device='cuda:0'))
target.shape: torch.Size([63784])
topk target: torch.return_types.topk(
values=tensor([56401., 45393., 40529., 38737., 33105.], device='cuda:0'),
indices=tensor([24919, 24679, 24680, 28618, 24678], device='cuda:0'))
titles: nswrs_0 (W/m²), t=10 (30 h)
vmin: -2880682.25, vmax: 2382798.0
topk samples: torch.return_types.topk(
values=tensor([[1693578.0000,  983973.9375,  949403.3750,  801400.0000,  769953.7500],
        [2382798.0000, 1383433.7500,  788890.4375,  653785.4375,  636646.5000],
        [1020360.9375,  765783.3750,  732064.8750,  709936.5000,  707588.0000],
        [1355203.0000, 1034108.8750,  766275.1250,  739785.7500,  732718.8750],
        [ 937149.1875,  889074.9375,  755160.3125,  741686.8125,  735608.8750]],
       device='cuda:0'),
indices=tensor([[28215, 17102,  6004, 12821,  3963],
        [55812, 28639, 17796, 19015, 12070],
        [13286, 12317, 11649, 12603, 14703],
        [29451,  8273,  5174, 24208,  8276],
        [ 5442, 20433, 24724, 28294,  7604]], device='cuda:0'))
target.shape: torch.Size([63784])
topk target: torch.return_types.topk(
values=tensor([76288., 74240., 73728., 72704., 71680.], device='cuda:0'),
indices=tensor([63309, 63071, 63310, 62833, 63072], device='cuda:0'))
titles: r_2 (-), t=10 (30 h)
vmin: 0.3273954689502716, vmax: 1.3373181819915771
topk samples: torch.return_types.topk(
values=tensor([[1.3373, 1.1926, 1.1657, 1.1650, 1.1309],
        [1.2185, 1.1627, 1.1564, 1.1485, 1.1420],
        [1.1509, 1.1489, 1.1340, 1.1255, 1.1234],
        [1.1518, 1.1403, 1.1320, 1.1298, 1.1224],
        [1.3088, 1.2579, 1.1672, 1.1652, 1.1620]], device='cuda:0'),
indices=tensor([[28215, 31711, 29588, 27308, 23858],
        [17874, 34117, 26767, 12119, 16030],
        [25412, 28205, 28148, 29106, 35594],
        [27440, 60342, 42722, 31128, 28157],
        [28294, 20433, 29831, 19900, 31257]], device='cuda:0'))
target.shape: torch.Size([63784])
topk target: torch.return_types.topk(
values=tensor([1.0000, 1.0000, 1.0000, 1.0000, 1.0000], device='cuda:0'),
indices=tensor([1355,  818, 3036, 3979, 3275], device='cuda:0'))
titles: r_65 (-), t=10 (30 h)
vmin: 0.32333675026893616, vmax: 1.3801052570343018
topk samples: torch.return_types.topk(
values=tensor([[1.2140, 1.1842, 1.1737, 1.1735, 1.1700],
        [1.2333, 1.2263, 1.1897, 1.1732, 1.1514],
        [1.3801, 1.1956, 1.1790, 1.1760, 1.1724],
        [1.2188, 1.1981, 1.1824, 1.1800, 1.1681],
        [1.2034, 1.1858, 1.1825, 1.1707, 1.1654]], device='cuda:0'),
indices=tensor([[27918, 27681, 28149, 27117,  5152],
        [27015, 28392, 42486, 20530, 40799],
        [25412, 24335, 50379, 45582, 29106],
        [28148, 31015, 27440, 31037, 46835],
        [35138, 31257, 20433, 29831, 24591]], device='cuda:0'))
target.shape: torch.Size([63784])
topk target: torch.return_types.topk(
values=tensor([1.0000, 1.0000, 1.0000, 1.0000, 1.0000], device='cuda:0'),
indices=tensor([5682, 1355, 7316, 7792, 7554], device='cuda:0'))
titles: t_2 (K), t=10 (30 h)
vmin: 253.37017822265625, vmax: 309.73675537109375
topk samples: torch.return_types.topk(
values=tensor([[305.0197, 304.8882, 300.9030, 300.7012, 299.5663],
        [309.7368, 299.0941, 297.3897, 297.0383, 296.9716],
        [300.3812, 300.1493, 299.9562, 298.9275, 298.5779],
        [302.7693, 298.9290, 298.7501, 298.5035, 298.2024],
        [309.2607, 303.3034, 302.7228, 302.1835, 299.9935]], device='cuda:0'),
indices=tensor([[ 5615,  4394,  9954,  8346,  8615],
        [18717, 10501, 12580, 17060,  2578],
        [ 7511,  3009,  2557,  2555, 20168],
        [ 9920,  5060, 24651,  7309,  2511],
        [ 7510, 22577, 18978, 18281, 10811]], device='cuda:0'))
target.shape: torch.Size([63784])
topk target: torch.return_types.topk(
values=tensor([292.4323, 292.3786, 292.2448, 292.2404, 292.1730], device='cuda:0'),
indices=tensor([3305, 3065, 3066, 3706, 3189], device='cuda:0'))
titles: t_65 (K), t=10 (30 h)
vmin: 257.70635986328125, vmax: 306.96722412109375
topk samples: torch.return_types.topk(
values=tensor([[303.5358, 299.4182, 298.9216, 298.7243, 298.4235],
        [306.9672, 296.5498, 296.4543, 296.3956, 296.3447],
        [298.7454, 297.9681, 297.8863, 297.5651, 297.5581],
        [300.1784, 299.2976, 298.2812, 298.1382, 298.0198],
        [302.6445, 302.4093, 299.7367, 299.4782, 299.0555]], device='cuda:0'),
indices=tensor([[ 4394, 15590,  9954,  8615, 11626],
        [18717,  3041, 17408,  3750,  9687],
        [20168,  2557,  3262,  2487, 14459],
        [ 9920,  7309,  7310,  3720,  9593],
        [10811,  7510,  3105,  4008, 18978]], device='cuda:0'))
target.shape: torch.Size([63784])
topk target: torch.return_types.topk(
values=tensor([292.7610, 292.7487, 292.6921, 292.5066, 292.4807], device='cuda:0'),
indices=tensor([3304, 3066, 3305, 3065, 2828], device='cuda:0'))
titles: t_500 (K), t=10 (30 h)
vmin: 198.37380981445312, vmax: 298.57867431640625
topk samples: torch.return_types.topk(
values=tensor([[278.1514, 274.6849, 273.8808, 272.2103, 270.5053],
        [298.5787, 289.1914, 276.9737, 276.5745, 275.8660],
        [278.0261, 276.0809, 272.5931, 270.5907, 270.5765],
        [276.0821, 272.3029, 272.1763, 270.5724, 270.2386],
        [273.8043, 271.8720, 270.7555, 270.4212, 268.7211]], device='cuda:0'),
indices=tensor([[ 4394,  8615, 51189, 15443, 13069],
        [18717, 17874, 31598,  3721, 51806],
        [22047, 14459,  7074, 20168,  3885],
        [44685, 47036,  9920, 14506,  2440],
        [18978, 10811,  3105,  7510, 29047]], device='cuda:0'))
target.shape: torch.Size([63784])
topk target: torch.return_types.topk(
values=tensor([260.9308, 260.9216, 260.9147, 260.9142, 260.9064], device='cuda:0'),
indices=tensor([23086, 23325, 23087, 23324, 23563], device='cuda:0'))
titles: t_850 (K), t=10 (30 h)
vmin: 247.9736785888672, vmax: 297.2314147949219
topk samples: torch.return_types.topk(
values=tensor([[297.2314, 291.8677, 291.8277, 291.1802, 290.7408],
        [292.7654, 292.4700, 291.7414, 290.2157, 290.0696],
        [293.1699, 291.5461, 291.2145, 291.0466, 290.8398],
        [291.6628, 291.0288, 290.6647, 290.6623, 290.4638],
        [294.1977, 293.9746, 293.7013, 291.8853, 290.4279]], device='cuda:0'),
indices=tensor([[ 4394, 17102,  9984, 12299, 11141],
        [ 3080, 18717,  5216,  5070,  2803],
        [ 5893, 16886, 14459,  7074, 13317],
        [ 6817,  8520,  5877,  3254,  9593],
        [ 8024, 18978,  7510,  8022,  3105]], device='cuda:0'))
target.shape: torch.Size([63784])
topk target: torch.return_types.topk(
values=tensor([285.3127, 285.2614, 285.2097, 285.2072, 285.2072], device='cuda:0'),
indices=tensor([17607, 17369, 17130, 17845, 17131], device='cuda:0'))
titles: u_65 (m/s), t=10 (30 h)
vmin: -20.562559127807617, vmax: 17.259254455566406
topk samples: torch.return_types.topk(
values=tensor([[11.7061, 11.2968, 10.7489, 10.7382, 10.6365],
        [14.0102, 11.9046, 11.5502, 11.4762, 11.4359],
        [12.9035, 12.7071, 12.4736, 12.0401, 11.8893],
        [14.7678, 10.2438, 10.2304,  9.8451,  9.8018],
        [14.9196, 12.4528, 12.0450, 11.9214, 11.8791]], device='cuda:0'),
indices=tensor([[51225, 16245, 17102, 50037, 49326],
        [12674, 13152, 11792, 12672, 12435],
        [11550, 11310, 18399, 11788, 12036],
        [29451, 59962, 15529, 60678,  9390],
        [58398, 53085, 53323, 56973, 55782]], device='cuda:0'))
target.shape: torch.Size([63784])
topk target: torch.return_types.topk(
values=tensor([17.2593, 16.7905, 16.6723, 15.9780, 15.7641], device='cuda:0'),
indices=tensor([47439, 46265, 47677, 47201, 45780], device='cuda:0'))
titles: u_850 (m/s), t=10 (30 h)
vmin: -27.213714599609375, vmax: 26.277257919311523
topk samples: torch.return_types.topk(
values=tensor([[18.6155, 16.8091, 16.2904, 15.9349, 15.6967],
        [16.2904, 15.9349, 15.6967, 15.6800, 15.6674],
        [16.5956, 16.2904, 15.9349, 15.6967, 15.6800],
        [16.2904, 15.9349, 15.6967, 15.6800, 15.6674],
        [26.2773, 16.2904, 16.2829, 16.0877, 16.0747]], device='cuda:0'),
indices=tensor([[ 6004, 29476, 23083, 24266, 24504],
        [23083, 24266, 24504, 24271, 24505],
        [50293, 23083, 24266, 24504, 24271],
        [23083, 24266, 24504, 24271, 24505],
        [20433, 23083, 53324, 53799, 53560]], device='cuda:0'))
target.shape: torch.Size([63784])
topk target: torch.return_types.topk(
values=tensor([20.7465, 20.0023, 19.6761, 19.6420, 19.5404], device='cuda:0'),
indices=tensor([46014, 47437, 47199, 46962, 47200], device='cuda:0'))
titles: v_65 (m/s), t=10 (30 h)
vmin: -20.65507698059082, vmax: 12.915956497192383
topk samples: torch.return_types.topk(
values=tensor([[10.6747,  9.7460,  9.7398,  8.9610,  8.8369],
        [ 9.6369,  6.9742,  6.8847,  6.6082,  6.6001],
        [10.1719,  9.8914,  9.6516,  9.5875,  9.5021],
        [ 9.0058,  7.7503,  6.8936,  6.7762,  6.7555],
        [12.2709, 11.5030, 11.2742, 11.1434, 10.9440]], device='cuda:0'),
indices=tensor([[ 3590,  3591,  6218,  3349,  4305],
        [47968,  6686, 59365,  6204,  4302],
        [ 8588,  6925, 10741,  8115,  7637],
        [53714, 49714, 55859, 55622,  7870],
        [ 7404,  6925,  5978,  6452,  5972]], device='cuda:0'))
target.shape: torch.Size([63784])
topk target: torch.return_types.topk(
values=tensor([12.9160, 11.5078, 10.6650, 10.4472, 10.2412], device='cuda:0'),
indices=tensor([51544, 51307, 49162, 53698, 53461], device='cuda:0'))
titles: v_850 (m/s), t=10 (30 h)
vmin: -30.22829818725586, vmax: 13.495288848876953
topk samples: torch.return_types.topk(
values=tensor([[13.1857, 12.7121, 12.5607, 12.5283, 12.3752],
        [13.1857, 12.7121, 12.5607, 12.3752, 12.2228],
        [13.1857, 12.7121, 12.5607, 12.3752, 12.2228],
        [13.1857, 12.7121, 12.5607, 12.3752, 12.2228],
        [13.1857, 12.7121, 12.5607, 12.3752, 12.2228]], device='cuda:0'),
indices=tensor([[26653, 27602, 27603, 36127, 27840],
        [26653, 27602, 27603, 27840, 27842],
        [26653, 27602, 27603, 27840, 27842],
        [26653, 27602, 27603, 27840, 27842],
        [26653, 27602, 27603, 27840, 27842]], device='cuda:0'))
target.shape: torch.Size([63784])
topk target: torch.return_types.topk(
values=tensor([13.4953, 13.3703, 13.3527, 13.3449, 13.1857], device='cuda:0'),
indices=tensor([13523, 16616, 16855, 13761, 26653], device='cuda:0'))
titles: wvint_0 (kg/m²), t=10 (30 h)
vmin: -0.889653205871582, vmax: 51.38957214355469
topk samples: torch.return_types.topk(
values=tensor([[51.3896, 51.1052, 48.8687, 48.8441, 48.7204],
        [49.9867, 49.6993, 48.9175, 48.6453, 48.2341],
        [48.6739, 47.9835, 47.1259, 47.0121, 46.8985],
        [49.5335, 47.7687, 47.7166, 47.2263, 47.1066],
        [49.8850, 47.2038, 47.1403, 46.9120, 46.7026]], device='cuda:0'),
indices=tensor([[36127,  9915, 10393,  9919, 10156],
        [12781, 12119, 10891, 12314, 11826],
        [11854, 10663, 17601,  8741,  4217],
        [10697,  5379,  9180,  3482, 13023],
        [ 7510, 20639, 17099,  9745,  7077]], device='cuda:0'))
target.shape: torch.Size([63784])
topk target: torch.return_types.topk(
values=tensor([38.7745, 37.4816, 37.3487, 37.2560, 36.6271], device='cuda:0'),
indices=tensor([18048, 21381, 17811, 17810,  8448], device='cuda:0'))
titles: z_1000 (m²/s²), t=10 (30 h)
vmin: -3056.06689453125, vmax: 5503.75537109375
topk samples: torch.return_types.topk(
values=tensor([[3770.6914, 3757.2932, 2440.7847, 2383.3076, 2344.0295],
        [5503.7554, 4883.8511, 3497.4280, 2514.3643, 2299.2161],
        [3115.9966, 2470.1936, 2224.2878, 2092.4399, 2061.2222],
        [4697.3628, 3722.1887, 2886.8027, 2883.4399, 2523.8313],
        [3807.6030, 2691.9917, 2439.2830, 2155.2195, 2134.6382]],
       device='cuda:0'),
indices=tensor([[51189, 39518,  6004,  2596,  3316],
        [50263, 51806, 22624, 35680, 14652],
        [ 5187, 47862,  2727,  2735,  4160],
        [44685, 12148, 29451,  9920, 34616],
        [ 7510, 11135, 10811,  8024,  3165]], device='cuda:0'))
target.shape: torch.Size([63784])
topk target: torch.return_types.topk(
values=tensor([1793.9846, 1788.1409, 1786.3596, 1784.4534, 1781.9534],
       device='cuda:0'),
indices=tensor([19516, 19040, 18802, 20230, 18564], device='cuda:0'))
titles: z_500 (m²/s²), t=10 (30 h)
vmin: 43004.73046875, vmax: 63135.98828125
topk samples: torch.return_types.topk(
values=tensor([[62715.3242, 60004.3047, 59207.7930, 58779.9609, 58440.8047],
        [63135.9883, 62472.5312, 61580.5273, 60623.8906, 58677.2305],
        [59040.3281, 58739.2617, 58496.5391, 58343.1602, 58337.9258],
        [62885.1641, 59652.7852, 59507.3789, 59460.6680, 58579.5117],
        [60757.3281, 60756.7266, 59322.7070, 58797.2969, 58478.7812]],
       device='cuda:0'),
indices=tensor([[51189,  2965,  4394, 16173,  3316],
        [18717, 50263, 17874, 51806,  7521],
        [ 3885, 14459,  5187,  2476,  6591],
        [44685,  9920, 12148,  5663,  9593],
        [10811,  7510, 18978,  8024,  4008]], device='cuda:0'))
target.shape: torch.Size([63784])
topk target: torch.return_types.topk(
values=tensor([56377.0977, 56376.4727, 56375.5977, 56375.4727, 56375.0977],
       device='cuda:0'),
indices=tensor([265, 264, 262, 263, 261], device='cuda:0'))
titles: pres_0g (Pa), t=11 (33 h)
vmin: 78833.40625, vmax: 114231.921875
topk samples: torch.return_types.topk(
values=tensor([[109066.2188, 107130.6406, 105460.4922, 104774.7266, 104655.0078],
        [107258.2422, 107003.2422, 105584.7812, 105046.8516, 104987.8281],
        [106970.2344, 105132.8125, 104772.0703, 104258.4688, 104216.9609],
        [111233.2188, 107387.5156, 106810.6406, 105118.5000, 104180.5312],
        [114231.9219, 107242.8516, 107004.9453, 106878.7812, 106186.0078]],
       device='cuda:0'),
indices=tensor([[26435,  8615, 39518, 15590,  3457],
        [51806, 54188, 22624, 18717, 21360],
        [41942, 21263,  5187, 56792, 60024],
        [44685, 12148, 29451, 50296, 50885],
        [45804, 10811, 57710, 17905, 20433]], device='cuda:0'))
target.shape: torch.Size([63784])
topk target: torch.return_types.topk(
values=tensor([102219.2578, 102153.2578, 102147.7578, 102142.7578, 102136.7578],
       device='cuda:0'),
indices=tensor([18329, 19045, 17853, 18568, 19046], device='cuda:0'))
titles: pres_0s (Pa), t=11 (33 h)
vmin: 96610.2421875, vmax: 106677.984375
topk samples: torch.return_types.topk(
values=tensor([[103865.3984, 102971.3984, 102920.3672, 102862.0156, 102773.5469],
        [106677.9844, 106075.1641, 104874.0078, 104175.2031, 104092.6406],
        [103706.3047, 102888.4062, 102757.5312, 102630.7969, 102622.2422],
        [105601.8281, 104688.2578, 103717.5000, 102940.2891, 102927.0078],
        [104436.7656, 104431.4609, 103349.0859, 103343.4688, 103130.3203]],
       device='cuda:0'),
indices=tensor([[39518,  4547,  5224, 44072,  3316],
        [51806, 50263, 22624, 18717, 49996],
        [ 4612, 51593,  5187, 47862,  2484],
        [44685, 12148,  9920,  5663,  2511],
        [53425,  7510, 49993, 45804, 10811]], device='cuda:0'))
target.shape: torch.Size([63784])
topk target: torch.return_types.topk(
values=tensor([102201.8984, 102197.3359, 102197.1484, 102194.6484, 102187.1484],
       device='cuda:0'),
indices=tensor([19278, 19040, 18802, 18564, 18326], device='cuda:0'))
titles: nlwrs_0 (W/m²), t=11 (33 h)
vmin: -1502608.125, vmax: 826088.25
topk samples: torch.return_types.topk(
values=tensor([[269527.4062, 267737.5938, 207638.0938, 182069.3438, 178430.1562],
        [807369.1250, 373879.9062, 267275.9375, 244928.2812, 226711.3438],
        [327380.0625, 249193.3438, 244228.4375, 179627.2188, 167359.3438],
        [499599.2188, 372943.6562, 214710.2188, 207295.3750, 198711.9375],
        [826088.2500, 571341.0000, 570656.3750, 466138.5312, 264518.0312]],
       device='cuda:0'),
indices=tensor([[31711, 25114, 28215, 10245, 26881],
        [51806, 16922, 26639, 29391, 27015],
        [22867, 17700, 28205, 20305, 17177],
        [ 2957, 29451,  6203,  8346, 44685],
        [53425, 35138, 20433, 45804, 30453]], device='cuda:0'))
target.shape: torch.Size([63784])
topk target: torch.return_types.topk(
values=tensor([80788.0156, 69268.0000, 67220.0000, 64660.0000, 58004.0000],
       device='cuda:0'),
indices=tensor([42995, 43473, 43472, 43233, 44437], device='cuda:0'))
titles: nswrs_0 (W/m²), t=11 (33 h)
vmin: -3359626.0, vmax: 1065389.375
topk samples: torch.return_types.topk(
values=tensor([[ 834809.0000,  770394.3750,  751874.3750,  720432.6250,  706312.8125],
        [ 945488.4375,  932478.9375,  929212.3750,  922722.3750,  739418.1250],
        [ 946361.8750,  798956.5625,  792836.5000,  792406.6875,  721779.5000],
        [ 980680.6250,  790047.2500,  770105.8750,  747160.1875,  744856.2500],
        [1065389.3750, 1003340.5625,  904259.1250,  860833.1875,  773172.3750]],
       device='cuda:0'),
indices=tensor([[11413,  2787, 12983, 12343, 12365],
        [55812, 12119,  3517, 32778, 25643],
        [ 8795,  8319,  2553, 24725,  2551],
        [12841, 22519, 31152,  8868, 51418],
        [39195, 28294, 12562, 11135, 11613]], device='cuda:0'))
target.shape: torch.Size([63784])
topk target: torch.return_types.topk(
values=tensor([0., 0., 0., 0., 0.], device='cuda:0'),
indices=tensor([1, 0, 2, 4, 3], device='cuda:0'))
titles: r_2 (-), t=11 (33 h)
vmin: 0.376478910446167, vmax: 1.324002981185913
topk samples: torch.return_types.topk(
values=tensor([[1.3240, 1.1445, 1.1366, 1.1346, 1.1309],
        [1.2404, 1.2181, 1.1810, 1.1516, 1.1437],
        [1.1446, 1.1431, 1.1414, 1.1305, 1.1285],
        [1.1509, 1.1285, 1.1249, 1.1202, 1.1178],
        [1.1776, 1.1738, 1.1470, 1.1329, 1.1316]], device='cuda:0'),
indices=tensor([[33508, 23858, 15932, 18056, 14507],
        [17874, 56070, 21722, 36523, 42486],
        [19557, 28205, 44151, 26122, 40803],
        [60342, 41048, 28157, 44151, 32563],
        [33896, 42773, 20433, 24335, 31040]], device='cuda:0'))
target.shape: torch.Size([63784])
topk target: torch.return_types.topk(
values=tensor([1.0000, 1.0000, 1.0000, 1.0000, 1.0000], device='cuda:0'),
indices=tensor([ 59,  11, 161, 168, 167], device='cuda:0'))
titles: r_65 (-), t=11 (33 h)
vmin: 0.2995409369468689, vmax: 1.334775686264038
topk samples: torch.return_types.topk(
values=tensor([[1.2848, 1.2087, 1.1797, 1.1674, 1.1607],
        [1.2317, 1.1979, 1.1960, 1.1940, 1.1927],
        [1.3348, 1.2124, 1.2038, 1.2002, 1.1910],
        [1.2038, 1.1809, 1.1728, 1.1689, 1.1683],
        [1.1874, 1.1756, 1.1669, 1.1622, 1.1520]], device='cuda:0'),
indices=tensor([[59576, 27918,  3545, 28392, 11843],
        [12273, 27015, 42486, 28392, 21722],
        [26122, 23152, 26074, 25412, 42006],
        [16122, 31015, 28148, 30793, 46836],
        [24335, 26364,  2480, 10210, 46835]], device='cuda:0'))
target.shape: torch.Size([63784])
topk target: torch.return_types.topk(
values=tensor([1.0000, 1.0000, 1.0000, 1.0000, 1.0000], device='cuda:0'),
indices=tensor([ 733,  732, 4116, 4450, 4117], device='cuda:0'))
titles: t_2 (K), t=11 (33 h)
vmin: 257.8194580078125, vmax: 308.39263916015625
topk samples: torch.return_types.topk(
values=tensor([[303.6274, 302.5630, 299.1163, 298.4652, 298.0520],
        [308.3926, 304.8164, 297.6815, 297.0269, 296.6615],
        [304.8557, 300.5554, 298.8512, 298.5299, 298.2892],
        [301.0104, 299.4751, 299.0848, 299.0670, 298.0659],
        [307.6203, 303.3887, 303.1453, 302.8405, 300.9173]], device='cuda:0'),
indices=tensor([[ 4394,  5615,  8346,  9954, 14904],
        [18717, 13659, 13143,  5216,  5070],
        [ 4612,  3009, 13317,  7511, 37665],
        [ 9920,  3148,  8520,  5663,  5253],
        [ 7510,  9450, 22577, 18978, 18281]], device='cuda:0'))
target.shape: torch.Size([63784])
topk target: torch.return_types.topk(
values=tensor([291.4627, 291.3645, 291.3382, 291.3333, 291.3333], device='cuda:0'),
indices=tensor([ 2246, 10602, 11323, 11322, 10126], device='cuda:0'))
titles: t_65 (K), t=11 (33 h)
vmin: 258.6038513183594, vmax: 305.82305908203125
topk samples: torch.return_types.topk(
values=tensor([[303.0768, 301.1891, 298.8658, 298.1451, 297.9663],
        [305.8231, 296.3586, 296.3351, 296.1145, 296.0924],
        [298.0301, 297.3618, 297.0327, 296.8333, 296.7408],
        [299.7917, 298.0567, 298.0114, 297.8716, 297.5801],
        [303.5000, 302.4460, 300.6729, 300.1691, 298.4302]], device='cuda:0'),
indices=tensor([[ 4394,  6275, 51189, 15590,  2965],
        [18717,  4019,  3750, 13709, 14652],
        [ 5893,  3262, 15204, 18075,  6345],
        [ 9920, 13450,  7310,  8520,  9593],
        [10811,  7510, 18978,  9450,  3105]], device='cuda:0'))
target.shape: torch.Size([63784])
topk target: torch.return_types.topk(
values=tensor([291.6003, 291.3254, 291.3141, 291.2917, 291.2829], device='cuda:0'),
indices=tensor([ 2246, 10602,  2576, 11323, 11322], device='cuda:0'))
titles: t_500 (K), t=11 (33 h)
vmin: 201.38943481445312, vmax: 296.7993469238281
topk samples: torch.return_types.topk(
values=tensor([[277.0390, 276.7918, 274.3976, 271.0537, 270.4328],
        [296.7993, 290.5273, 284.0431, 277.7924, 274.0124],
        [277.2725, 276.8516, 270.6427, 270.4960, 270.1982],
        [278.4107, 276.8516, 271.7833, 270.2842, 270.1136],
        [276.9658, 275.4545, 269.8209, 269.7287, 269.5068]], device='cuda:0'),
indices=tensor([[51189,  4394,  8615, 13069, 11885],
        [18717, 17874, 39359, 51806,  3721],
        [22047, 14459,  2958,  7074,  3231],
        [47036, 44685, 60342,  9249,  9920],
        [18978, 10811, 22577,  3105,  7510]], device='cuda:0'))
target.shape: torch.Size([63784])
topk target: torch.return_types.topk(
values=tensor([261.7241, 261.7236, 261.7046, 261.6836, 261.6621], device='cuda:0'),
indices=tensor([21658, 21896, 21420, 21182, 20944], device='cuda:0'))
titles: t_850 (K), t=11 (33 h)
vmin: 248.36288452148438, vmax: 295.95233154296875
topk samples: torch.return_types.topk(
values=tensor([[295.9523, 291.6489, 290.3191, 289.9072, 289.8716],
        [292.1111, 291.9842, 291.8333, 290.1700, 289.8708],
        [292.7726, 292.5649, 291.2739, 291.1977, 290.9110],
        [291.7351, 291.1259, 290.5333, 290.3231, 290.1647],
        [294.3612, 293.4934, 292.1332, 291.7362, 291.2426]], device='cuda:0'),
indices=tensor([[ 4394,  2965,  5391, 12299,  9984],
        [18717, 10694,  3080,  3269,  4019],
        [ 5893,  7074, 10935, 11889, 10698],
        [ 2445,  8520,  5663,  9593, 12840],
        [18978,  7510,  8024,  2559,  4008]], device='cuda:0'))
target.shape: torch.Size([63784])
topk target: torch.return_types.topk(
values=tensor([284.6835, 284.6596, 284.6293, 284.6142, 284.5961], device='cuda:0'),
indices=tensor([19035, 17844, 19036, 17606, 16651], device='cuda:0'))
titles: u_65 (m/s), t=11 (33 h)
vmin: -15.935026168823242, vmax: 15.965364456176758
topk samples: torch.return_types.topk(
values=tensor([[11.5347, 11.3035, 11.2445, 11.2208, 11.1411],
        [13.6181, 13.3959, 12.2777, 11.8048, 11.7750],
        [12.9361, 12.4211, 12.3909, 12.3397, 12.2020],
        [12.9248, 10.7243, 10.0941,  9.8851,  9.4698],
        [14.9859, 14.3104, 13.0309, 12.9059, 12.7267]], device='cuda:0'),
indices=tensor([[52672, 48602, 51958, 50518, 48374],
        [52896, 45233, 12507, 12498, 11789],
        [52439, 11543, 11549, 11310, 11547],
        [34531, 51716, 12269, 14337, 11555],
        [53085, 53323, 53561, 56971, 56972]], device='cuda:0'))
target.shape: torch.Size([63784])
topk target: torch.return_types.topk(
values=tensor([15.9654, 15.4136, 15.1128, 15.0308, 14.9995], device='cuda:0'),
indices=tensor([42720, 46251, 45063, 43178, 44118], device='cuda:0'))
titles: u_850 (m/s), t=11 (33 h)
vmin: -18.8366756439209, vmax: 22.034236907958984
topk samples: torch.return_types.topk(
values=tensor([[15.8208, 15.7986, 15.7547, 15.7410, 15.6814],
        [18.6888, 18.5188, 16.7277, 15.7986, 15.7547],
        [22.0342, 18.2904, 15.7986, 15.7547, 15.7410],
        [15.7986, 15.7547, 15.7410, 15.6814, 15.5574],
        [16.2030, 16.1056, 16.0080, 15.7986, 15.7547]], device='cuda:0'),
indices=tensor([[11071, 24035, 24273, 24748, 24510],
        [15331, 57486, 13143, 24035, 24273],
        [ 4612, 46798, 24035, 24273, 24748],
        [24035, 24273, 24748, 24510, 24034],
        [52133, 51897, 52848, 24035, 24273]], device='cuda:0'))
target.shape: torch.Size([63784])
topk target: torch.return_types.topk(
values=tensor([18.7224, 18.7195, 18.7097, 18.6892, 18.6717], device='cuda:0'),
indices=tensor([44354, 44350, 24016, 11102, 11339], device='cuda:0'))
titles: v_65 (m/s), t=11 (33 h)
vmin: -21.029253005981445, vmax: 12.224579811096191
topk samples: torch.return_types.topk(
values=tensor([[ 8.9226,  8.9176,  8.8047,  8.6904,  8.6159],
        [ 8.6159,  8.5227,  8.4484,  8.3303,  8.3298],
        [11.4075,  9.0480,  8.9841,  8.9816,  8.8470],
        [ 8.6159,  8.5227,  8.4484,  8.3303,  8.3298],
        [12.2246, 10.9118, 10.4337, 10.4142, 10.3682]], device='cuda:0'),
indices=tensor([[ 3581,  2632,  5732,  6218, 39986],
        [39986, 39748, 40224, 41890, 41652],
        [51103,  6449, 10027, 10274, 11225],
        [39986, 39748, 40224, 41890, 41652],
        [ 6694,  7887,  8370,  8125,  5973]], device='cuda:0'))
target.shape: torch.Size([63784])
topk target: torch.return_types.topk(
values=tensor([8.7004, 8.6159, 8.5598, 8.5417, 8.5227], device='cuda:0'),
indices=tensor([53691, 39986, 53928, 53454, 39748], device='cuda:0'))
titles: v_850 (m/s), t=11 (33 h)
vmin: -26.984342575073242, vmax: 17.532066345214844
topk samples: torch.return_types.topk(
values=tensor([[14.5057, 11.9032, 11.6932, 11.3963, 11.3504],
        [14.5057, 11.9032, 11.6932, 11.5554, 11.3963],
        [14.5057, 11.9032, 11.6932, 11.3963, 11.3504],
        [14.5057, 11.9032, 11.6932, 11.3963, 11.3504],
        [14.8365, 14.5057, 11.9032, 11.6932, 11.3963]], device='cuda:0'),
indices=tensor([[28081, 29509, 27605, 29510, 27604],
        [28081, 29509, 27605, 56070, 29510],
        [28081, 29509, 27605, 29510, 27604],
        [28081, 29509, 27605, 29510, 27604],
        [35138, 28081, 29509, 27605, 29510]], device='cuda:0'))
target.shape: torch.Size([63784])
topk target: torch.return_types.topk(
values=tensor([17.5321, 17.4618, 15.9979, 15.9871, 15.7196], device='cuda:0'),
indices=tensor([20678, 20916, 20920, 21158, 20681], device='cuda:0'))
titles: wvint_0 (kg/m²), t=11 (33 h)
vmin: -3.1842193603515625, vmax: 51.015010833740234
topk samples: torch.return_types.topk(
values=tensor([[51.0150, 48.5433, 48.0951, 48.0120, 47.9651],
        [49.4254, 47.7507, 47.5828, 47.3503, 47.1070],
        [46.9849, 46.0325, 46.0292, 45.8057, 45.6416],
        [49.6963, 48.5839, 47.1266, 46.8878, 46.6933],
        [49.8984, 49.2088, 48.1194, 47.6041, 47.4388]], device='cuda:0'),
indices=tensor([[ 6275, 14982, 13791, 12364, 13789],
        [ 3080,  9969,  5216,  2802, 18717],
        [11854, 10185, 13993,  5893,  6882],
        [10697, 10937, 11173, 10376, 11410],
        [ 9450,  7127,  9082, 12125, 18978]], device='cuda:0'))
target.shape: torch.Size([63784])
topk target: torch.return_types.topk(
values=tensor([36.0189, 35.9789, 35.8334, 35.6146, 35.5931], device='cuda:0'),
indices=tensor([20914,  1586, 21152,  1827, 21155], device='cuda:0'))
titles: z_1000 (m²/s²), t=11 (33 h)
vmin: -3411.56640625, vmax: 5465.232421875
topk samples: torch.return_types.topk(
values=tensor([[4013.6414, 3827.1440, 2678.3467, 2509.7363, 2340.9448],
        [5465.2324, 5173.2100, 3455.7664, 2248.8440, 2214.1873],
        [2947.1890, 2496.5664, 2143.2280, 2140.5264, 2113.3372],
        [4497.6997, 3618.9644, 2949.2734, 2799.1338, 2405.6230],
        [3715.1899, 2523.6619, 2351.5540, 2271.6885, 2099.0876]],
       device='cuda:0'),
indices=tensor([[51189, 39518,  6004,  2596,  4547],
        [50263, 51806, 22624, 35680, 14652],
        [ 5187, 47862,  2735,  2732,  2727],
        [44685, 12148, 29451,  9920, 24048],
        [ 7510, 10811, 11135, 45230,  8024]], device='cuda:0'))
target.shape: torch.Size([63784])
topk target: torch.return_types.topk(
values=tensor([1735.3801, 1733.8489, 1732.9739, 1731.8801, 1730.1301],
       device='cuda:0'),
indices=tensor([19040, 19516, 18802, 19519, 19279], device='cuda:0'))
titles: z_500 (m²/s²), t=11 (33 h)
vmin: 43010.53125, vmax: 62738.80078125
topk samples: torch.return_types.topk(
values=tensor([[62459.4805, 59930.2578, 59100.0664, 58996.3594, 58661.8125],
        [62738.8008, 62003.2773, 61549.1016, 61536.6562, 58803.7656],
        [58913.6367, 58487.1133, 58479.3281, 58427.5391, 58356.7109],
        [62662.1719, 59462.3438, 59458.4219, 59215.7109, 58357.3008],
        [60776.7266, 60629.8320, 59732.0898, 58865.8789, 58831.2109]],
       device='cuda:0'),
indices=tensor([[51189,  2965, 16173,  4394, 33508],
        [18717, 50263, 17874, 51806,  7521],
        [ 3885,  5187, 14459,  3027, 21647],
        [44685,  9920,  5663, 12148,  8262],
        [10811,  7510, 18978,  4008,  8024]], device='cuda:0'))
target.shape: torch.Size([63784])
topk target: torch.return_types.topk(
values=tensor([56317.8711, 56317.7461, 56317.6211, 56317.1211, 56316.4961],
       device='cuda:0'),
indices=tensor([275, 276, 274, 273, 277], device='cuda:0'))
titles: pres_0g (Pa), t=12 (36 h)
vmin: 78826.5625, vmax: 113751.703125
topk samples: torch.return_types.topk(
values=tensor([[108731.6719, 106941.9688, 105103.9219, 104566.8672, 104519.0234],
        [107392.2188, 106804.9062, 105354.5156, 104950.8984, 104737.3047],
        [106796.9375, 104937.0703, 104872.4609, 104688.5938, 104279.9922],
        [111073.4531, 107035.7656, 106912.0547, 105010.8750, 104022.3438],
        [113751.7031, 107179.9922, 106762.6562, 106568.2266, 106296.9375]],
       device='cuda:0'),
indices=tensor([[26435,  8615, 39518, 15590, 25114],
        [51806, 54188, 22624, 18717, 21360],
        [41942,  7534, 21263,  5187, 56792],
        [44685, 12148, 29451, 50296, 50885],
        [45804, 10811, 57710, 17905, 20433]], device='cuda:0'))
target.shape: torch.Size([63784])
topk target: torch.return_types.topk(
values=tensor([102118.6016, 102053.1016, 102046.1016, 102043.6016, 102040.6016],
       device='cuda:0'),
indices=tensor([18329, 19045, 17853, 19046, 18568], device='cuda:0'))
titles: pres_0s (Pa), t=12 (36 h)
vmin: 96490.8203125, vmax: 106614.3828125
topk samples: torch.return_types.topk(
values=tensor([[104061.2500, 102888.5469, 102845.1016, 102776.1719, 102694.3516],
        [106614.3828, 105971.1250, 104669.1250, 104253.0859, 103635.2812],
        [103880.6094, 102681.0000, 102672.6797, 102587.9844, 102510.4531],
        [105371.7891, 104484.3281, 103565.6094, 102978.0312, 102803.0312],
        [104275.4062, 104006.1094, 103189.1875, 103052.7266, 102922.9688]],
       device='cuda:0'),
indices=tensor([[39518,  5224,  4547,  2424, 44072],
        [51806, 50263, 22624, 49996, 18717],
        [ 4612,  2487,  5187,  2484, 47862],
        [44685, 12148,  9920,  5663,  2511],
        [ 7510, 53425, 49993, 10811, 45804]], device='cuda:0'))
target.shape: torch.Size([63784])
topk target: torch.return_types.topk(
values=tensor([102090.6484, 102088.2109, 102085.1484, 102084.8984, 102083.3984],
       device='cuda:0'),
indices=tensor([18326, 18564, 19278, 18802, 19040], device='cuda:0'))
titles: nlwrs_0 (W/m²), t=12 (36 h)
vmin: -1596405.375, vmax: 689407.625
topk samples: torch.return_types.topk(
values=tensor([[338277.7812, 234312.1875, 224415.2500, 181648.8438, 178641.0625],
        [689407.6250, 311273.2188, 217244.6875, 178046.1562, 174825.5938],
        [438258.0312, 370264.9688, 289628.0000, 268172.0938, 256276.5938],
        [398473.9688, 338326.3438, 219533.0938, 198443.8438, 190924.2500],
        [612622.5000, 530723.1250, 501411.9062, 494822.7812, 339241.4062]],
       device='cuda:0'),
indices=tensor([[31711, 15522, 11843, 32260, 10723],
        [51806, 38228, 26639, 27015, 29391],
        [61218, 23665, 11435, 19557, 49484],
        [29451, 36543,  2957, 24252,  8107],
        [53425, 28294, 45804, 20433, 39195]], device='cuda:0'))
target.shape: torch.Size([63784])
topk target: torch.return_types.topk(
values=tensor([39378., 33746., 32722., 31186., 30674.], device='cuda:0'),
indices=tensor([44423, 44422, 45135, 44192, 44667], device='cuda:0'))
titles: nswrs_0 (W/m²), t=12 (36 h)
vmin: -2944575.0, vmax: 1014723.25
topk samples: torch.return_types.topk(
values=tensor([[ 946410.9375,  927473.5000,  918694.5000,  887815.1875,  859055.1250],
        [ 992204.2500,  856898.5000,  804058.0625,  795314.0000,  791049.8125],
        [ 879819.3750,  873508.5000,  862609.6250,  861197.6875,  856522.1875],
        [1012515.6250,  981819.1250,  926333.1875,  845735.6875,  818873.5625],
        [1014723.2500,  985543.2500,  921984.0625,  887468.8125,  864563.5000]],
       device='cuda:0'),
indices=tensor([[12365, 22817, 13522,  4511,  2603],
        [ 7071, 27057, 30407, 18485, 12119],
        [13793, 31305,  9719, 20457, 10937],
        [22744,  2545, 42986,  5698,  3257],
        [11792,  9450, 10669, 35659,  2604]], device='cuda:0'))
target.shape: torch.Size([63784])
topk target: torch.return_types.topk(
values=tensor([381440., 379392., 374784., 374272., 374272.], device='cuda:0'),
indices=tensor([51403, 50930, 51168, 49502, 49264], device='cuda:0'))
titles: r_2 (-), t=12 (36 h)
vmin: 0.3653417229652405, vmax: 1.2798962593078613
topk samples: torch.return_types.topk(
values=tensor([[1.2799, 1.2792, 1.1531, 1.1346, 1.1329],
        [1.2077, 1.1930, 1.1885, 1.1545, 1.1538],
        [1.2653, 1.1459, 1.1456, 1.1339, 1.1299],
        [1.1760, 1.1518, 1.1369, 1.1255, 1.1233],
        [1.2330, 1.1843, 1.1380, 1.1326, 1.1272]], device='cuda:0'),
indices=tensor([[33508,  7364, 43250, 44919, 42244],
        [11585, 17874, 14825, 56070, 20892],
        [23665, 28205, 26604, 42006, 40350],
        [60342, 29592, 29593, 27346, 49393],
        [24335, 42773, 37988, 26359,  4169]], device='cuda:0'))
target.shape: torch.Size([63784])
topk target: torch.return_types.topk(
values=tensor([1.0000, 1.0000, 1.0000, 1.0000, 1.0000], device='cuda:0'),
indices=tensor([12, 11, 45, 59, 58], device='cuda:0'))
titles: r_65 (-), t=12 (36 h)
vmin: 0.3452012538909912, vmax: 1.4861953258514404
topk samples: torch.return_types.topk(
values=tensor([[1.4316, 1.1902, 1.1672, 1.1619, 1.1607],
        [1.4862, 1.2996, 1.2173, 1.2038, 1.1895],
        [1.4726, 1.2551, 1.2546, 1.2312, 1.2051],
        [1.1939, 1.1913, 1.1887, 1.1856, 1.1646],
        [1.2700, 1.1960, 1.1848, 1.1679, 1.1562]], device='cuda:0'),
indices=tensor([[59166, 29499, 42240, 28143, 27918],
        [11585, 14825, 31374,  2538,  8262],
        [61218, 51271, 26122, 42006, 11220],
        [42481, 28148, 36543, 46836, 22432],
        [24335, 18644, 18278, 20199, 30073]], device='cuda:0'))
target.shape: torch.Size([63784])
topk target: torch.return_types.topk(
values=tensor([1.0000, 1.0000, 1.0000, 1.0000, 1.0000], device='cuda:0'),
indices=tensor([17, 16, 18, 36, 35], device='cuda:0'))
titles: t_2 (K), t=12 (36 h)
vmin: 258.4917907714844, vmax: 306.5210876464844
topk samples: torch.return_types.topk(
values=tensor([[304.5792, 302.7056, 300.4418, 299.9012, 298.8297],
        [306.5211, 300.8476, 299.6255, 296.8837, 296.7234],
        [300.1331, 299.4268, 298.8246, 298.6773, 298.6287],
        [298.5880, 298.4337, 298.3429, 297.6990, 297.3226],
        [306.1063, 303.4555, 302.8602, 300.9813, 300.0001]], device='cuda:0'),
indices=tensor([[ 3942,  4394,  5615,  7364, 14904],
        [18717, 13659, 24224, 17060,  3793],
        [ 4612,  3027, 21647, 14459,  3009],
        [ 9920,  5663,  8520, 15697, 11520],
        [ 7510, 22577, 18978,  9450, 18281]], device='cuda:0'))
target.shape: torch.Size([63784])
topk target: torch.return_types.topk(
values=tensor([291.4724, 291.4456, 291.4456, 291.4231, 291.3967], device='cuda:0'),
indices=tensor([10613, 10134,  9895,  9418,  9657], device='cuda:0'))
titles: t_65 (K), t=12 (36 h)
vmin: 257.9462585449219, vmax: 306.22900390625
topk samples: torch.return_types.topk(
values=tensor([[301.9108, 299.6838, 299.0833, 298.9817, 298.9648],
        [306.2290, 297.6677, 296.7519, 296.7186, 296.5109],
        [299.4274, 298.6394, 298.0298, 297.5567, 297.4953],
        [298.9300, 298.0847, 298.0445, 297.6705, 297.4128],
        [302.4708, 302.0169, 301.9969, 299.4585, 298.6518]], device='cuda:0'),
indices=tensor([[ 4394, 51189,  2965,  6275, 10549],
        [18717, 38228, 17060, 10687,  4019],
        [ 5893, 21647, 14459,  8318, 17125],
        [ 5623, 15697,  9920,  2559,  5663],
        [ 7510, 10811, 18978,  8024,  9450]], device='cuda:0'))
target.shape: torch.Size([63784])
topk target: torch.return_types.topk(
values=tensor([291.4308, 291.4084, 291.3849, 291.3590, 291.3542], device='cuda:0'),
indices=tensor([10613, 10134,  9895,  9657,  9418], device='cuda:0'))
titles: t_500 (K), t=12 (36 h)
vmin: 199.2828369140625, vmax: 295.5014343261719
topk samples: torch.return_types.topk(
values=tensor([[276.9657, 275.5067, 274.4218, 270.8831, 270.7024],
        [295.5014, 293.1494, 291.0229, 278.5052, 273.7763],
        [278.2586, 275.4319, 270.4970, 269.8125, 269.7661],
        [281.7530, 278.2466, 272.3029, 270.6332, 269.9947],
        [278.7155, 278.3074, 269.4932, 269.4862, 269.1847]], device='cuda:0'),
indices=tensor([[51189,  4394,  8615,  2965, 13069],
        [18717, 39359, 17874, 51806,  7521],
        [14459, 22047,  3231,  5997,  7074],
        [47036, 44685, 60342,  9249,  5663],
        [18978, 10811, 14716,  7694, 22577]], device='cuda:0'))
target.shape: torch.Size([63784])
topk target: torch.return_types.topk(
values=tensor([261.8773, 261.8617, 261.8441, 261.8417, 261.8271], device='cuda:0'),
indices=tensor([19279, 19516, 19755, 19754, 19517], device='cuda:0'))
titles: t_850 (K), t=12 (36 h)
vmin: 248.16244506835938, vmax: 294.0953369140625
topk samples: torch.return_types.topk(
values=tensor([[294.0953, 292.4469, 290.5196, 290.1420, 290.1313],
        [293.6656, 291.8978, 289.6269, 289.5557, 289.4402],
        [291.9262, 291.6018, 290.8771, 290.1861, 290.0889],
        [290.7085, 290.6327, 290.4258, 290.3598, 290.3166],
        [292.7084, 292.4408, 291.6061, 291.5616, 290.7150]], device='cuda:0'),
indices=tensor([[ 4394,  2965, 15522,  9984, 16173],
        [11585, 18717, 10694,  3080,  5216],
        [ 5893,  3027, 11889,  7074, 13793],
        [ 8520,  5387,  5663,  2445,  9593],
        [18978,  4008,  8024,  7510,  2559]], device='cuda:0'))
target.shape: torch.Size([63784])
topk target: torch.return_types.topk(
values=tensor([284.1718, 284.1459, 284.1307, 284.1234, 284.1190], device='cuda:0'),
indices=tensor([3537, 3775, 3536, 3299, 2581], device='cuda:0'))
titles: u_65 (m/s), t=12 (36 h)
vmin: -15.062651634216309, vmax: 15.248871803283691
topk samples: torch.return_types.topk(
values=tensor([[14.7755, 12.9958, 12.3280, 12.2008, 12.0619],
        [13.1656, 12.6443, 12.3654, 12.0700, 11.8080],
        [14.9724, 14.5028, 13.3423, 12.4502, 12.4200],
        [13.8975, 11.8616, 10.8493, 10.2708, 10.2496],
        [14.0919, 13.7621, 13.3458, 13.3329, 13.3088]], device='cuda:0'),
indices=tensor([[47167, 53850, 54807,  3942, 56458],
        [12911, 56016, 56964, 12736, 56489],
        [ 7534, 11081, 11795, 11547, 11324],
        [16485,  5400, 10117, 11060, 15075],
        [52609, 52372, 55791, 52846, 53329]], device='cuda:0'))
target.shape: torch.Size([63784])
topk target: torch.return_types.topk(
values=tensor([15.2489, 15.0985, 15.0301, 14.6864, 14.5897], device='cuda:0'),
indices=tensor([43647, 43178, 43409, 44123, 45068], device='cuda:0'))
titles: u_850 (m/s), t=12 (36 h)
vmin: -19.63163948059082, vmax: 24.16059112548828
topk samples: torch.return_types.topk(
values=tensor([[17.2122, 17.1966, 16.6331, 16.4554, 16.3440],
        [17.2122, 17.1966, 16.6331, 16.4554, 16.3440],
        [24.1606, 20.5135, 19.7960, 17.4628, 17.2122],
        [17.2122, 17.1966, 16.6331, 16.4554, 16.3440],
        [20.4472, 18.2578, 18.1484, 18.0850, 17.8620]], device='cuda:0'),
indices=tensor([[24984, 24983, 24269, 24028, 24029],
        [24984, 24983, 24269, 24028, 24029],
        [46105, 50735, 13724, 49484, 24984],
        [24984, 24983, 24269, 24028, 24029],
        [52372, 52847, 52370, 53084, 52132]], device='cuda:0'))
target.shape: torch.Size([63784])
topk target: torch.return_types.topk(
values=tensor([21.7190, 21.3694, 21.3079, 21.1995, 21.1966], device='cuda:0'),
indices=tensor([12300, 12299, 12537, 12062, 12301], device='cuda:0'))
titles: v_65 (m/s), t=12 (36 h)
vmin: -20.407072067260742, vmax: 19.282407760620117
topk samples: torch.return_types.topk(
values=tensor([[10.3793, 10.3358, 10.2948, 10.2079, 10.2050],
        [19.2824, 10.3793, 10.3358, 10.2948, 10.2079],
        [10.4950, 10.3793, 10.3358, 10.2948, 10.2079],
        [10.3793, 10.3358, 10.2948, 10.2079, 10.2050],
        [10.8244, 10.5219, 10.5187, 10.4435, 10.3793]], device='cuda:0'),
indices=tensor([[41414, 41652, 41176, 41653, 41415],
        [11585, 41414, 41652, 41176, 41653],
        [13724, 41414, 41652, 41176, 41653],
        [41414, 41652, 41176, 41653, 41415],
        [18278,  6224,  8370,  6936, 41414]], device='cuda:0'))
target.shape: torch.Size([63784])
topk target: torch.return_types.topk(
values=tensor([10.3793, 10.3358, 10.2948, 10.2079, 10.2050], device='cuda:0'),
indices=tensor([41414, 41652, 41176, 41653, 41415], device='cuda:0'))
titles: v_850 (m/s), t=12 (36 h)
vmin: -27.092897415161133, vmax: 19.609695434570312
topk samples: torch.return_types.topk(
values=tensor([[16.5765, 14.6712, 14.1810, 13.8499, 12.9398],
        [16.5765, 14.6712, 14.1810, 13.8499, 12.9398],
        [16.5765, 14.6712, 14.1810, 13.8499, 12.9398],
        [16.5765, 14.6712, 14.1810, 13.8499, 12.9398],
        [16.5765, 14.6712, 14.1810, 13.8499, 12.9398]], device='cuda:0'),
indices=tensor([[24746, 24508, 24745, 24984, 24744],
        [24746, 24508, 24745, 24984, 24744],
        [24746, 24508, 24745, 24984, 24744],
        [24746, 24508, 24745, 24984, 24744],
        [24746, 24508, 24745, 24984, 24744]], device='cuda:0'))
target.shape: torch.Size([63784])
topk target: torch.return_types.topk(
values=tensor([19.6097, 19.4925, 19.4339, 19.3743, 18.8978], device='cuda:0'),
indices=tensor([41343, 41105, 41106, 41107, 40867], device='cuda:0'))
titles: wvint_0 (kg/m²), t=12 (36 h)
vmin: -5.124567985534668, vmax: 54.838470458984375
topk samples: torch.return_types.topk(
values=tensor([[54.8385, 51.8185, 48.5561, 47.3774, 46.7243],
        [49.2796, 48.6229, 48.0854, 46.9910, 46.7241],
        [47.3633, 45.9273, 45.9069, 45.7391, 45.5705],
        [46.7978, 46.7699, 46.2558, 46.1957, 45.5894],
        [49.1144, 46.5536, 46.5406, 46.4891, 45.9514]], device='cuda:0'),
indices=tensor([[ 3942, 29461,  9984, 13552, 13316],
        [ 3080,  4030,  5220,  4031,  5697],
        [ 7321,  5415,  2555,  6840, 14459],
        [ 6340,  5389, 10697,  7049,  6101],
        [ 2490,  9745, 20199,  9491, 18745]], device='cuda:0'))
target.shape: torch.Size([63784])
topk target: torch.return_types.topk(
values=tensor([36.4888, 36.2467, 35.2125, 35.0113, 34.8765], device='cuda:0'),
indices=tensor([2316, 2080, 2555, 1839, 2078], device='cuda:0'))
titles: z_1000 (m²/s²), t=12 (36 h)
vmin: -3767.421875, vmax: 5392.1005859375
topk samples: torch.return_types.topk(
values=tensor([[4255.6968, 3722.7786, 2702.9663, 2374.8518, 2314.3164],
        [5392.1006, 5333.8799, 3300.1997, 2083.2380, 2037.2417],
        [2817.5808, 2432.8582, 2190.1318, 2077.0410, 2052.6445],
        [4353.0742, 3537.4387, 2900.2676, 2744.9902, 2214.0811],
        [3549.7532, 2449.1016, 2290.1353, 2091.9089, 2054.7656]],
       device='cuda:0'),
indices=tensor([[51189, 39518,  6004, 33508, 50228],
        [50263, 51806, 22624, 52895, 14652],
        [ 5187, 47862,  2735,  2732,  2484],
        [44685, 12148, 29451,  9920, 24048],
        [ 7510, 10811, 45230,  9450,  8024]], device='cuda:0'))
target.shape: torch.Size([63784])
topk target: torch.return_types.topk(
values=tensor([1651.0759, 1650.0447, 1649.2009, 1649.1697, 1648.4197],
       device='cuda:0'),
indices=tensor([17854, 18810, 18091, 18811, 17855], device='cuda:0'))
titles: z_500 (m²/s²), t=12 (36 h)
vmin: 43122.8515625, vmax: 62322.1640625
topk samples: torch.return_types.topk(
values=tensor([[62146.5703, 61144.3047, 59632.1953, 58951.8047, 58824.6250],
        [62046.1602, 62034.1680, 61416.1992, 61203.5391, 58950.2773],
        [58513.2461, 58452.9648, 58317.3203, 58266.9062, 58212.2656],
        [62322.1641, 59292.2109, 59200.9141, 58859.2070, 58223.9453],
        [60469.1719, 60395.0898, 59915.5469, 58801.8281, 58710.2305]],
       device='cuda:0'),
indices=tensor([[51189, 33508,  2965, 16173,  4394],
        [18717, 51806, 50263, 17874,  3559],
        [ 3885,  5187, 21647,  9747,  2476],
        [44685,  5663,  9920, 12148, 47036],
        [10811,  7510, 18978,  4008,  8024]], device='cuda:0'))
target.shape: torch.Size([63784])
topk target: torch.return_types.topk(
values=tensor([56251.3945, 56251.3945, 56250.8945, 56250.5195, 56250.3945],
       device='cuda:0'),
indices=tensor([283, 284, 285, 282, 278], device='cuda:0'))
titles: pres_0g (Pa), t=13 (39 h)
vmin: 78824.4296875, vmax: 113253.21875
topk samples: torch.return_types.topk(
values=tensor([[108607.6328, 106751.9062, 106551.5547, 105246.4922, 104855.5625],
        [107397.7734, 106267.0703, 105247.7422, 104790.5625, 104628.4062],
        [106780.8125, 106408.2031, 105688.4531, 104557.4844, 104466.2344],
        [110804.6406, 106824.1094, 106760.9688, 105106.7031, 103810.8672],
        [113253.2188, 107232.5859, 106575.5312, 106354.8438, 106284.3438]],
       device='cuda:0'),
indices=tensor([[26435, 42582,  8615, 39518,  3942],
        [51806, 54188, 22624, 18717, 52895],
        [41942, 60654,  7534,  5187, 21263],
        [44685, 12148, 29451, 50296, 50885],
        [45804, 10811, 57710, 17905, 20433]], device='cuda:0'))
target.shape: torch.Size([63784])
topk target: torch.return_types.topk(
values=tensor([102113.7578, 102058.7578, 102057.7578, 102047.2578, 102046.7578],
       device='cuda:0'),
indices=tensor([18329, 19045, 28851, 24056, 24055], device='cuda:0'))
titles: pres_0s (Pa), t=13 (39 h)
vmin: 96138.3828125, vmax: 106682.7265625
topk samples: torch.return_types.topk(
values=tensor([[104226.7969, 102974.0234, 102872.9688, 102774.3906, 102768.4922],
        [106682.7266, 105925.1797, 104521.6172, 104233.2344, 103494.4922],
        [103737.5859, 102854.2344, 102768.9609, 102553.8828, 102545.7344],
        [105003.8516, 104231.5000, 103430.4766, 102832.8906, 102607.9375],
        [104142.7031, 103544.3516, 103029.7031, 103010.5938, 102764.5156]],
       device='cuda:0'),
indices=tensor([[39518, 51189,  5224, 47610, 47848],
        [51806, 50263, 22624, 49996, 18717],
        [ 4612,  4178,  7534,  5187,  2487],
        [44685, 12148,  9920,  5663,  8262],
        [ 7510, 53425, 10811, 49993, 45230]], device='cuda:0'))
target.shape: torch.Size([63784])
topk target: torch.return_types.topk(
values=tensor([102097.5078, 102092.6953, 102086.5078, 102086.2578, 102083.6953],
       device='cuda:0'),
indices=tensor([18326, 18564, 19278, 18802, 19040], device='cuda:0'))
titles: nlwrs_0 (W/m²), t=13 (39 h)
vmin: -1509389.75, vmax: 531431.625
topk samples: torch.return_types.topk(
values=tensor([[319690.9688, 201066.1562, 194011.0312, 193268.2500, 160885.1250],
        [531431.6250, 514935.2812, 481391.8438, 244249.7188, 241537.9062],
        [295255.1875, 293064.8125, 280944.9688, 242639.0312, 220435.5938],
        [316175.1562, 268607.5938, 268267.2188, 230048.8125, 217667.7188],
        [507321.8438, 446504.7812, 403337.0312, 296874.0000, 245351.6875]],
       device='cuda:0'),
indices=tensor([[31711, 30338, 26644, 12625, 15522],
        [51806, 38228, 11585, 10009, 27015],
        [46105, 22867, 26122, 17414, 19557],
        [29451, 22744, 28308,  7151,  5400],
        [20433, 28294, 39195, 53425, 17838]], device='cuda:0'))
target.shape: torch.Size([63784])
topk target: torch.return_types.topk(
values=tensor([40350., 34206., 32670., 32158., 28062.], device='cuda:0'),
indices=tensor([29000, 28999, 29236, 29238, 28763], device='cuda:0'))
titles: nswrs_0 (W/m²), t=13 (39 h)
vmin: -2124469.75, vmax: 3329174.0
topk samples: torch.return_types.topk(
values=tensor([[3329174.0000, 3277625.0000, 3253992.5000, 3246428.7500, 3140705.2500],
        [3001060.7500, 2803095.0000, 2801559.0000, 2792855.0000, 2791831.0000],
        [3298415.7500, 3262275.0000, 3244163.5000, 3238148.2500, 3173094.0000],
        [2998732.7500, 2803095.0000, 2801559.0000, 2792855.0000, 2791831.0000],
        [3197879.2500, 2984907.2500, 2925177.2500, 2894976.5000, 2830359.2500]],
       device='cuda:0'),
indices=tensor([[ 2841,  5220,  3795,  3796, 13283],
        [ 2559, 51168, 50930, 50216, 50692],
        [ 9509,  8795,  9507, 13073, 13077],
        [ 4272, 51168, 50930, 50216, 50692],
        [ 7585,  7815,  6389,  5206,  6388]], device='cuda:0'))
target.shape: torch.Size([63784])
topk target: torch.return_types.topk(
values=tensor([2803095., 2801559., 2792855., 2791831., 2790807.], device='cuda:0'),
indices=tensor([51168, 50930, 50216, 50692, 50454], device='cuda:0'))
titles: r_2 (-), t=13 (39 h)
vmin: 0.35086289048194885, vmax: 1.2770392894744873
topk samples: torch.return_types.topk(
values=tensor([[1.2770, 1.1537, 1.1352, 1.1343, 1.1287],
        [1.2525, 1.1603, 1.1554, 1.1292, 1.1284],
        [1.1780, 1.1304, 1.1227, 1.1156, 1.1124],
        [1.2630, 1.1395, 1.1304, 1.1297, 1.1288],
        [1.1789, 1.1685, 1.1459, 1.1306, 1.1207]], device='cuda:0'),
indices=tensor([[33508,  8340, 42244, 52692, 38260],
        [17874, 22724, 24300, 42054, 29734],
        [28205, 42006, 32190, 42228, 29106],
        [27145, 60342, 29829, 28308, 29592],
        [24335, 42773, 30616,  6984, 27920]], device='cuda:0'))
target.shape: torch.Size([63784])
topk target: torch.return_types.topk(
values=tensor([1.0000, 1.0000, 1.0000, 1.0000, 1.0000], device='cuda:0'),
indices=tensor([ 962,  724, 1201, 1203, 1202], device='cuda:0'))
titles: r_65 (-), t=13 (39 h)
vmin: 0.34262898564338684, vmax: 1.526841640472412
topk samples: torch.return_types.topk(
values=tensor([[1.5268, 1.1851, 1.1771, 1.1761, 1.1719],
        [1.3586, 1.2116, 1.2030, 1.1939, 1.1832],
        [1.3107, 1.3092, 1.2569, 1.2257, 1.2082],
        [1.3577, 1.2144, 1.1761, 1.1760, 1.1627],
        [1.2482, 1.2224, 1.2151, 1.1987, 1.1912]], device='cuda:0'),
indices=tensor([[42582, 39145,  7363, 44391, 23617],
        [11585, 46146, 44179, 28392, 26623],
        [49890, 61218, 30141, 42006, 26122],
        [27145, 12713, 42481, 26477, 27669],
        [25178, 48979, 24335, 38995, 16923]], device='cuda:0'))
target.shape: torch.Size([63784])
topk target: torch.return_types.topk(
values=tensor([1.0000, 1.0000, 1.0000, 1.0000, 1.0000], device='cuda:0'),
indices=tensor([32, 31, 35, 37, 36], device='cuda:0'))
titles: t_2 (K), t=13 (39 h)
vmin: 259.98504638671875, vmax: 310.94390869140625
topk samples: torch.return_types.topk(
values=tensor([[310.9439, 304.0188, 301.2618, 300.0956, 299.9604],
        [308.9837, 305.7412, 303.8443, 300.1618, 299.4724],
        [303.3163, 302.8741, 302.3328, 301.7874, 301.6789],
        [301.1686, 301.0999, 301.0204, 300.8156, 300.7236],
        [307.3452, 304.1293, 303.6984, 302.3601, 302.2159]], device='cuda:0'),
indices=tensor([[ 3942,  4394,  2965, 13287, 11374],
        [13739, 18717, 17099,  2562,  9715],
        [14502,  9747, 13317, 11889, 21647],
        [ 5663,  2559,  8520,  9920, 11139],
        [ 7510, 22577, 18978,  4008,  8024]], device='cuda:0'))
target.shape: torch.Size([63784])
topk target: torch.return_types.topk(
values=tensor([294.0683, 293.9873, 293.9785, 293.9599, 293.9599], device='cuda:0'),
indices=tensor([1187, 1170,  949, 1424,  948], device='cuda:0'))
titles: t_65 (K), t=13 (39 h)
vmin: 257.59124755859375, vmax: 304.659423828125
topk samples: torch.return_types.topk(
values=tensor([[303.6463, 302.6529, 300.7833, 300.2593, 300.2120],
        [304.6594, 299.3256, 298.1609, 297.9363, 297.8516],
        [302.1351, 301.4891, 301.3634, 300.6850, 300.2384],
        [301.3602, 300.0803, 300.0521, 299.7381, 299.6280],
        [304.4475, 303.4480, 302.9953, 302.5608, 300.5232]], device='cuda:0'),
indices=tensor([[ 2965,  4394,  3316, 11374,  2836],
        [18717,  3269,  8303,  9010,  3022],
        [10698, 21647, 14502,  5187, 17599],
        [ 2559,  8520,  5663,  5623,  9214],
        [ 7510,  8024, 18978,  4008, 10811]], device='cuda:0'))
target.shape: torch.Size([63784])
topk target: torch.return_types.topk(
values=tensor([293.1994, 293.1930, 293.1764, 293.1564, 293.1374], device='cuda:0'),
indices=tensor([4007, 3767, 3766, 3768, 1170], device='cuda:0'))
titles: t_500 (K), t=13 (39 h)
vmin: 201.78973388671875, vmax: 291.82159423828125
topk samples: torch.return_types.topk(
values=tensor([[274.9416, 274.2894, 274.0371, 273.5711, 271.1724],
        [291.8216, 290.6425, 288.9033, 278.5826, 273.9913],
        [278.1193, 273.1239, 269.9870, 269.9648, 269.9625],
        [283.4489, 278.7421, 271.6652, 270.1516, 269.6733],
        [279.2011, 277.8235, 270.6803, 269.5772, 269.4557]], device='cuda:0'),
indices=tensor([[33508,  4394,  8615, 51189,  2965],
        [18717, 39359, 17874, 51806,  7521],
        [14459, 22047,  3009,  2796,  3231],
        [47036, 44685, 60342,  5663, 13077],
        [18978, 10811, 14716,  7694, 22577]], device='cuda:0'))
target.shape: torch.Size([63784])
topk target: torch.return_types.topk(
values=tensor([262.6512, 262.6429, 262.6409, 262.6375, 262.6297], device='cuda:0'),
indices=tensor([20469, 20468, 19992, 19754, 20231], device='cuda:0'))
titles: t_850 (K), t=13 (39 h)
vmin: 248.8803253173828, vmax: 294.24053955078125
topk samples: torch.return_types.topk(
values=tensor([[294.2405, 294.0772, 291.9590, 291.3459, 290.4036],
        [292.1756, 290.9059, 289.9917, 289.6997, 289.3369],
        [291.4618, 290.9050, 290.8886, 290.7429, 290.3854],
        [290.7711, 290.7542, 290.6098, 290.4696, 290.1488],
        [292.9801, 291.8731, 291.2930, 290.2322, 290.1640]], device='cuda:0'),
indices=tensor([[ 2965,  4394,  3942,  5220,  9984],
        [18717,  2828,  3080, 12126,  4019],
        [ 3027, 11889,  3739,  2555,  5893],
        [ 5663,  8520,  9593,  3035,  5387],
        [ 4008, 18978,  7510,  6924, 11833]], device='cuda:0'))
target.shape: torch.Size([63784])
topk target: torch.return_types.topk(
values=tensor([284.1745, 284.1662, 284.1652, 284.1623, 284.1613], device='cuda:0'),
indices=tensor([3543, 3066, 3781, 3304, 3305], device='cuda:0'))
titles: u_65 (m/s), t=13 (39 h)
vmin: -15.290288925170898, vmax: 14.973382949829102
topk samples: torch.return_types.topk(
values=tensor([[13.9832, 13.4457, 13.4308, 13.2292, 13.1426],
        [13.6085, 13.5906, 13.4503, 13.4190, 13.2913],
        [14.5973, 13.3968, 12.8130, 12.7622, 12.7266],
        [11.1648, 11.1629, 11.1327, 11.0934, 10.7625],
        [14.8316, 14.6597, 14.4466, 14.2611, 14.2178]], device='cuda:0'),
indices=tensor([[53850, 52897, 51719, 51236, 53374],
        [53162, 53646, 54598, 54354, 53644],
        [26779, 49587, 50779, 50540, 50773],
        [55228, 58395, 11315, 54990, 55470],
        [54603, 54842, 54359, 55552, 54365]], device='cuda:0'))
target.shape: torch.Size([63784])
topk target: torch.return_types.topk(
values=tensor([14.9734, 14.3572, 14.2107, 14.1887, 14.1536], device='cuda:0'),
indices=tensor([41278, 42697, 41043, 41750, 41988], device='cuda:0'))
titles: u_850 (m/s), t=13 (39 h)
vmin: -19.000120162963867, vmax: 22.549949645996094
topk samples: torch.return_types.topk(
values=tensor([[22.5499, 15.0599, 15.0194, 14.2767, 14.2059],
        [17.3352, 15.0599, 14.2767, 13.9554, 13.8431],
        [15.0599, 14.9616, 14.2767, 13.9554, 13.8431],
        [15.0599, 14.5085, 14.2786, 14.2767, 14.1432],
        [16.7402, 15.9894, 15.3172, 15.2972, 15.2017]], device='cuda:0'),
indices=tensor([[13435, 21889, 55003, 20465, 51236],
        [30377, 21889, 20465, 21890, 22128],
        [21889, 49890, 20465, 21890, 22128],
        [21889, 55704, 56417, 20465, 54758],
        [53799, 53336, 51895, 55265, 53812]], device='cuda:0'))
target.shape: torch.Size([63784])
topk target: torch.return_types.topk(
values=tensor([20.7758, 20.6244, 20.2260, 19.6400, 19.6381], device='cuda:0'),
indices=tensor([11604, 12789, 11603, 12552, 12788], device='cuda:0'))
titles: v_65 (m/s), t=13 (39 h)
vmin: -22.379541397094727, vmax: 18.892120361328125
topk samples: torch.return_types.topk(
values=tensor([[15.5538, 14.0511, 11.6199, 11.5877, 11.4910],
        [11.6199, 11.5877, 11.4910, 11.4315, 11.3768],
        [18.8921, 11.6199, 11.5877, 11.4910, 11.4315],
        [11.6199, 11.5877, 11.4910, 11.4315, 11.3768],
        [11.6199, 11.5877, 11.4910, 11.4315, 11.3768]], device='cuda:0'),
indices=tensor([[ 4225, 13435, 43556, 43318, 43794],
        [43556, 43318, 43794, 43080, 43792],
        [26779, 43556, 43318, 43794, 43080],
        [43556, 43318, 43794, 43080, 43792],
        [43556, 43318, 43794, 43080, 43792]], device='cuda:0'))
target.shape: torch.Size([63784])
topk target: torch.return_types.topk(
values=tensor([11.6199, 11.5877, 11.4910, 11.4315, 11.3768], device='cuda:0'),
indices=tensor([43556, 43318, 43794, 43080, 43792], device='cuda:0'))
titles: v_850 (m/s), t=13 (39 h)
vmin: -28.26325035095215, vmax: 22.273117065429688
topk samples: torch.return_types.topk(
values=tensor([[19.2028, 19.1237, 18.8376, 18.8278, 18.6676],
        [19.2028, 19.1237, 18.8376, 18.8278, 18.6676],
        [19.2028, 19.1237, 18.8376, 18.8278, 18.6676],
        [19.2028, 19.1237, 18.8376, 18.8278, 18.6676],
        [19.2028, 19.1237, 18.8376, 18.8278, 18.6676]], device='cuda:0'),
indices=tensor([[19275, 19513, 19512, 19037, 19274],
        [19275, 19513, 19512, 19037, 19274],
        [19275, 19513, 19512, 19037, 19274],
        [19275, 19513, 19512, 19037, 19274],
        [19275, 19513, 19512, 19037, 19274]], device='cuda:0'))
target.shape: torch.Size([63784])
topk target: torch.return_types.topk(
values=tensor([22.2731, 22.0788, 22.0358, 21.8532, 21.4753], device='cuda:0'),
indices=tensor([44197, 43959, 44435, 43484, 43722], device='cuda:0'))
titles: wvint_0 (kg/m²), t=13 (39 h)
vmin: -4.736786842346191, vmax: 50.88164520263672
topk samples: torch.return_types.topk(
values=tensor([[50.1768, 46.3476, 45.7980, 45.7249, 45.5987],
        [50.8816, 50.1873, 49.0209, 48.8047, 48.7407],
        [48.1189, 47.2075, 47.0899, 46.8631, 46.8173],
        [45.4753, 45.3555, 45.1403, 45.1403, 44.9494],
        [46.8747, 45.6560, 45.4307, 45.4231, 45.2851]], device='cuda:0'),
indices=tensor([[ 3942,  9269,  4676,  3739,  5152],
        [ 4030,  3781,  3558,  3313,  3080],
        [ 6851,  6619,  5895,  5893,  6133],
        [ 4733, 10697,  4684,  4711,  4949],
        [10460,  4954,  9745, 13079, 10699]], device='cuda:0'))
target.shape: torch.Size([63784])
topk target: torch.return_types.topk(
values=tensor([36.4077, 35.3872, 35.2085, 35.0170, 34.8696], device='cuda:0'),
indices=tensor([2563, 1365, 1849, 2326, 2802], device='cuda:0'))
titles: z_1000 (m²/s²), t=13 (39 h)
vmin: -3932.359375, vmax: 5363.51416015625
topk samples: torch.return_types.topk(
values=tensor([[4384.1123, 3678.3782, 2688.8250, 2659.6602, 2326.5781],
        [5363.5142, 5291.2744, 3232.6768, 2153.6589, 2153.4348],
        [2575.2666, 2403.2847, 2267.6279, 2094.8660, 2073.9792],
        [4117.9795, 3043.1304, 2702.3054, 2700.7256, 2215.3010],
        [3381.5901, 2445.7327, 2336.0928, 2127.2991, 2058.4502]],
       device='cuda:0'),
indices=tensor([[51189, 39518, 33508,  6004, 56892],
        [50263, 51806, 22624,  3051, 52895],
        [ 5187, 47862,  7534,  2732,  2735],
        [44685, 12148,  9920, 29451, 50727],
        [ 7510, 10811, 45230,  9450,  2508]], device='cuda:0'))
target.shape: torch.Size([63784])
topk target: torch.return_types.topk(
values=tensor([1658.7092, 1658.0217, 1657.9592, 1657.6467, 1657.5217],
       device='cuda:0'),
indices=tensor([19528, 19291, 19529, 20243, 19766], device='cuda:0'))
titles: z_500 (m²/s²), t=13 (39 h)
vmin: 43667.5546875, vmax: 62282.53125
topk samples: torch.return_types.topk(
values=tensor([[62282.5312, 61613.5664, 59501.1445, 59275.7695, 58783.2500],
        [62169.5430, 61267.7695, 60796.3086, 60689.3164, 58687.3203],
        [58626.6055, 58444.9219, 58431.2812, 58282.1953, 58261.2617],
        [61913.2305, 59188.6836, 59009.1758, 58435.7383, 57958.0195],
        [60203.4453, 60145.9922, 59630.5508, 58576.7539, 58568.0664]],
       device='cuda:0'),
indices=tensor([[33508, 51189,  2965,  3942,  2475],
        [51806, 18717, 17874, 50263,  3559],
        [21647, 11889,  5187,  9747, 16886],
        [44685,  5663,  9920, 12148,  8262],
        [ 7510, 10811, 18978,  4008,  8024]], device='cuda:0'))
target.shape: torch.Size([63784])
topk target: torch.return_types.topk(
values=tensor([56311.4375, 56311.1875, 56311.0625, 56310.8125, 56310.3125],
       device='cuda:0'),
indices=tensor([278, 277, 279, 280, 281], device='cuda:0'))
titles: pres_0g (Pa), t=14 (42 h)
vmin: 78964.640625, vmax: 113039.4609375
topk samples: torch.return_types.topk(
values=tensor([[108745.7109, 106879.5469, 106689.2812, 105455.9375, 105257.6406],
        [107318.8047, 105994.5156, 105234.7891, 104685.1953, 104632.2891],
        [106846.6250, 106668.8203, 105805.3438, 104499.7734, 104404.6797],
        [110426.8594, 106747.6719, 106419.9141, 105209.5703, 103719.4141],
        [113039.4609, 107278.9297, 107011.9375, 106395.1406, 106380.3516]],
       device='cuda:0'),
indices=tensor([[26435, 42582,  8615,  3942, 39518],
        [51806, 54188, 22624, 52895, 18717],
        [60654, 41942,  7534, 60024, 21263],
        [44685, 29451, 12148, 50296, 39997],
        [45804, 12968, 10811, 57710, 20433]], device='cuda:0'))
target.shape: torch.Size([63784])
topk target: torch.return_types.topk(
values=tensor([102127.0312, 102109.0312, 102086.0312, 102084.5312, 102084.0312],
       device='cuda:0'),
indices=tensor([18329, 28851, 18106, 18343, 17392], device='cuda:0'))
titles: pres_0s (Pa), t=14 (42 h)
vmin: 95821.96875, vmax: 106589.671875
topk samples: torch.return_types.topk(
values=tensor([[104562.3359, 103694.9688, 103310.2812, 103025.0391, 102950.2734],
        [106589.6719, 105871.5000, 104293.1328, 104002.2734, 103255.0078],
        [103814.2891, 103417.7422, 103178.2031, 102882.2266, 102827.8906],
        [104648.2500, 103947.3828, 103059.9141, 102729.6406, 102635.8906],
        [103937.9531, 103060.7578, 102836.5703, 102785.1953, 102698.5469]],
       device='cuda:0'),
indices=tensor([[39518, 13435, 51189, 47610,  5224],
        [51806, 50263, 22624, 49996, 18717],
        [54427,  4612,  4178,  7534, 10213],
        [44685, 12148,  9920, 38807, 30951],
        [ 7510, 53425, 49993, 10811, 45230]], device='cuda:0'))
target.shape: torch.Size([63784])
topk target: torch.return_types.topk(
values=tensor([102081.8672, 102081.8047, 102081.2422, 102081.1797, 102081.0547],
       device='cuda:0'),
indices=tensor([18344, 17392, 18106, 18105, 17868], device='cuda:0'))
titles: nlwrs_0 (W/m²), t=14 (42 h)
vmin: -1569604.0, vmax: 554805.875
topk samples: torch.return_types.topk(
values=tensor([[554805.8750, 311014.0625, 256476.3750, 255514.4688, 252825.8750],
        [519270.9688, 389388.5938, 310763.0938, 278829.3125, 277055.5312],
        [412847.4062, 383738.9062, 319441.4062, 293895.5312, 268331.9375],
        [405150.2812, 353226.3438, 303090.0938, 262476.7188, 237286.2812],
        [377447.3438, 291916.9375, 280470.0312, 257351.5000, 214566.1875]],
       device='cuda:0'),
indices=tensor([[13435, 31711, 52692, 43772,  5936],
        [38228, 51806,  2831, 19171, 49901],
        [59654, 46105, 26122, 17414, 12640],
        [43110, 43056, 27145, 29451,  8368],
        [20433, 28294, 39195, 57757, 47113]], device='cuda:0'))
target.shape: torch.Size([63784])
topk target: torch.return_types.topk(
values=tensor([36028., 26812., 18620., 15548., 15548.], device='cuda:0'),
indices=tensor([28790, 30461, 30937, 31175, 31174], device='cuda:0'))
titles: nswrs_0 (W/m²), t=14 (42 h)
vmin: -2088947.25, vmax: 6543982.0
topk samples: torch.return_types.topk(
values=tensor([[6154294.5000, 6133844.5000, 6115961.0000, 6097062.5000, 6074422.5000],
        [6543982.0000, 6236826.5000, 6177869.0000, 6143022.5000, 5967592.5000],
        [6217800.0000, 6117820.0000, 6062027.5000, 5989669.0000, 5932195.5000],
        [6264931.5000, 6177799.0000, 6157750.5000, 5972715.5000, 5948885.5000],
        [6006894.5000, 5959422.5000, 5930446.0000, 5917139.5000, 5914825.5000]],
       device='cuda:0'),
indices=tensor([[ 2835,  4695, 12084,  2839, 13749],
        [ 6107,  3039,  3041,  2563,  2802],
        [ 8057,  8295,  7582, 13509, 17332],
        [11613, 10190, 11371, 11609,  6116],
        [ 9212,  9688,   220,  8995,  8262]], device='cuda:0'))
target.shape: torch.Size([63784])
topk target: torch.return_types.topk(
values=tensor([5930446., 5887950., 5805006., 5759950., 5753294.], device='cuda:0'),
indices=tensor([ 220,  221,  457, 1419,  222], device='cuda:0'))
titles: r_2 (-), t=14 (42 h)
vmin: 0.24371784925460815, vmax: 1.267655849456787
topk samples: torch.return_types.topk(
values=tensor([[1.2613, 1.2359, 1.1248, 1.1234, 1.1196],
        [1.2677, 1.1872, 1.1592, 1.1363, 1.1354],
        [1.1608, 1.1604, 1.1326, 1.1181, 1.1139],
        [1.1642, 1.1548, 1.1366, 1.1317, 1.1310],
        [1.1896, 1.1777, 1.1656, 1.1483, 1.1346]], device='cuda:0'),
indices=tensor([[ 5936, 33508,  6409, 38260,  8538],
        [17874, 29216,  8522,  8556,  6887],
        [28205, 27231, 29501, 44151, 46835],
        [27447, 60342, 43056, 57746, 29829],
        [18745, 17090, 42773, 24335, 34684]], device='cuda:0'))
target.shape: torch.Size([63784])
topk target: torch.return_types.topk(
values=tensor([1.0000, 1.0000, 1.0000, 1.0000, 1.0000], device='cuda:0'),
indices=tensor([30194, 30193, 30195, 30197, 30196], device='cuda:0'))
titles: r_65 (-), t=14 (42 h)
vmin: 0.293626993894577, vmax: 1.2634559869766235
topk samples: torch.return_types.topk(
values=tensor([[1.1567, 1.1522, 1.1469, 1.1463, 1.1450],
        [1.2635, 1.2591, 1.2220, 1.1599, 1.1592],
        [1.1919, 1.1895, 1.1707, 1.1589, 1.1587],
        [1.2537, 1.2067, 1.1821, 1.1581, 1.1552],
        [1.2524, 1.2128, 1.1968, 1.1716, 1.1542]], device='cuda:0'),
indices=tensor([[27117,  6176, 29249,  5701, 58485],
        [ 9974, 49671,  8522, 46146, 28742],
        [28205, 61218, 42006, 47968, 14427],
        [34236, 17233, 27145, 27447, 27669],
        [17090, 28065, 17248, 24335, 34684]], device='cuda:0'))
target.shape: torch.Size([63784])
topk target: torch.return_types.topk(
values=tensor([1.0000, 1.0000, 1.0000, 1.0000, 1.0000], device='cuda:0'),
indices=tensor([30671, 30436, 30672, 30674, 30673], device='cuda:0'))
titles: t_2 (K), t=14 (42 h)
vmin: 260.74224853515625, vmax: 316.57421875
topk samples: torch.return_types.topk(
values=tensor([[316.5742, 309.9997, 306.6219, 303.8237, 302.9488],
        [308.1334, 305.6165, 304.7054, 302.6830, 302.5562],
        [305.3834, 304.6165, 304.0938, 303.9939, 303.8344],
        [303.8313, 303.7240, 303.3468, 302.6031, 302.4515],
        [306.3647, 305.6982, 304.0522, 303.4482, 303.3750]], device='cuda:0'),
indices=tensor([[ 3942,  2965,  4394, 13287,  4033],
        [13739,  2571, 18717, 17099, 13032],
        [11889, 21647,  4862,  9747, 14502],
        [ 5663,  9920,  8520, 11139,  7561],
        [ 7510,  4008,  7694,  8024, 18978]], device='cuda:0'))
target.shape: torch.Size([63784])
topk target: torch.return_types.topk(
values=tensor([298.6890, 298.6665, 298.6069, 298.5708, 298.5620], device='cuda:0'),
indices=tensor([1639, 1878, 2345, 1643, 2347], device='cuda:0'))
titles: t_65 (K), t=14 (42 h)
vmin: 257.1970520019531, vmax: 309.450927734375
topk samples: torch.return_types.topk(
values=tensor([[309.4509, 307.2804, 302.9482, 302.3857, 302.2552],
        [304.1211, 302.0594, 302.0389, 302.0021, 301.7451],
        [303.7407, 303.3311, 303.3228, 302.9141, 302.7263],
        [303.7355, 303.1266, 303.1099, 303.0614, 302.6768],
        [306.0062, 305.4550, 304.2869, 303.5479, 303.5135]], device='cuda:0'),
indices=tensor([[ 2965,  4394,  3316,  3942,  3678],
        [18717, 15183,  3269,  4360,  3039],
        [10698, 14502,  4862, 13317,  2555],
        [ 5663,  9920,  2559,  8520,  3034],
        [ 4008,  8024,  7694,  7510, 11833]], device='cuda:0'))
target.shape: torch.Size([63784])
topk target: torch.return_types.topk(
values=tensor([297.2271, 297.1392, 297.1329, 297.1241, 297.1143], device='cuda:0'),
indices=tensor([1639, 1878, 2117, 1400, 1879], device='cuda:0'))
titles: t_500 (K), t=14 (42 h)
vmin: 203.77847290039062, vmax: 288.6058349609375
topk samples: torch.return_types.topk(
values=tensor([[278.9227, 272.5339, 271.7669, 271.2091, 271.0536],
        [288.6058, 286.9097, 285.8019, 276.7001, 274.5517],
        [277.8064, 270.9190, 270.7604, 269.9460, 268.8989],
        [283.4398, 278.3002, 271.1963, 271.1132, 270.5552],
        [279.1425, 278.2150, 271.1992, 270.3360, 270.2621]], device='cuda:0'),
indices=tensor([[33508,  4394,  8615, 51189, 42582],
        [18717, 17874, 39359, 51806,  3080],
        [14459, 22047,  4509,  2796, 21170],
        [47036, 44685,  5663, 41588, 60342],
        [18978, 10811,  7694, 14716,  2845]], device='cuda:0'))
target.shape: torch.Size([63784])
topk target: torch.return_types.topk(
values=tensor([262.9250, 262.9177, 262.8654, 262.8635, 262.8386], device='cuda:0'),
indices=tensor([19754, 19516, 19755, 19992, 19993], device='cuda:0'))
titles: t_850 (K), t=14 (42 h)
vmin: 248.4504852294922, vmax: 296.4384460449219
topk samples: torch.return_types.topk(
values=tensor([[293.2523, 293.1510, 292.6818, 292.2711, 289.2252],
        [296.4384, 291.6399, 290.3123, 289.3895, 289.3068],
        [292.2691, 292.1915, 290.9743, 290.2916, 289.9615],
        [290.2769, 290.1312, 290.0383, 289.1870, 289.1665],
        [293.8421, 292.6102, 290.6205, 290.5014, 290.4402]], device='cuda:0'),
indices=tensor([[ 4394,  3942,  2965, 33508,  2999],
        [ 9974, 18717, 11259,  7127, 12126],
        [11889, 10698,  9747, 17599,  5893],
        [ 8520,  3035,  2957,  3031,  9593],
        [ 4008,  7510, 11833, 18978, 22577]], device='cuda:0'))
target.shape: torch.Size([63784])
topk target: torch.return_types.topk(
values=tensor([284.0868, 284.0731, 284.0536, 284.0536, 284.0419], device='cuda:0'),
indices=tensor([9106, 9343, 9580, 9342, 9105], device='cuda:0'))
titles: u_65 (m/s), t=14 (42 h)
vmin: -14.936214447021484, vmax: 23.220630645751953
topk samples: torch.return_types.topk(
values=tensor([[15.7220, 15.6599, 15.6492, 15.3574, 15.2484],
        [15.1812, 15.0936, 15.0376, 14.9582, 14.7187],
        [23.2206, 16.9191, 13.4736, 13.2643, 12.9620],
        [19.5267, 11.8075, 11.7978, 11.5829, 11.5613],
        [16.8286, 16.7514, 16.2798, 15.8261, 15.3959]], device='cuda:0'),
indices=tensor([[49345, 50531, 51014, 50294, 50298],
        [52221, 52696, 52454, 53644, 52937],
        [52448, 60276, 10365, 48641, 10837],
        [49602, 54990, 11060, 56179, 55703],
        [54129, 55319, 53182, 55079, 54365]], device='cuda:0'))
target.shape: torch.Size([63784])
topk target: torch.return_types.topk(
values=tensor([14.4083, 14.2169, 14.0495, 13.9259, 13.8912], device='cuda:0'),
indices=tensor([42934, 40561, 41278, 37464, 37228], device='cuda:0'))
titles: u_850 (m/s), t=14 (42 h)
vmin: -23.090984344482422, vmax: 20.92467498779297
topk samples: torch.return_types.topk(
values=tensor([[20.0819, 16.3991, 15.1044, 14.9181, 14.8518],
        [20.6528, 14.7867, 14.3508, 14.0800, 14.0736],
        [20.9247, 14.0268, 12.7340, 12.6393, 12.6129],
        [15.6464, 15.5490, 15.3863, 15.3178, 15.2047],
        [17.6258, 14.7521, 14.4998, 14.3130, 14.2411]], device='cuda:0'),
indices=tensor([[53136, 49581, 50061, 50765, 51236],
        [11259, 52220, 52697, 51749, 53883],
        [16052, 10128, 15229, 28081, 16412],
        [56417, 55227, 54988, 55226, 54750],
        [55265, 53592, 55306, 53173, 52230]], device='cuda:0'))
target.shape: torch.Size([63784])
topk target: torch.return_types.topk(
values=tensor([20.0866, 19.6188, 19.4616, 19.3151, 19.3131], device='cuda:0'),
indices=tensor([18500, 34378, 36993, 18739, 18977], device='cuda:0'))
titles: v_65 (m/s), t=14 (42 h)
vmin: -22.577083587646484, vmax: 13.541678428649902
topk samples: torch.return_types.topk(
values=tensor([[13.5417, 13.4689, 13.4543, 13.3835, 13.3249],
        [13.5417, 13.4689, 13.4543, 13.3835, 13.3249],
        [13.5417, 13.4689, 13.4543, 13.3835, 13.3249],
        [13.5417, 13.4689, 13.4543, 13.3835, 13.3249],
        [13.5417, 13.4689, 13.4543, 13.3835, 13.3249]], device='cuda:0'),
indices=tensor([[46650, 46888, 46412, 47126, 46174],
        [46650, 46888, 46412, 47126, 46174],
        [46650, 46888, 46412, 47126, 46174],
        [46650, 46888, 46412, 47126, 46174],
        [46650, 46888, 46412, 47126, 46174]], device='cuda:0'))
target.shape: torch.Size([63784])
topk target: torch.return_types.topk(
values=tensor([13.5417, 13.4689, 13.4543, 13.3835, 13.3249], device='cuda:0'),
indices=tensor([46650, 46888, 46412, 47126, 46174], device='cuda:0'))
titles: v_850 (m/s), t=14 (42 h)
vmin: -28.642549514770508, vmax: 20.25870704650879
topk samples: torch.return_types.topk(
values=tensor([[19.8528, 14.2841, 14.2480, 14.2323, 14.2050],
        [14.2841, 14.2480, 14.2323, 14.2050, 14.0341],
        [17.1494, 14.2841, 14.2480, 14.2323, 14.2050],
        [15.6399, 14.2841, 14.2480, 14.2323, 14.2050],
        [14.2841, 14.2480, 14.2323, 14.2050, 14.0341]], device='cuda:0'),
indices=tensor([[22531, 45696, 15704, 45934, 45458],
        [45696, 15704, 45934, 45458, 46172],
        [59654, 45696, 15704, 45934, 45458],
        [52135, 45696, 15704, 45934, 45458],
        [45696, 15704, 45934, 45458, 46172]], device='cuda:0'))
target.shape: torch.Size([63784])
topk target: torch.return_types.topk(
values=tensor([20.2587, 20.1669, 19.3583, 19.0946, 19.0800], device='cuda:0'),
indices=tensor([45149, 45624, 45387, 45150, 44912], device='cuda:0'))
titles: wvint_0 (kg/m²), t=14 (42 h)
vmin: -4.047501564025879, vmax: 47.95683288574219
topk samples: torch.return_types.topk(
values=tensor([[47.5801, 47.0580, 46.7281, 46.6949, 46.4387],
        [47.9235, 47.4642, 46.8604, 46.5871, 46.5755],
        [47.5143, 47.1375, 47.0736, 46.9314, 46.9275],
        [47.9568, 46.8978, 46.7245, 46.6397, 46.6349],
        [46.4742, 46.3229, 46.2259, 46.1475, 46.1454]], device='cuda:0'),
indices=tensor([[ 6578,  4502,  7366,  4654,  5656],
        [ 3553,  6145, 18717,  6384,  3080],
        [ 5187,  5423,  5900,  5895,  3490],
        [ 4981,  7561,  3024,  3266,  4684],
        [ 2589, 11078,  9192,  4005,  3284]], device='cuda:0'))
target.shape: torch.Size([63784])
topk target: torch.return_types.topk(
values=tensor([34.7208, 34.3790, 34.2628, 34.0309, 33.9493], device='cuda:0'),
indices=tensor([2098, 2809, 2332, 2097, 2571], device='cuda:0'))
titles: z_1000 (m²/s²), t=14 (42 h)
vmin: -4017.345703125, vmax: 5310.8994140625
topk samples: torch.return_types.topk(
values=tensor([[4505.7158, 3617.0083, 2975.1489, 2547.7139, 2445.9180],
        [5310.8994, 5267.6870, 3129.3862, 2264.2319, 2197.4248],
        [2516.6562, 2422.2720, 2342.7334, 2129.1777, 2023.6418],
        [3815.0564, 3199.7905, 2933.3501, 2739.9285, 2494.7532],
        [3243.0667, 2361.3875, 2273.2261, 2269.5139, 2070.8025]],
       device='cuda:0'),
indices=tensor([[51189, 39518, 33508, 13435,  6004],
        [50263, 51806, 22624, 32616, 52895],
        [ 5187, 47862,  7534, 13724, 30237],
        [44685, 43110, 12148,  9920, 29451],
        [ 7510, 43926, 10811, 45230,  2508]], device='cuda:0'))
target.shape: torch.Size([63784])
topk target: torch.return_types.topk(
values=tensor([1697.7961, 1697.5461, 1697.4836, 1696.9211, 1696.8586],
       device='cuda:0'),
indices=tensor([17392, 17868, 18105, 18344, 18106], device='cuda:0'))
titles: z_500 (m²/s²), t=14 (42 h)
vmin: 43717.0703125, vmax: 62785.35546875
topk samples: torch.return_types.topk(
values=tensor([[62785.3555, 61070.9375, 59702.5000, 59516.0898, 59472.6406],
        [61903.5938, 60627.8281, 60210.7852, 60017.9297, 58626.5000],
        [58754.9570, 58537.5625, 58446.4727, 58381.8125, 58270.3281],
        [61460.3281, 59014.6602, 58589.7617, 57981.0781, 57849.6172],
        [59947.8984, 59801.7031, 59326.8984, 58479.4688, 58303.2461]],
       device='cuda:0'),
indices=tensor([[33508, 51189,  3942,  2965, 13435],
        [51806, 18717, 17874, 50263,  3559],
        [ 4178,  7810, 16886,  5187, 11889],
        [44685,  9920,  5663, 12148,  2428],
        [ 7510, 10811, 18978,  4008,  8024]], device='cuda:0'))
target.shape: torch.Size([63784])
topk target: torch.return_types.topk(
values=tensor([56397.9141, 56397.6641, 56396.9141, 56396.9141, 56395.6641],
       device='cuda:0'),
indices=tensor([273, 272, 274, 271, 270], device='cuda:0'))
titles: pres_0g (Pa), t=15 (45 h)
vmin: 78867.859375, vmax: 112908.1640625
topk samples: torch.return_types.topk(
values=tensor([[108724.9297, 106471.9141, 106419.5859, 105569.1094, 105157.5781],
        [107189.5547, 105766.4922, 104998.8125, 104684.9688, 104677.3594],
        [106526.4844, 106494.1797, 105522.4062, 104417.8281, 104276.7656],
        [110138.5234, 106522.4766, 106136.6641, 105418.0391, 105004.3906],
        [112908.1641, 107624.4766, 106922.1406, 106314.5625, 106193.2500]],
       device='cuda:0'),
indices=tensor([[26435, 42582,  8615,  3942, 39518],
        [51806, 54188, 22624, 52895, 12158],
        [41942, 60654,  7534, 60024, 30237],
        [44685, 29451, 12148, 50296, 56679],
        [45804, 12968, 10811, 20433, 57710]], device='cuda:0'))
target.shape: torch.Size([63784])
topk target: torch.return_types.topk(
values=tensor([102067.1797, 102026.1797, 101988.1797, 101982.1797, 101978.6797],
       device='cuda:0'),
indices=tensor([28851, 29329, 29568, 18329, 20496], device='cuda:0'))
titles: pres_0s (Pa), t=15 (45 h)
vmin: 95534.890625, vmax: 106445.3125
topk samples: torch.return_types.topk(
values=tensor([[106445.3125, 104545.5859, 104239.4844, 103580.2500, 102979.0938],
        [106368.0781, 105693.2969, 104144.5312, 103806.5000, 102825.2188],
        [103795.8125, 102981.0000, 102908.1094, 102877.7344, 102671.7344],
        [104312.0000, 103515.9844, 102788.0234, 102787.8984, 102644.9141],
        [104111.8281, 103572.1406, 102627.8047, 102540.3594, 102533.7500]],
       device='cuda:0'),
indices=tensor([[49770, 39518, 13435, 51189, 47610],
        [51806, 50263, 22624, 49996, 18717],
        [54427, 10213,  4178,  4612,  7534],
        [44685, 12148, 38807, 30951, 37855],
        [56708,  7510,  2594, 45230, 49993]], device='cuda:0'))
target.shape: torch.Size([63784])
topk target: torch.return_types.topk(
values=tensor([101969.8906, 101969.3906, 101969.3906, 101969.2656, 101968.7656],
       device='cuda:0'),
indices=tensor([19302, 19540, 19064, 20016, 19778], device='cuda:0'))
titles: nlwrs_0 (W/m²), t=15 (45 h)
vmin: -1789780.0, vmax: 610276.25
topk samples: torch.return_types.topk(
values=tensor([[414211.6562, 290563.8125, 267184.9688, 255389.7500, 249581.5000],
        [506032.2188, 375231.0938, 326366.3438, 247168.5000, 212379.0312],
        [610276.2500, 481280.6562, 358801.9062, 341873.2500, 339590.4688],
        [375957.0312, 343044.2188, 313380.5312, 282261.2812, 271448.2500],
        [444518.9688, 266201.5312, 230364.1250, 225628.1250, 220015.1562]],
       device='cuda:0'),
indices=tensor([[28640, 13435,  9794,  5247, 18180],
        [24300, 19171, 38228, 25827,  8598],
        [56018, 40830, 47765,  4774, 26122],
        [25877, 43056, 57746,  2666, 22744],
        [57757, 46874, 19168, 28073, 20433]], device='cuda:0'))
target.shape: torch.Size([63784])
topk target: torch.return_types.topk(
values=tensor([4268., 3756., 2220., 1708.,  684.], device='cuda:0'),
indices=tensor([31888, 32602, 32126, 31634, 30929], device='cuda:0'))
titles: nswrs_0 (W/m²), t=15 (45 h)
vmin: -3400794.5, vmax: 6490726.0
topk samples: torch.return_types.topk(
values=tensor([[6490726., 6489190., 6484070., 6482022., 6481510.],
        [6490726., 6489190., 6484070., 6482022., 6481510.],
        [6490726., 6489190., 6484070., 6482022., 6481510.],
        [6490726., 6489190., 6484070., 6482022., 6481510.],
        [6490726., 6489190., 6484070., 6482022., 6481510.]], device='cuda:0'),
indices=tensor([[0, 1, 7, 2, 6],
        [0, 1, 7, 2, 6],
        [0, 1, 7, 2, 6],
        [0, 1, 7, 2, 6],
        [0, 1, 7, 2, 6]], device='cuda:0'))
target.shape: torch.Size([63784])
topk target: torch.return_types.topk(
values=tensor([6490726., 6489190., 6484070., 6482022., 6481510.], device='cuda:0'),
indices=tensor([0, 1, 7, 2, 6], device='cuda:0'))
titles: r_2 (-), t=15 (45 h)
vmin: 0.21470433473587036, vmax: 1.2870475053787231
topk samples: torch.return_types.topk(
values=tensor([[1.2870, 1.2734, 1.2218, 1.2010, 1.2002],
        [1.2869, 1.2472, 1.2315, 1.2111, 1.1957],
        [1.2444, 1.2298, 1.1953, 1.1821, 1.1652],
        [1.2473, 1.1845, 1.1805, 1.1675, 1.1607],
        [1.1789, 1.1604, 1.1595, 1.1543, 1.1518]], device='cuda:0'),
indices=tensor([[18996,  6777,  7255,  3320,  3041],
        [25827, 17874,  4720, 13051, 12568],
        [ 3031,  5401,  3547,  7821, 11412],
        [ 7086,  8520,  4964, 21131,  6632],
        [ 7302, 42773,  7521,  7538, 14015]], device='cuda:0'))
target.shape: torch.Size([63784])
topk target: torch.return_types.topk(
values=tensor([1.0000, 1.0000, 1.0000, 1.0000, 1.0000], device='cuda:0'),
indices=tensor([30668, 28148, 30906, 30930, 30907], device='cuda:0'))
titles: r_65 (-), t=15 (45 h)
vmin: 0.23114579916000366, vmax: 1.3384943008422852
topk samples: torch.return_types.topk(
values=tensor([[1.3385, 1.3042, 1.2360, 1.1956, 1.1815],
        [1.2290, 1.1989, 1.1933, 1.1915, 1.1866],
        [1.2708, 1.2338, 1.2021, 1.1982, 1.1961],
        [1.3231, 1.3231, 1.2585, 1.2432, 1.1925],
        [1.2764, 1.2723, 1.2571, 1.1974, 1.1911]], device='cuda:0'),
indices=tensor([[18996,  6777, 15064,  5178,  7255],
        [12568,  3603,  8777,  4950,  4951],
        [ 3031,  3547, 40806, 11412, 49401],
        [ 8520,  3833,  7086, 21131, 26477],
        [35136,  7302, 56708, 28065, 17312]], device='cuda:0'))
target.shape: torch.Size([63784])
topk target: torch.return_types.topk(
values=tensor([1.0000, 1.0000, 1.0000, 1.0000, 1.0000], device='cuda:0'),
indices=tensor([30668, 28148, 30906, 31400, 31145], device='cuda:0'))
titles: t_2 (K), t=15 (45 h)
vmin: 260.81573486328125, vmax: 315.00848388671875
topk samples: torch.return_types.topk(
values=tensor([[315.0085, 310.8443, 307.1189, 304.6202, 303.9707],
        [306.4147, 305.4629, 304.7514, 304.1403, 303.7681],
        [309.6609, 308.1458, 305.8253, 304.4504, 304.0131],
        [304.7733, 304.1611, 303.6093, 303.4396, 303.4353],
        [305.3963, 304.6571, 304.5646, 304.3231, 303.4226]], device='cuda:0'),
indices=tensor([[ 3942,  2965,  4394,  2475,  5579],
        [18717, 13739,  2571, 17099,  8271],
        [40830, 22801, 21647,  2735, 14232],
        [ 9920,  2708,  6379,  2450,  5071],
        [ 7694,  2728, 11833,  8024,  9450]], device='cuda:0'))
target.shape: torch.Size([63784])
topk target: torch.return_types.topk(
values=tensor([299.4583, 299.4261, 299.3988, 299.3949, 299.3714], device='cuda:0'),
indices=tensor([2130, 1891, 1654, 2370, 2368], device='cuda:0'))
titles: t_65 (K), t=15 (45 h)
vmin: 256.53118896484375, vmax: 310.493408203125
topk samples: torch.return_types.topk(
values=tensor([[310.4934, 308.2439, 306.5379, 304.1111, 303.0692],
        [303.9950, 303.3365, 302.4105, 302.1692, 302.0985],
        [304.3787, 303.5703, 303.3979, 303.2361, 302.7567],
        [304.6296, 304.3737, 302.7940, 302.4856, 302.2344],
        [306.2936, 306.0952, 305.0351, 303.7135, 303.2204]], device='cuda:0'),
indices=tensor([[ 2965,  4394,  3942,  2475,  2959],
        [18717,  2564,  2966,  4360,  3887],
        [21647,  4642,  3696,  3437, 13996],
        [ 9920,  9228,  5886,  5663, 10416],
        [ 8024,  7694, 11833,  7786,  8022]], device='cuda:0'))
target.shape: torch.Size([63784])
topk target: torch.return_types.topk(
values=tensor([298.2949, 298.2822, 298.2685, 298.2446, 298.2309], device='cuda:0'),
indices=tensor([1643, 1878, 2119, 1881, 1884], device='cuda:0'))
titles: t_500 (K), t=15 (45 h)
vmin: 206.87997436523438, vmax: 284.2957458496094
topk samples: torch.return_types.topk(
values=tensor([[280.3024, 272.7033, 272.0246, 271.7578, 271.2388],
        [284.2957, 284.2553, 280.1053, 275.8689, 274.9128],
        [276.8745, 270.4406, 269.7632, 269.5026, 269.2451],
        [281.1366, 277.6756, 272.4590, 271.7000, 270.8160],
        [277.3453, 276.5311, 271.1368, 270.0719, 269.4421]], device='cuda:0'),
indices=tensor([[33508, 42582,  2965, 16173,  4394],
        [17874, 18717, 39359,  3080, 51806],
        [14459,  4509,  9173,  2796,  3231],
        [47036, 44685, 42986, 41588,  5663],
        [18978, 10811,  2845,  7694, 29682]], device='cuda:0'))
target.shape: torch.Size([63784])
topk target: torch.return_types.topk(
values=tensor([262.4850, 262.4840, 262.4821, 262.4821, 262.4816], device='cuda:0'),
indices=tensor([23087, 23086, 22849, 22611, 22610], device='cuda:0'))
titles: t_850 (K), t=15 (45 h)
vmin: 247.72634887695312, vmax: 295.8394470214844
topk samples: torch.return_types.topk(
values=tensor([[295.8394, 294.1053, 293.8869, 292.9087, 290.0517],
        [295.3494, 290.8585, 290.4616, 290.2352, 289.5338],
        [292.2691, 292.0397, 291.9646, 291.7180, 291.5868],
        [292.2261, 290.3611, 290.3181, 290.2325, 290.2272],
        [293.5388, 292.0754, 291.9734, 291.1767, 291.1334]], device='cuda:0'),
indices=tensor([[ 2965,  4394, 33508,  3942,  3018],
        [ 5064,  9974, 18717,  7577,  3044],
        [11889, 18075, 14502,  9984, 10698],
        [ 3833,  2957,  6141,  9231,  9464],
        [ 7510,  7694,  4008,  7786,  8022]], device='cuda:0'))
target.shape: torch.Size([63784])
topk target: torch.return_types.topk(
values=tensor([284.7310, 284.7144, 284.7144, 284.7057, 284.7042], device='cuda:0'),
indices=tensor([1879, 1880, 1878, 1640, 1881], device='cuda:0'))
titles: u_65 (m/s), t=15 (45 h)
vmin: -16.707162857055664, vmax: 19.194374084472656
topk samples: torch.return_types.topk(
values=tensor([[19.1944, 17.9009, 17.0087, 16.8888, 16.6089],
        [17.1666, 16.8925, 16.3890, 15.9556, 15.8730],
        [13.5895, 13.1976, 13.0684, 13.0206, 12.4040],
        [15.2038, 13.6785, 13.5249, 13.3681, 13.2428],
        [17.2429, 17.0213, 16.8220, 16.3718, 16.3384]], device='cuda:0'),
indices=tensor([[48859, 47921, 49826, 49824, 49345],
        [52696, 52937, 53170, 52450, 53412],
        [52448, 48810, 49602, 49604, 51507],
        [54514, 54990, 54991, 53561, 54513],
        [52707, 52471, 53181, 52712, 53893]], device='cuda:0'))
target.shape: torch.Size([63784])
topk target: torch.return_types.topk(
values=tensor([13.5936, 13.4994, 13.3993, 13.2704, 13.0018], device='cuda:0'),
indices=tensor([28993, 33738, 43198, 38896, 34846], device='cuda:0'))
titles: u_850 (m/s), t=15 (45 h)
vmin: -21.919967651367188, vmax: 38.00654602050781
topk samples: torch.return_types.topk(
values=tensor([[38.0065, 16.8298, 16.7763, 16.5549, 16.2498],
        [18.2610, 16.7245, 16.6386, 16.5473, 16.1135],
        [17.6121, 15.2655, 15.2596, 15.1522, 15.1268],
        [18.8860, 18.7304, 18.6861, 18.5124, 18.5013],
        [16.8838, 16.4953, 15.8626, 15.4578, 15.3250]], device='cuda:0'),
indices=tensor([[48859, 47443, 48395, 48402, 47686],
        [ 5577, 51983, 51510, 52454, 51980],
        [ 7584, 24028, 19985, 19748, 23790],
        [52133, 53323, 53800, 51894, 51656],
        [52162, 55265, 53323, 52940, 53799]], device='cuda:0'))
target.shape: torch.Size([63784])
topk target: torch.return_types.topk(
values=tensor([20.6708, 20.6346, 20.4930, 20.3505, 19.8895], device='cuda:0'),
indices=tensor([20425, 20662, 22090, 21138, 20424], device='cuda:0'))
titles: v_65 (m/s), t=15 (45 h)
vmin: -25.269582748413086, vmax: 13.053552627563477
topk samples: torch.return_types.topk(
values=tensor([[13.0536, 13.0340, 13.0169, 13.0116, 13.0086],
        [13.0536, 13.0340, 13.0169, 13.0116, 13.0086],
        [13.0536, 13.0340, 13.0169, 13.0116, 13.0086],
        [13.0536, 13.0340, 13.0169, 13.0116, 13.0086],
        [13.0536, 13.0340, 13.0169, 13.0116, 13.0086]], device='cuda:0'),
indices=tensor([[48318, 48081, 48555, 48080, 48319],
        [48318, 48081, 48555, 48080, 48319],
        [48318, 48081, 48555, 48080, 48319],
        [48318, 48081, 48555, 48080, 48319],
        [48318, 48081, 48555, 48080, 48319]], device='cuda:0'))
target.shape: torch.Size([63784])
topk target: torch.return_types.topk(
values=tensor([13.0536, 13.0340, 13.0169, 13.0116, 13.0086], device='cuda:0'),
indices=tensor([48318, 48081, 48555, 48080, 48319], device='cuda:0'))
titles: v_850 (m/s), t=15 (45 h)
vmin: -31.640567779541016, vmax: 27.397624969482422
topk samples: torch.return_types.topk(
values=tensor([[15.2111, 15.2092, 15.1701, 15.1604, 15.1027],
        [16.5843, 15.2111, 15.2092, 15.1701, 15.1604],
        [15.2111, 15.2092, 15.1701, 15.1604, 15.1027],
        [15.2111, 15.2092, 15.1701, 15.1604, 15.1027],
        [27.3976, 15.2111, 15.2092, 15.1701, 15.1604]], device='cuda:0'),
indices=tensor([[48790, 49028, 49266, 48552, 49504],
        [ 5577, 48790, 49028, 49266, 48552],
        [48790, 49028, 49266, 48552, 49504],
        [48790, 49028, 49266, 48552, 49504],
        [35136, 48790, 49028, 49266, 48552]], device='cuda:0'))
target.shape: torch.Size([63784])
topk target: torch.return_types.topk(
values=tensor([17.4299, 16.8918, 16.6584, 16.6545, 16.4768], device='cuda:0'),
indices=tensor([39692, 41114, 37559, 37796, 40877], device='cuda:0'))
titles: wvint_0 (kg/m²), t=15 (45 h)
vmin: -3.2591257095336914, vmax: 49.971961975097656
topk samples: torch.return_types.topk(
values=tensor([[48.6455, 48.6245, 48.0112, 47.6093, 47.5353],
        [49.9720, 48.9835, 48.8332, 48.4548, 48.0924],
        [48.3439, 48.0090, 47.8060, 47.6107, 47.4611],
        [48.5962, 47.9766, 47.6917, 47.6497, 47.5688],
        [49.7972, 48.7290, 48.0077, 47.6583, 47.6538]], device='cuda:0'),
indices=tensor([[ 6879,  8529,  5176,  4220,  3942],
        [ 7090,  3289,  4950,  3768,  3528],
        [ 3746,  3490,  5401, 14723, 12339],
        [ 5916,  3983,  4432,  3980,  2843],
        [ 4714,  5828,  5819,  4239,  5675]], device='cuda:0'))
target.shape: torch.Size([63784])
topk target: torch.return_types.topk(
values=tensor([37.9074, 37.3674, 37.2453, 36.6994, 36.6584], device='cuda:0'),
indices=tensor([ 909,  912,  911, 1152, 2107], device='cuda:0'))
titles: z_1000 (m²/s²), t=15 (45 h)
vmin: -4161.6796875, vmax: 5185.474609375
topk samples: torch.return_types.topk(
values=tensor([[4596.9297, 3724.5356, 3065.5703, 2969.4270, 2564.5840],
        [5185.4746, 5104.4888, 4487.6680, 3051.5186, 2331.7561],
        [2481.1763, 2433.1511, 2335.6980, 2227.3093, 2215.9668],
        [3559.7529, 3345.4373, 2690.1287, 2464.8862, 2320.3298],
        [3112.5806, 2486.5935, 2139.8020, 2094.1833, 2080.2776]],
       device='cuda:0'),
indices=tensor([[51189, 39518, 33508, 13435, 56892],
        [50263, 51806, 12158, 22624, 32616],
        [ 5187, 40292, 47862, 34758,  7534],
        [44685, 43110, 12148,  9920, 31188],
        [ 7510, 43926, 45230,  2594, 56708]], device='cuda:0'))
target.shape: torch.Size([63784])
topk target: torch.return_types.topk(
values=tensor([1608.5746, 1608.4496, 1608.3246, 1608.1371, 1608.1371],
       device='cuda:0'),
indices=tensor([19302, 16206, 14062, 19064, 14300], device='cuda:0'))
titles: z_500 (m²/s²), t=15 (45 h)
vmin: 43476.00390625, vmax: 62823.36328125
topk samples: torch.return_types.topk(
values=tensor([[62823.3633, 60519.8945, 60198.4922, 59835.1133, 59435.1445],
        [61567.6562, 59901.5234, 59614.4688, 59456.9297, 58308.6719],
        [58966.5312, 58941.2773, 58891.0273, 58389.7812, 58270.6250],
        [61001.4023, 58996.8359, 58208.9492, 57760.7539, 57701.8945],
        [59475.6641, 59406.3828, 58827.6172, 58143.7109, 58019.3984]],
       device='cuda:0'),
indices=tensor([[33508, 51189, 13435,  3942,  2965],
        [51806, 18717, 17874, 50263,  3559],
        [ 4178, 54427,  7810, 16886,  4413],
        [44685,  9920,  5663,  2428, 10907],
        [10811,  7510, 18978,  4008,  8024]], device='cuda:0'))
target.shape: torch.Size([63784])
topk target: torch.return_types.topk(
values=tensor([56408.0547, 56407.6797, 56407.3047, 56407.3047, 56407.1797],
       device='cuda:0'),
indices=tensor([282, 283, 281, 277, 278], device='cuda:0'))
titles: pres_0g (Pa), t=16 (48 h)
vmin: 78725.0859375, vmax: 112815.765625
topk samples: torch.return_types.topk(
values=tensor([[108750.6406, 106210.8828, 106189.2109, 105686.3906, 105347.1797],
        [107083.8438, 106260.6328, 105605.0156, 104997.2344, 104606.7422],
        [106571.8125, 106421.8828, 105278.9531, 104182.0078, 104143.0234],
        [109699.2422, 106174.2891, 106100.1484, 105977.4844, 105386.7578],
        [112815.7656, 107706.5781, 106725.0781, 106272.4297, 106104.6016]],
       device='cuda:0'),
indices=tensor([[26435,  8615, 42582,  3942, 49770],
        [51806, 12158, 54188, 22624, 52895],
        [60654, 41942,  7534, 30237,  5187],
        [44685, 29451, 56679, 12148, 50296],
        [45804, 12968, 10811, 20433, 39598]], device='cuda:0'))
target.shape: torch.Size([63784])
topk target: torch.return_types.topk(
values=tensor([102007.2969, 101962.7969, 101933.7969, 101915.2969, 101910.7969],
       device='cuda:0'),
indices=tensor([28851, 29329, 29568, 29327, 23835], device='cuda:0'))
titles: pres_0s (Pa), t=16 (48 h)
vmin: 95339.8359375, vmax: 107414.625
topk samples: torch.return_types.topk(
values=tensor([[107414.6250, 104605.8281, 104519.1250, 103892.6016, 103191.7891],
        [106187.8594, 105476.5469, 104118.6641, 103443.5781, 102896.6484],
        [103603.9375, 102842.5469, 102684.9688, 102646.6484, 102644.8672],
        [103934.7578, 103167.4375, 102809.3438, 102760.4766, 102712.9062],
        [104360.9062, 103176.0312, 102700.6641, 102481.7344, 102277.5156]],
       device='cuda:0'),
indices=tensor([[49770, 13435, 39518, 51189, 47848],
        [51806, 50263, 22624, 49996, 26669],
        [54427, 10213, 40292, 48810,  4178],
        [44685, 12148, 38807, 30951, 38091],
        [56708,  7510,  2594,  2590,  2508]], device='cuda:0'))
target.shape: torch.Size([63784])
topk target: torch.return_types.topk(
values=tensor([101883.6094, 101883.4844, 101883.3594, 101883.2344, 101883.2344],
       device='cuda:0'),
indices=tensor([15497, 22165, 15735, 22164, 14783], device='cuda:0'))
titles: nlwrs_0 (W/m²), t=16 (48 h)
vmin: -1468912.0, vmax: 542504.25
topk samples: torch.return_types.topk(
values=tensor([[287195.5938, 251464.1875, 189306.3125, 181377.0625, 163228.2812],
        [479812.7188, 374756.7188, 240556.0000, 229917.9688, 187418.6250],
        [424708.3438, 232465.1875, 208600.4062, 190058.5625, 189657.3750],
        [542504.2500, 297177.1250, 261042.0312, 250516.7500, 198431.8438],
        [370967.3438, 363534.7188, 225668.4062, 182782.7188, 178844.9375]],
       device='cuda:0'),
indices=tensor([[52692,  7892, 33508,  8340,  5032],
        [24300, 19171,  2395, 25827, 51806],
        [10051,  4774, 14378, 31308,  8079],
        [39248, 25877, 43056, 37511,  2629],
        [23707, 57757, 19168, 54477, 15372]], device='cuda:0'))
target.shape: torch.Size([63784])
topk target: torch.return_types.topk(
values=tensor([26128., 16912., 15888., 15376., 12816.], device='cuda:0'),
indices=tensor([31400, 31637, 31639, 31638, 32110], device='cuda:0'))
titles: nswrs_0 (W/m²), t=16 (48 h)
vmin: -2832174.0, vmax: 4913420.0
topk samples: torch.return_types.topk(
values=tensor([[4913420., 4911372., 4908300., 4906252., 4905228.],
        [4913420., 4911372., 4908300., 4906252., 4905228.],
        [4913420., 4911372., 4908300., 4906252., 4905228.],
        [4913420., 4911372., 4908300., 4906252., 4905228.],
        [4913420., 4911372., 4908300., 4906252., 4905228.]], device='cuda:0'),
indices=tensor([[241, 239, 242, 240,   2],
        [241, 239, 242, 240,   2],
        [241, 239, 242, 240,   2],
        [241, 239, 242, 240,   2],
        [241, 239, 242, 240,   2]], device='cuda:0'))
target.shape: torch.Size([63784])
topk target: torch.return_types.topk(
values=tensor([4913420., 4911372., 4908300., 4906252., 4905228.], device='cuda:0'),
indices=tensor([241, 239, 242, 240,   2], device='cuda:0'))
titles: r_2 (-), t=16 (48 h)
vmin: 0.20722395181655884, vmax: 1.407558560371399
topk samples: torch.return_types.topk(
values=tensor([[1.2327, 1.2259, 1.1689, 1.1664, 1.1642],
        [1.4076, 1.2661, 1.2347, 1.2305, 1.2275],
        [1.2477, 1.2162, 1.1863, 1.1740, 1.1687],
        [1.2922, 1.2731, 1.2504, 1.2270, 1.2043],
        [1.2362, 1.2255, 1.2004, 1.1733, 1.1723]], device='cuda:0'),
indices=tensor([[ 7075, 10437,  4640,  2556,  6837],
        [ 7810,  9950,  9711, 12317, 11138],
        [18305,  4958, 19972, 28618, 25775],
        [ 6618, 12588,  5432,  6381,  5176],
        [44702, 41976, 16120,  9718, 10197]], device='cuda:0'))
target.shape: torch.Size([63784])
topk target: torch.return_types.topk(
values=tensor([1.0000, 1.0000, 1.0000, 1.0000, 1.0000], device='cuda:0'),
indices=tensor([27669,  7373, 28148, 28618, 28387], device='cuda:0'))
titles: r_65 (-), t=16 (48 h)
vmin: 0.27784425020217896, vmax: 1.4521949291229248
topk samples: torch.return_types.topk(
values=tensor([[1.2727, 1.2172, 1.1998, 1.1917, 1.1812],
        [1.4522, 1.4399, 1.2947, 1.2425, 1.2368],
        [1.3351, 1.2577, 1.2342, 1.2170, 1.2038],
        [1.3237, 1.3008, 1.2806, 1.2537, 1.2359],
        [1.3472, 1.2520, 1.2318, 1.2291, 1.2225]], device='cuda:0'),
indices=tensor([[ 7075, 10437,  2554,  2755,  4640],
        [ 7810, 22949, 14689,  9950,  9709],
        [18305, 41764,  3023,  4958, 46835],
        [12588,  4925,  6381,  3833, 13776],
        [41976,  8291, 28065,  9718,  5109]], device='cuda:0'))
target.shape: torch.Size([63784])
topk target: torch.return_types.topk(
values=tensor([1.0000, 1.0000, 1.0000, 1.0000, 1.0000], device='cuda:0'),
indices=tensor([28148, 27669, 28387, 28624, 28618], device='cuda:0'))
titles: t_2 (K), t=16 (48 h)
vmin: 259.8450927734375, vmax: 312.21612548828125
topk samples: torch.return_types.topk(
values=tensor([[312.2161, 308.7729, 306.5817, 304.9722, 302.5128],
        [304.7609, 303.3154, 301.7561, 301.5568, 301.2008],
        [308.0634, 307.8759, 304.8447, 302.1283, 301.6348],
        [307.6198, 301.7392, 301.5664, 301.3107, 301.2442],
        [302.8300, 302.7747, 301.9231, 301.7131, 301.4585]], device='cuda:0'),
indices=tensor([[ 3942,  2965,  4394,  2475,  3442],
        [18717, 25405,  8271,  2705,  2449],
        [22801, 40830,  4178, 11889,  3200],
        [14906, 16362,  2708,  9920,  4605],
        [11833,  2728,  7694, 19384,  7325]], device='cuda:0'))
target.shape: torch.Size([63784])
topk target: torch.return_types.topk(
values=tensor([297.4908, 297.3409, 297.3317, 297.3268, 297.3087], device='cuda:0'),
indices=tensor([1884, 2133, 2120, 1886, 1644], device='cuda:0'))
titles: t_65 (K), t=16 (48 h)
vmin: 257.10113525390625, vmax: 310.7168273925781
topk samples: torch.return_types.topk(
values=tensor([[310.7168, 307.6908, 304.8919, 304.0905, 302.5428],
        [303.2133, 303.0984, 301.7128, 301.5739, 300.7807],
        [303.3362, 302.0388, 301.3622, 301.1340, 300.6698],
        [302.9555, 301.6316, 301.0419, 300.8822, 300.7372],
        [304.6031, 303.0707, 302.1709, 301.7812, 301.3412]], device='cuda:0'),
indices=tensor([[ 2965,  4394,  2475,  3942,  3442],
        [18717,  4617,  2941,  2705,  4851],
        [ 4178, 11614,  3885,  3200,  3437],
        [ 9920,  4128,  2715,  2695,  2471],
        [11833,  2728,  7694, 10811,  8024]], device='cuda:0'))
target.shape: torch.Size([63784])
topk target: torch.return_types.topk(
values=tensor([297.6231, 297.5957, 297.4468, 297.3907, 297.3731], device='cuda:0'),
indices=tensor([1884, 1882, 2133, 2125, 2120], device='cuda:0'))
titles: t_500 (K), t=16 (48 h)
vmin: 207.44357299804688, vmax: 282.31298828125
topk samples: torch.return_types.topk(
values=tensor([[279.5475, 273.3561, 272.2153, 271.7877, 269.3463],
        [282.3130, 282.0287, 274.9443, 272.9251, 272.2733],
        [275.5700, 273.8398, 272.5438, 271.7393, 271.1980],
        [278.6937, 276.6583, 272.7132, 271.0886, 270.8614],
        [274.7664, 274.3598, 269.7948, 269.7507, 269.0406]], device='cuda:0'),
indices=tensor([[33508,  2965,  3942, 42582, 16173],
        [17874, 18717,  3080, 39359, 51806],
        [14459, 54427,  4178, 40830,  4509],
        [47036, 44685, 42986, 41588,  5663],
        [10811, 18978, 19953,  7694,  2845]], device='cuda:0'))
target.shape: torch.Size([63784])
topk target: torch.return_types.topk(
values=tensor([262.8572, 262.8431, 262.8265, 262.8172, 262.8104], device='cuda:0'),
indices=tensor([22611, 22849, 22373, 23087, 22613], device='cuda:0'))
titles: t_850 (K), t=16 (48 h)
vmin: 248.63243103027344, vmax: 296.0791931152344
topk samples: torch.return_types.topk(
values=tensor([[296.0792, 295.0003, 294.6801, 294.1965, 290.3004],
        [295.7514, 289.8954, 289.6544, 289.3884, 289.3054],
        [295.6356, 292.7758, 291.4124, 291.3983, 290.7943],
        [293.0388, 291.8678, 290.5861, 290.2388, 290.1867],
        [294.1960, 291.6110, 291.3803, 291.3427, 291.3224]], device='cuda:0'),
indices=tensor([[ 2965,  4394, 33508,  3942, 11149],
        [22949,  7521,  2562,  7810,  8040],
        [11614, 11889, 14502,  4389,  9747],
        [ 4925,  6141,  2957,  7079,  9464],
        [10407,  4008,  7510,  7325, 11833]], device='cuda:0'))
target.shape: torch.Size([63784])
topk target: torch.return_types.topk(
values=tensor([284.9652, 284.9164, 284.9134, 284.9002, 284.8993], device='cuda:0'),
indices=tensor([2135, 2373, 1897, 2136, 2850], device='cuda:0'))
titles: u_65 (m/s), t=16 (48 h)
vmin: -16.915071487426758, vmax: 18.139629364013672
topk samples: torch.return_types.topk(
values=tensor([[17.8944, 17.8212, 17.2230, 17.0156, 16.9895],
        [18.1396, 17.5296, 17.2840, 17.1910, 17.0695],
        [14.2080, 13.9747, 13.8110, 13.5755, 13.4963],
        [16.8870, 16.3672, 16.2338, 16.1106, 15.9077],
        [17.4249, 16.9468, 16.3197, 16.2221, 16.0121]], device='cuda:0'),
indices=tensor([[47452, 47921, 47684, 45068, 45302],
        [49607, 50794, 50560, 51031, 51493],
        [50078, 51034, 49602, 50552, 50323],
        [54514, 52133, 54990, 53561, 54275],
        [52469, 50812, 52471, 51996, 50811]], device='cuda:0'))
target.shape: torch.Size([63784])
topk target: torch.return_types.topk(
values=tensor([15.9648, 15.8838, 15.8232, 15.7509, 15.6709], device='cuda:0'),
indices=tensor([28520, 28281, 28282, 28519, 28757], device='cuda:0'))
titles: u_850 (m/s), t=16 (48 h)
vmin: -23.862323760986328, vmax: 23.889827728271484
topk samples: torch.return_types.topk(
values=tensor([[19.8883, 18.3505, 18.1818, 17.9987, 17.8920],
        [18.1818, 17.6662, 17.5471, 17.5207, 17.5197],
        [18.1818, 17.6662, 17.5471, 17.5207, 17.5197],
        [23.1862, 23.0870, 23.0745, 23.0737, 22.9518],
        [18.1818, 17.6662, 17.5471, 17.5207, 17.5197]], device='cuda:0'),
indices=tensor([[46242, 44827, 25935, 45303, 46740],
        [25935, 25698, 25934, 25936, 19745],
        [25935, 25698, 25934, 25936, 19745],
        [52847, 53561, 53086, 53560, 53084],
        [25935, 25698, 25934, 25936, 19745]], device='cuda:0'))
target.shape: torch.Size([63784])
topk target: torch.return_types.topk(
values=tensor([23.8898, 22.6769, 22.2336, 22.0637, 21.9875], device='cuda:0'),
indices=tensor([20679, 20917, 19963, 36828, 37065], device='cuda:0'))
titles: v_65 (m/s), t=16 (48 h)
vmin: -26.510814666748047, vmax: 13.283645629882812
topk samples: torch.return_types.topk(
values=tensor([[13.2836, 13.1967, 13.1474, 13.1259, 13.0683],
        [13.2836, 13.1967, 13.1474, 13.1259, 13.0683],
        [13.2836, 13.1967, 13.1474, 13.1259, 13.0683],
        [13.2836, 13.1967, 13.1474, 13.1259, 13.0683],
        [13.2836, 13.1967, 13.1474, 13.1259, 13.0683]], device='cuda:0'),
indices=tensor([[49513, 49274, 49275, 49512, 50698],
        [49513, 49274, 49275, 49512, 50698],
        [49513, 49274, 49275, 49512, 50698],
        [49513, 49274, 49275, 49512, 50698],
        [49513, 49274, 49275, 49512, 50698]], device='cuda:0'))
target.shape: torch.Size([63784])
topk target: torch.return_types.topk(
values=tensor([13.2836, 13.1967, 13.1474, 13.1259, 13.0683], device='cuda:0'),
indices=tensor([49513, 49274, 49275, 49512, 50698], device='cuda:0'))
titles: v_850 (m/s), t=16 (48 h)
vmin: -34.48687744140625, vmax: 15.768728256225586
topk samples: torch.return_types.topk(
values=tensor([[15.7687, 15.6681, 15.6056, 15.5763, 15.5685],
        [15.7687, 15.6681, 15.6056, 15.5763, 15.5685],
        [15.7687, 15.6681, 15.6056, 15.5763, 15.5685],
        [15.7687, 15.6681, 15.6056, 15.5763, 15.5685],
        [15.7687, 15.6681, 15.6056, 15.5763, 15.5685]], device='cuda:0'),
indices=tensor([[50224, 49986, 50462, 50223, 51886],
        [50224, 49986, 50462, 50223, 51886],
        [50224, 49986, 50462, 50223, 51886],
        [50224, 49986, 50462, 50223, 51886],
        [50224, 49986, 50462, 50223, 51886]], device='cuda:0'))
target.shape: torch.Size([63784])
topk target: torch.return_types.topk(
values=tensor([15.7687, 15.6681, 15.6056, 15.5763, 15.5685], device='cuda:0'),
indices=tensor([50224, 49986, 50462, 50223, 51886], device='cuda:0'))
titles: wvint_0 (kg/m²), t=16 (48 h)
vmin: -2.729917526245117, vmax: 49.35597610473633
topk samples: torch.return_types.topk(
values=tensor([[49.1455, 48.6302, 48.3707, 47.6959, 47.4540],
        [46.9926, 46.7845, 46.6278, 46.4918, 46.4745],
        [48.6576, 48.6168, 48.5881, 47.9062, 47.4919],
        [49.3560, 49.0047, 48.2928, 47.6366, 47.3574],
        [48.6061, 47.7847, 47.6175, 47.6072, 47.3361]], device='cuda:0'),
indices=tensor([[ 6363,  6129, 13987, 12792,  7075],
        [ 2449, 10459,  7092,  4676,  6820],
        [ 5621,  3696, 11614,  4465,  3937],
        [ 6601,  3040,  2800,  5314,  9920],
        [ 5348,  7565,  7061,  8024,  3276]], device='cuda:0'))
target.shape: torch.Size([63784])
topk target: torch.return_types.topk(
values=tensor([37.8006, 37.0955, 36.3826, 36.0398, 35.9090], device='cuda:0'),
indices=tensor([1639, 4029, 2593, 1638, 1402], device='cuda:0'))
titles: z_1000 (m²/s²), t=16 (48 h)
vmin: -4207.8427734375, vmax: 5877.3203125
topk samples: torch.return_types.topk(
values=tensor([[4736.0322, 3698.3979, 2995.3748, 2972.3708, 2511.5811],
        [5877.3203, 5013.5259, 4943.6035, 3019.4712, 2417.8528],
        [2701.1892, 2303.2444, 2273.0398, 2213.3223, 2090.0620],
        [3319.3604, 3232.6882, 2594.2139, 2281.4504, 2240.0161],
        [2847.5037, 2529.5410, 2382.1941, 2126.6670, 1988.2019]],
       device='cuda:0'),
indices=tensor([[51189, 39518, 33508, 13435, 56892],
        [12158, 50263, 51806, 22624, 29760],
        [40292,  5187, 47862, 34758, 30237],
        [44685, 43110, 12148,  9920, 31188],
        [ 7510, 43926, 56708,  2594,  2590]], device='cuda:0'))
target.shape: torch.Size([63784])
topk target: torch.return_types.topk(
values=tensor([1548.4563, 1548.3938, 1548.3313, 1548.2063, 1548.1438],
       device='cuda:0'),
indices=tensor([9310, 9311, 9073, 9548, 9074], device='cuda:0'))
titles: z_500 (m²/s²), t=16 (48 h)
vmin: 43215.80078125, vmax: 62540.9296875
topk samples: torch.return_types.topk(
values=tensor([[62540.9297, 62367.8438, 60178.6758, 60103.1172, 59784.8008],
        [61157.2031, 59307.4531, 59178.6484, 58799.0820, 57966.3047],
        [59385.6406, 59055.9648, 58826.5781, 58142.0234, 58025.1289],
        [60450.6797, 58839.6445, 57947.7266, 57648.2617, 57600.3281],
        [59005.5430, 59001.5273, 58137.7305, 58118.5195, 57843.7188]],
       device='cuda:0'),
indices=tensor([[33508, 49770, 13435, 51189,  3942],
        [51806, 18717, 17874, 50263,  3051],
        [54427,  4178,  7810,  4413,  5187],
        [44685,  9920,  5663,  2428, 10907],
        [10811,  7510, 18978, 43926,  8024]], device='cuda:0'))
target.shape: torch.Size([63784])
topk target: torch.return_types.topk(
values=tensor([56431.8711, 56431.4961, 56431.3711, 56431.3711, 56431.1211],
       device='cuda:0'),
indices=tensor([529, 292, 530, 291, 531], device='cuda:0'))
titles: pres_0g (Pa), t=17 (51 h)
vmin: 78527.984375, vmax: 112349.59375
topk samples: torch.return_types.topk(
values=tensor([[108744.2500, 106596.8984, 106166.2734, 105987.9688, 105670.8750],
        [106835.3125, 106457.4609, 105588.4531, 105101.7422, 104693.9531],
        [106405.6406, 106394.1016, 105141.7188, 104214.3281, 104190.9453],
        [109441.9062, 106176.8047, 106175.2656, 106086.0625, 105987.0000],
        [112349.5938, 108642.8125, 107776.9688, 106634.0703, 106214.0781]],
       device='cuda:0'),
indices=tensor([[26435, 49770,  8615, 42582,  3942],
        [51806, 12158, 54188, 22624, 27380],
        [41942, 60654,  7534,  2413, 30237],
        [44685, 26460, 12148, 56679, 29451],
        [45804, 46986, 12968, 10811, 39598]], device='cuda:0'))
target.shape: torch.Size([63784])
topk target: torch.return_types.topk(
values=tensor([101987.9375, 101950.9375, 101926.9375, 101923.4375, 101902.9375],
       device='cuda:0'),
indices=tensor([28851, 29329, 29568, 24811, 29327], device='cuda:0'))
titles: pres_0s (Pa), t=17 (51 h)
vmin: 95212.3125, vmax: 108004.6328125
topk samples: torch.return_types.topk(
values=tensor([[108004.6328, 104737.0781, 104657.0469, 104092.7812, 103112.3594],
        [105952.3203, 105194.1172, 104100.8516, 103202.9297, 103131.9609],
        [103398.0547, 103017.6562, 102661.0547, 102635.4531, 102556.5859],
        [103675.0000, 103152.4375, 102785.4688, 102781.1250, 102736.4922],
        [104241.6953, 102911.1250, 102687.6250, 102407.4688, 102313.1719]],
       device='cuda:0'),
indices=tensor([[49770, 13435, 39518, 51189, 47848],
        [51806, 50263, 22624, 49996,  7530],
        [54427, 40292,  4178, 10213, 48810],
        [44685, 12148, 30951, 38807, 38091],
        [56708,  7510,  2594, 46986,  2590]], device='cuda:0'))
target.shape: torch.Size([63784])
topk target: torch.return_types.topk(
values=tensor([101902.3203, 101899.0703, 101898.8828, 101895.0078, 101890.5703],
       device='cuda:0'),
indices=tensor([1502, 1265, 1503, 1264, 1266], device='cuda:0'))
titles: nlwrs_0 (W/m²), t=17 (51 h)
vmin: -1476903.5, vmax: 402981.21875
topk samples: torch.return_types.topk(
values=tensor([[323443.8750, 268838.6562, 214988.3438, 192610.1875, 191449.7500],
        [312037.0938, 293401.5625, 283753.6250, 230243.8438, 187353.5625],
        [402981.2188, 217128.3750, 215539.5000, 192812.0312, 154133.1250],
        [338902.7500, 237839.0938, 195405.4688, 183831.8438, 182160.5625],
        [376958.5312, 335397.9688, 237830.6250, 188350.4688, 178176.4062]],
       device='cuda:0'),
indices=tensor([[21036,  8132, 33508,  2755,  2606],
        [19171, 48680, 24300, 25827, 24112],
        [10051, 46105, 20293,  9783,  4774],
        [39248, 37282,  2629,  5176, 13154],
        [57757, 23707, 15372, 50113, 30453]], device='cuda:0'))
target.shape: torch.Size([63784])
topk target: torch.return_types.topk(
values=tensor([91092., 67540., 25044., 19924., 18388.], device='cuda:0'),
indices=tensor([28618, 27669, 28388, 33555, 33315], device='cuda:0'))
titles: nswrs_0 (W/m²), t=17 (51 h)
vmin: -3146382.75, vmax: 1611515.25
topk samples: torch.return_types.topk(
values=tensor([[1169160.0000, 1165064.0000, 1165064.0000, 1160968.0000, 1154824.0000],
        [1611515.2500, 1169160.0000, 1165064.0000, 1165064.0000, 1160968.0000],
        [1491388.7500, 1459319.7500, 1446169.2500, 1358885.2500, 1305462.7500],
        [1169160.0000, 1165064.0000, 1165064.0000, 1160968.0000, 1154824.0000],
        [1169160.0000, 1165064.0000, 1165064.0000, 1160968.0000, 1154824.0000]],
       device='cuda:0'),
indices=tensor([[29989, 30227, 29751, 30465, 30703],
        [12158, 29989, 30227, 29751, 30465],
        [40233, 40232, 40470, 41194, 39994],
        [29989, 30227, 29751, 30465, 30703],
        [29989, 30227, 29751, 30465, 30703]], device='cuda:0'))
target.shape: torch.Size([63784])
topk target: torch.return_types.topk(
values=tensor([1169160., 1165064., 1165064., 1160968., 1154824.], device='cuda:0'),
indices=tensor([29989, 30227, 29751, 30465, 30703], device='cuda:0'))
titles: r_2 (-), t=17 (51 h)
vmin: 0.24730151891708374, vmax: 1.2560237646102905
topk samples: torch.return_types.topk(
values=tensor([[1.2560, 1.1805, 1.1750, 1.1581, 1.1549],
        [1.1818, 1.1759, 1.1494, 1.1432, 1.1404],
        [1.2152, 1.1831, 1.1647, 1.1605, 1.1594],
        [1.1896, 1.1488, 1.1439, 1.1384, 1.1361],
        [1.1437, 1.1306, 1.1258, 1.1224, 1.1222]], device='cuda:0'),
indices=tensor([[ 9433, 13238, 17046, 14566, 33508],
        [17874,  8274,  5392,  8050, 10898],
        [ 5882, 14126, 27909, 54427, 21308],
        [ 2991,  6618,  5722, 41588, 13956],
        [ 3911,  6617, 26513,  9240, 27202]], device='cuda:0'))
target.shape: torch.Size([63784])
topk target: torch.return_types.topk(
values=tensor([1.0000, 1.0000, 1.0000, 1.0000, 1.0000], device='cuda:0'),
indices=tensor([1645, 1385, 2121, 4017, 3976], device='cuda:0'))
titles: r_65 (-), t=17 (51 h)
vmin: 0.2618735432624817, vmax: 1.2688212394714355
topk samples: torch.return_types.topk(
values=tensor([[1.2309, 1.1893, 1.1796, 1.1763, 1.1704],
        [1.2688, 1.2019, 1.1977, 1.1928, 1.1779],
        [1.2408, 1.2372, 1.2167, 1.1996, 1.1881],
        [1.2144, 1.2062, 1.1906, 1.1758, 1.1702],
        [1.2206, 1.2060, 1.1814, 1.1810, 1.1809]], device='cuda:0'),
indices=tensor([[ 4150,  9433,  9483, 33508, 27117],
        [22949,  7810, 28453,  9243,  8274],
        [37260, 14126, 27909,  5882, 11853],
        [ 2991,  3833,  7578, 13072,  7079],
        [26513, 28065, 10420, 56019,  3911]], device='cuda:0'))
target.shape: torch.Size([63784])
topk target: torch.return_types.topk(
values=tensor([1.0000, 1.0000, 1.0000, 1.0000, 1.0000], device='cuda:0'),
indices=tensor([ 5890,  5414, 26475, 27430, 27192], device='cuda:0'))
titles: t_2 (K), t=17 (51 h)
vmin: 259.2563781738281, vmax: 310.006591796875
topk samples: torch.return_types.topk(
values=tensor([[310.0066, 303.4997, 300.8111, 300.7580, 298.9818],
        [302.8242, 300.4056, 298.3986, 298.3142, 298.2750],
        [304.9947, 304.9946, 300.5826, 299.7012, 298.9780],
        [302.4581, 301.0501, 299.9399, 298.4062, 298.3628],
        [300.2468, 299.6070, 299.5561, 298.3954, 298.3150]], device='cuda:0'),
indices=tensor([[ 3942,  2965,  4394,  2475, 33508],
        [18717, 25405, 17099,  4373,  4375],
        [22801, 40830,  4178, 11889, 20087],
        [14906, 22571, 16362, 13272,  9920],
        [19384, 10811, 12968,  7325,  3192]], device='cuda:0'))
target.shape: torch.Size([63784])
topk target: torch.return_types.topk(
values=tensor([293.9906, 293.9095, 293.8783, 293.8602, 293.7523], device='cuda:0'),
indices=tensor([2611,  740, 1938, 1000, 2888], device='cuda:0'))
titles: t_65 (K), t=17 (51 h)
vmin: 257.2845458984375, vmax: 305.2734375
topk samples: torch.return_types.topk(
values=tensor([[305.2734, 304.1643, 301.2102, 299.4109, 299.1368],
        [301.7626, 299.6311, 299.4738, 299.0368, 298.7508],
        [301.8956, 299.7077, 298.6231, 297.6408, 297.6262],
        [299.4399, 298.8372, 298.8253, 298.3716, 298.2308],
        [300.8437, 300.3974, 300.0830, 298.7556, 298.4549]], device='cuda:0'),
indices=tensor([[ 2965,  3942,  4394,  2475, 33508],
        [18717,  2705,  7521,  3674,  2941],
        [11614,  4178,  3885,  5187,  2661],
        [ 9920,  2471,  2695,  3410,  4128],
        [10811, 12968, 11833,  3192,  5310]], device='cuda:0'))
target.shape: torch.Size([63784])
topk target: torch.return_types.topk(
values=tensor([294.1593, 293.9991, 293.9523, 293.9113, 293.8693], device='cuda:0'),
indices=tensor([2611, 2607, 2849, 2373, 2850], device='cuda:0'))
titles: t_500 (K), t=17 (51 h)
vmin: 201.20953369140625, vmax: 283.52545166015625
topk samples: torch.return_types.topk(
values=tensor([[278.8877, 273.8763, 272.2689, 271.8661, 271.1840],
        [279.0161, 278.7516, 274.4106, 270.7447, 268.5440],
        [281.2581, 276.9036, 274.9235, 272.3433, 270.9871],
        [276.4014, 275.2196, 271.6638, 269.8063, 269.1327],
        [283.5255, 273.7937, 271.8366, 271.5367, 270.3752]], device='cuda:0'),
indices=tensor([[33508,  2965, 14664,  3942,  3105],
        [17874, 18717,  3080, 51806,  2941],
        [54427,  4178, 14459,  7810, 43853],
        [47036, 44685, 42986,  6141, 41588],
        [50615, 19953, 18978, 10811,  8048]], device='cuda:0'))
target.shape: torch.Size([63784])
topk target: torch.return_types.topk(
values=tensor([262.1133, 262.1133, 262.1104, 262.1035, 262.1035], device='cuda:0'),
indices=tensor([21448, 21684, 21445, 21683, 21446], device='cuda:0'))
titles: t_850 (K), t=17 (51 h)
vmin: 250.15145874023438, vmax: 295.8630065917969
topk samples: torch.return_types.topk(
values=tensor([[295.8630, 294.4564, 293.9498, 293.8592, 293.4274],
        [290.4488, 290.0434, 288.7640, 288.7422, 288.3888],
        [293.1679, 292.8877, 292.6545, 290.5114, 289.7620],
        [291.5751, 289.4984, 289.4348, 289.1473, 289.1469],
        [291.0067, 290.8683, 290.5056, 290.4536, 290.2228]], device='cuda:0'),
indices=tensor([[ 2965, 33508,  6993,  4394,  3942],
        [ 3319,  7521,  5888,  2966, 12126],
        [11614,  4389, 14502,  3027,  3034],
        [ 2957, 10907,  6141,  3519,  8520],
        [ 7311, 11833,  7786,  4008,  7694]], device='cuda:0'))
target.shape: torch.Size([63784])
topk target: torch.return_types.topk(
values=tensor([284.8102, 284.7692, 284.7170, 284.7131, 284.7028], device='cuda:0'),
indices=tensor([944, 943, 705, 706, 704], device='cuda:0'))
titles: u_65 (m/s), t=17 (51 h)
vmin: -17.65870475769043, vmax: 19.364574432373047
topk samples: torch.return_types.topk(
values=tensor([[19.3646, 18.7218, 18.6183, 18.3251, 18.2540],
        [18.3246, 17.8573, 17.4499, 17.3951, 17.2952],
        [14.7817, 14.2998, 13.6599, 13.4918, 13.3304],
        [18.5608, 17.7230, 17.5481, 17.3150, 17.0281],
        [17.3716, 17.3106, 16.9534, 16.6119, 16.6005]], device='cuda:0'),
indices=tensor([[44835, 44831, 45069, 45318, 45545],
        [48423, 47945, 48188, 48183, 47711],
        [51273, 50085, 49372, 54349, 50078],
        [52133, 52373, 52848, 52372, 53324],
        [50325, 50572, 50569, 50570, 50093]], device='cuda:0'))
target.shape: torch.Size([63784])
topk target: torch.return_types.topk(
values=tensor([15.4917, 15.4204, 15.1645, 15.1265, 15.1196], device='cuda:0'),
indices=tensor([31389, 31626, 31627, 31388, 31390], device='cuda:0'))
titles: u_850 (m/s), t=17 (51 h)
vmin: -24.73621940612793, vmax: 33.85426712036133
topk samples: torch.return_types.topk(
values=tensor([[21.0070, 20.9952, 20.9689, 20.6769, 20.6398],
        [21.0070, 20.9952, 20.9689, 20.6769, 20.6398],
        [21.0070, 20.9952, 20.9689, 20.6769, 20.6398],
        [21.8886, 21.3371, 21.0070, 20.9952, 20.9689],
        [33.8543, 21.0070, 20.9952, 20.9689, 20.6769]], device='cuda:0'),
indices=tensor([[21887, 20935, 23795, 26648, 20458],
        [21887, 20935, 23795, 26648, 20458],
        [21887, 20935, 23795, 26648, 20458],
        [52609, 52371, 21887, 20935, 23795],
        [56019, 21887, 20935, 23795, 26648]], device='cuda:0'))
target.shape: torch.Size([63784])
topk target: torch.return_types.topk(
values=tensor([26.1466, 25.8224, 25.7990, 25.6417, 25.5392], device='cuda:0'),
indices=tensor([35417, 34943, 35654, 35180, 34706], device='cuda:0'))
titles: v_65 (m/s), t=17 (51 h)
vmin: -28.74176788330078, vmax: 13.959185600280762
topk samples: torch.return_types.topk(
values=tensor([[13.9592, 13.9255, 13.8464, 13.7497, 13.7356],
        [13.9592, 13.9255, 13.8464, 13.7497, 13.7356],
        [13.9592, 13.9255, 13.8464, 13.7497, 13.7356],
        [13.9592, 13.9255, 13.8464, 13.7497, 13.7356],
        [13.9592, 13.9255, 13.8464, 13.7497, 13.7356]], device='cuda:0'),
indices=tensor([[47602, 47840, 47364, 47603, 48078],
        [47602, 47840, 47364, 47603, 48078],
        [47602, 47840, 47364, 47603, 48078],
        [47602, 47840, 47364, 47603, 48078],
        [47602, 47840, 47364, 47603, 48078]], device='cuda:0'))
target.shape: torch.Size([63784])
topk target: torch.return_types.topk(
values=tensor([13.9592, 13.9255, 13.8464, 13.7497, 13.7356], device='cuda:0'),
indices=tensor([47602, 47840, 47364, 47603, 48078], device='cuda:0'))
titles: v_850 (m/s), t=17 (51 h)
vmin: -32.806461334228516, vmax: 17.000591278076172
topk samples: torch.return_types.topk(
values=tensor([[17.0006, 16.9918, 16.9078, 16.8912, 16.8492],
        [17.0006, 16.9918, 16.9078, 16.8912, 16.8492],
        [17.0006, 16.9918, 16.9078, 16.8912, 16.8492],
        [17.0006, 16.9918, 16.9078, 16.8912, 16.8492],
        [17.0006, 16.9918, 16.9078, 16.8912, 16.8492]], device='cuda:0'),
indices=tensor([[49742, 49980, 50218, 49504, 49505],
        [49742, 49980, 50218, 49504, 49505],
        [49742, 49980, 50218, 49504, 49505],
        [49742, 49980, 50218, 49504, 49505],
        [49742, 49980, 50218, 49504, 49505]], device='cuda:0'))
target.shape: torch.Size([63784])
topk target: torch.return_types.topk(
values=tensor([17.0006, 16.9918, 16.9078, 16.8912, 16.8492], device='cuda:0'),
indices=tensor([49742, 49980, 50218, 49504, 49505], device='cuda:0'))
titles: wvint_0 (kg/m²), t=17 (51 h)
vmin: -1.2895965576171875, vmax: 51.24524688720703
topk samples: torch.return_types.topk(
values=tensor([[49.7581, 49.7084, 48.3361, 47.7661, 47.6057],
        [47.7017, 46.8151, 46.4434, 46.2670, 46.2038],
        [50.4281, 47.2811, 47.2013, 46.7951, 46.4476],
        [47.8733, 47.0054, 46.4039, 46.3562, 46.3385],
        [51.2452, 47.9630, 47.4996, 47.2013, 47.0954]], device='cuda:0'),
indices=tensor([[ 4148,  3442,  2965,  4392,  3199],
        [ 5812,  5830,  7266,  8027,  8750],
        [13074,  4178,  3961,  3708, 13315],
        [ 5801,  6997,  6036,  5089,  6282],
        [ 8551,  5155,  8280,  7089,  6135]], device='cuda:0'))
target.shape: torch.Size([63784])
topk target: torch.return_types.topk(
values=tensor([35.5588, 34.9269, 34.9113, 34.8185, 34.7648], device='cuda:0'),
indices=tensor([2821, 2123, 2840, 2124, 1886], device='cuda:0'))
titles: z_1000 (m²/s²), t=17 (51 h)
vmin: -4119.81005859375, vmax: 6202.623046875
topk samples: torch.return_types.topk(
values=tensor([[4855.7168, 3613.4885, 3067.1008, 2871.4761, 2535.8220],
        [6202.6230, 4739.4619, 4736.6587, 3042.5527, 2497.0464],
        [2913.9944, 2220.9255, 2180.0757, 2166.3201, 2055.7385],
        [3141.7554, 3041.2559, 2613.2371, 2303.6831, 2266.4783],
        [2685.6594, 2515.5752, 2445.2380, 2257.5911, 2089.4236]],
       device='cuda:0'),
indices=tensor([[51189, 39518, 13435, 33508, 55003],
        [12158, 51806, 50263, 22624, 29760],
        [40292, 34758,  5187, 47862, 43853],
        [43110, 44685, 12148,  9920, 24048],
        [ 7510, 43926, 56708,  2594,  2590]], device='cuda:0'))
target.shape: torch.Size([63784])
topk target: torch.return_types.topk(
values=tensor([1565.2559, 1557.5059, 1554.6934, 1551.1934, 1550.5684],
       device='cuda:0'),
indices=tensor([1503, 1502, 1265, 1266, 1028], device='cuda:0'))
titles: z_500 (m²/s²), t=17 (51 h)
vmin: 42957.7734375, vmax: 63674.28125
topk samples: torch.return_types.topk(
values=tensor([[63674.2812, 61907.5117, 60131.5898, 59682.4062, 59406.7031],
        [60686.2109, 58825.9844, 58706.4180, 58344.3594, 58307.9219],
        [59418.3945, 59087.8008, 58525.3789, 57977.7578, 57812.5703],
        [59920.9297, 58616.2578, 57839.0820, 57464.8281, 57412.8438],
        [58758.3867, 58583.8945, 58321.5625, 57927.3672, 57736.6562]],
       device='cuda:0'),
indices=tensor([[49770, 33508, 13435, 51189,  2965],
        [51806, 17874, 18717, 50263,  3051],
        [54427,  4178,  7810,  4413,  5187],
        [44685,  9920,  5663, 10907,  7716],
        [10811,  7510, 43926,  2594,  8024]], device='cuda:0'))
target.shape: torch.Size([63784])
topk target: torch.return_types.topk(
values=tensor([56480.9766, 56480.3516, 56479.1016, 56478.4766, 56476.4766],
       device='cuda:0'),
indices=tensor([292, 291, 293, 290, 294], device='cuda:0'))
titles: pres_0g (Pa), t=18 (54 h)
vmin: 78318.0, vmax: 112245.9375
topk samples: torch.return_types.topk(
values=tensor([[108905.2266, 107305.4688, 106010.2812, 105716.1641, 105617.0078],
        [108629.0625, 106918.4766, 106461.4844, 105505.9297, 105110.8203],
        [106356.4375, 106061.1641, 105028.2656, 104895.9609, 104160.8828],
        [109319.9688, 109172.5000, 106539.5781, 106456.4688, 105904.7891],
        [112245.9375, 110670.1953, 107789.3047, 106421.1016, 106156.2031]],
       device='cuda:0'),
indices=tensor([[26435, 49770,  8615,  3942, 42582],
        [52092, 12158, 51806, 54188, 22624],
        [41942, 60654,  7534, 36482, 30237],
        [42857, 44685, 26460, 12148, 56679],
        [45804, 46986, 12968, 10811, 57710]], device='cuda:0'))
target.shape: torch.Size([63784])
topk target: torch.return_types.topk(
values=tensor([102012.5312, 101998.0312, 101975.0312, 101953.0312, 101926.5312],
       device='cuda:0'),
indices=tensor([28851, 24811, 29329, 29568, 29327], device='cuda:0'))
titles: pres_0s (Pa), t=18 (54 h)
vmin: 95005.8046875, vmax: 108207.609375
topk samples: torch.return_types.topk(
values=tensor([[108207.6094, 104751.6406, 104562.4922, 104237.3828, 103173.1172],
        [105608.4609, 105001.7500, 104124.6953, 103328.3594, 103303.0000],
        [103253.7891, 103240.3906, 102544.3125, 102533.7734, 102401.4297],
        [103404.6484, 103360.6328, 102724.9844, 102681.7266, 102673.4375],
        [104054.1328, 103730.2969, 102669.5938, 102565.7188, 102248.0859]],
       device='cuda:0'),
indices=tensor([[49770, 39518, 13435, 51189, 52871],
        [51806, 50263, 22624,  7530, 28808],
        [40292, 54427,  4178,  7534, 30237],
        [44685, 12148, 30951, 38807, 38091],
        [56708, 46986,  7510,  2594,  2508]], device='cuda:0'))
target.shape: torch.Size([63784])
topk target: torch.return_types.topk(
values=tensor([101968.5234, 101964.0859, 101955.5859, 101954.5859, 101953.6484],
       device='cuda:0'),
indices=tensor([1265, 1266, 1028, 1264, 1502], device='cuda:0'))
titles: nlwrs_0 (W/m²), t=18 (54 h)
vmin: -1603636.0, vmax: 417734.03125
topk samples: torch.return_types.topk(
values=tensor([[417734.0312, 251170.8438, 210287.8438, 187645.3125, 155138.0000],
        [275075.4375, 204747.6875, 202482.7812, 181456.3750, 152997.2188],
        [299757.6562, 198292.0938, 196519.0938, 163285.3750, 143992.5625],
        [380097.0938, 234091.4062, 231038.0625, 206092.0312, 129391.0625],
        [332230.8125, 251138.5938, 243382.6250, 208171.0938, 180438.9375]],
       device='cuda:0'),
indices=tensor([[21036, 33508, 33030,  4580, 48967],
        [49493, 19171, 26472, 51806, 34498],
        [10051, 48681, 46622, 40211, 46105],
        [13920, 13154, 39927, 37282, 39248],
        [23707, 40808, 15372, 41390, 57757]], device='cuda:0'))
target.shape: torch.Size([63784])
topk target: torch.return_types.topk(
values=tensor([85006., 25614., 14862., 11790.,  7694.], device='cuda:0'),
indices=tensor([28618, 28388, 48676, 55953, 33317], device='cuda:0'))
titles: nswrs_0 (W/m²), t=18 (54 h)
vmin: -2779051.0, vmax: 1011306.875
topk samples: torch.return_types.topk(
values=tensor([[ 809951.6250,  696650.3750,  646244.3750,  598803.8750,  573200.1875],
        [ 752284.8125,  752072.0000,  745864.1875,  737574.2500,  718275.4375],
        [ 815404.2500,  680083.1250,  655378.3750,  615316.9375,  585125.5000],
        [ 693727.4375,  692518.8750,  678638.2500,  673470.5000,  657298.2500],
        [1011306.8750,  642486.3125,  637099.8750,  635488.8750,  606690.8750]],
       device='cuda:0'),
indices=tensor([[ 7022,  2459,  6991,  2738, 10353],
        [ 2946,  9530, 52092, 10250,  9412],
        [32315,  8429, 11298, 13533,  2768],
        [16119,  6354, 14944,  7522,  4614],
        [31590,  9985,  2957,  7566,  9617]], device='cuda:0'))
target.shape: torch.Size([63784])
topk target: torch.return_types.topk(
values=tensor([32768., 30720., 30720., 29696., 28672.], device='cuda:0'),
indices=tensor([63546, 63547, 63309, 62594, 62356], device='cuda:0'))
titles: r_2 (-), t=18 (54 h)
vmin: 0.0959290862083435, vmax: 1.2572764158248901
topk samples: torch.return_types.topk(
values=tensor([[1.1552, 1.1341, 1.1133, 1.1082, 1.1056],
        [1.2573, 1.1384, 1.1313, 1.1143, 1.1110],
        [1.1914, 1.1781, 1.1487, 1.1438, 1.1273],
        [1.1808, 1.1592, 1.1508, 1.1275, 1.1219],
        [1.2196, 1.2196, 1.1492, 1.1307, 1.1136]], device='cuda:0'),
indices=tensor([[14566,  3517, 46050, 50602,  5220],
        [58427, 17874, 12119, 10898, 46835],
        [54427, 53891, 23858, 27909, 26521],
        [42574,  8765, 55757,  4690, 41588],
        [20028, 41160,  4231,  5661, 14472]], device='cuda:0'))
target.shape: torch.Size([63784])
topk target: torch.return_types.topk(
values=tensor([1.0000, 1.0000, 1.0000, 1.0000, 1.0000], device='cuda:0'),
indices=tensor([1872, 1360, 2109, 2830, 2829], device='cuda:0'))
titles: r_65 (-), t=18 (54 h)
vmin: 0.3048273026943207, vmax: 1.2994482517242432
topk samples: torch.return_types.topk(
values=tensor([[1.1860, 1.1719, 1.1650, 1.1580, 1.1501],
        [1.2279, 1.1775, 1.1624, 1.1483, 1.1451],
        [1.2611, 1.2247, 1.1994, 1.1798, 1.1700],
        [1.1826, 1.1645, 1.1520, 1.1467, 1.1434],
        [1.2994, 1.1788, 1.1701, 1.1689, 1.1576]], device='cuda:0'),
indices=tensor([[48685, 27117, 26978, 22193, 12564],
        [15555, 22949, 26129, 14686, 46356],
        [48681, 45900, 46835, 45856, 42305],
        [ 4690, 52775, 29108, 26477,  9593],
        [20028,  4231, 30067,  5246, 40808]], device='cuda:0'))
target.shape: torch.Size([63784])
topk target: torch.return_types.topk(
values=tensor([1.0000, 1.0000, 1.0000, 1.0000, 1.0000], device='cuda:0'),
indices=tensor([4019, 3543, 4020, 4467, 4380], device='cuda:0'))
titles: t_2 (K), t=18 (54 h)
vmin: 259.9605712890625, vmax: 307.6472473144531
topk samples: torch.return_types.topk(
values=tensor([[307.6472, 301.4991, 300.5446, 299.0855, 298.8923],
        [302.5168, 300.2826, 297.8051, 297.7759, 297.0642],
        [301.8014, 300.5632, 299.5946, 298.4125, 298.2142],
        [301.2050, 299.8761, 299.0063, 298.0609, 296.6419],
        [301.2944, 299.9627, 297.4980, 297.2028, 297.1646]], device='cuda:0'),
indices=tensor([[ 3942, 49770,  2965,  2475,  3894],
        [15555, 18717,  3192, 25405,  5064],
        [22801, 40830,  4178, 27527, 20087],
        [22571, 11610, 16362, 14906,  5813],
        [12968, 10811, 19384,  7510,  2507]], device='cuda:0'))
target.shape: torch.Size([63784])
topk target: torch.return_types.topk(
values=tensor([292.9314, 292.3552, 292.2971, 292.2165, 292.1584], device='cuda:0'),
indices=tensor([1220,  983,  932, 2888, 2358], device='cuda:0'))
titles: t_65 (K), t=18 (54 h)
vmin: 257.3699951171875, vmax: 302.813720703125
topk samples: torch.return_types.topk(
values=tensor([[302.8137, 302.0800, 299.2158, 298.7568, 297.4365],
        [299.7614, 297.2804, 296.8209, 296.6290, 296.5945],
        [300.7019, 298.9955, 297.8708, 297.3276, 297.1391],
        [297.7908, 296.5147, 296.5138, 296.2088, 295.9302],
        [300.6652, 300.3042, 297.4183, 297.1420, 296.9651]], device='cuda:0'),
indices=tensor([[ 3942,  2965, 33508,  4394,  2475],
        [18717, 15555,  3319,  7521,  2486],
        [11614,  4178,  5187,  2476, 14502],
        [ 9920,  2695,  2957,  2471, 21348],
        [10811, 12968, 11833, 18978,  8024]], device='cuda:0'))
target.shape: torch.Size([63784])
topk target: torch.return_types.topk(
values=tensor([292.8483, 292.1979, 292.1711, 292.1369, 292.1291], device='cuda:0'),
indices=tensor([1220, 2881, 2642, 2880, 2404], device='cuda:0'))
titles: t_500 (K), t=18 (54 h)
vmin: 198.22183227539062, vmax: 294.125244140625
topk samples: torch.return_types.topk(
values=tensor([[282.3661, 277.0017, 276.9435, 274.3218, 272.9753],
        [276.1519, 275.9206, 273.1447, 268.2432, 267.8231],
        [284.2324, 277.6494, 275.7010, 273.0925, 272.0907],
        [273.6793, 271.3938, 270.2526, 269.6407, 269.2623],
        [294.1252, 273.5508, 269.8339, 268.7494, 268.3437]], device='cuda:0'),
indices=tensor([[49770, 33508, 14664,  2965,  3105],
        [18717, 17874,  3080, 51806,  2904],
        [54427,  4178, 59654, 14459,  7810],
        [44685, 47036,  6141, 42986,  4436],
        [50615, 19953,  8048, 10811,  2458]], device='cuda:0'))
target.shape: torch.Size([63784])
topk target: torch.return_types.topk(
values=tensor([261.9385, 261.9326, 261.9268, 261.9253, 261.9131], device='cuda:0'),
indices=tensor([24078, 24079, 24316, 23841, 23840], device='cuda:0'))
titles: t_850 (K), t=18 (54 h)
vmin: 249.61109924316406, vmax: 294.3942565917969
topk samples: torch.return_types.topk(
values=tensor([[294.3943, 293.1308, 292.0971, 291.8966, 291.7283],
        [288.8645, 288.8560, 288.5586, 288.3547, 288.3264],
        [292.1757, 290.8798, 290.8503, 290.3811, 290.1392],
        [291.0493, 289.0138, 288.5170, 288.4236, 288.3272],
        [290.7930, 290.6239, 289.5787, 289.5418, 289.3867]], device='cuda:0'),
indices=tensor([[ 2965, 33508,  4394,  3942,  6993],
        [ 5888,  7521,  3281,  2772,  3319],
        [ 4389, 14502, 12126, 11614, 10698],
        [ 2957,  8748,  3031,  6141,  2564],
        [11833,  7786, 30616,  7311,  6848]], device='cuda:0'))
target.shape: torch.Size([63784])
topk target: torch.return_types.topk(
values=tensor([284.9045, 284.8323, 284.7825, 284.7820, 284.7502], device='cuda:0'),
indices=tensor([7450, 7688, 7449, 7687, 7686], device='cuda:0'))
titles: u_65 (m/s), t=18 (54 h)
vmin: -18.046276092529297, vmax: 17.947643280029297
topk samples: torch.return_types.topk(
values=tensor([[17.9476, 17.6896, 17.0699, 17.0301, 17.0113],
        [14.9011, 14.6631, 14.6587, 14.1841, 13.9779],
        [14.6196, 14.0051, 13.9591, 13.7632, 13.4037],
        [16.8858, 16.5347, 16.5301, 16.5144, 16.0247],
        [16.8556, 16.7467, 15.9111, 15.8204, 15.7648]], device='cuda:0'),
indices=tensor([[43169, 43178, 48610, 42940, 42464],
        [47230, 47945, 47705, 46747, 47942],
        [48188, 48187, 47949, 48186, 48189],
        [49992, 49515, 49991, 49753, 50705],
        [14253, 49380, 50325, 50564, 50569]], device='cuda:0'))
target.shape: torch.Size([63784])
topk target: torch.return_types.topk(
values=tensor([16.5653, 16.1766, 16.0907, 15.6141, 15.1268], device='cuda:0'),
indices=tensor([28751, 28989, 28990, 28521, 28283], device='cuda:0'))
titles: u_850 (m/s), t=18 (54 h)
vmin: -28.446514129638672, vmax: 24.97162437438965
topk samples: torch.return_types.topk(
values=tensor([[20.3446, 20.1268, 19.6698, 19.3553, 19.1971],
        [20.3446, 20.1268, 20.0926, 19.8006, 19.6698],
        [24.9716, 20.3446, 20.1268, 19.6698, 19.3553],
        [20.6913, 20.3446, 20.1268, 19.6698, 19.3553],
        [20.3446, 20.1268, 19.6698, 19.3553, 19.1971]], device='cuda:0'),
indices=tensor([[26408, 26409, 24987, 26889, 31409],
        [26408, 26409, 46289, 46766, 24987],
        [48681, 26408, 26409, 24987, 26889],
        [46451, 26408, 26409, 24987, 26889],
        [26408, 26409, 24987, 26889, 31409]], device='cuda:0'))
target.shape: torch.Size([63784])
topk target: torch.return_types.topk(
values=tensor([23.6180, 23.5418, 23.3084, 23.1864, 23.0789], device='cuda:0'),
indices=tensor([35421, 27828, 36128, 36129, 28065], device='cuda:0'))
titles: v_65 (m/s), t=18 (54 h)
vmin: -23.747344970703125, vmax: 14.246133804321289
topk samples: torch.return_types.topk(
values=tensor([[14.2461, 14.2398, 14.2061, 14.1900, 14.1724],
        [14.2461, 14.2398, 14.2061, 14.1900, 14.1724],
        [14.2461, 14.2398, 14.2061, 14.1900, 14.1724],
        [14.2461, 14.2398, 14.2061, 14.1900, 14.1724],
        [14.2461, 14.2398, 14.2061, 14.1900, 14.1724]], device='cuda:0'),
indices=tensor([[49744, 49745, 47842, 47841, 49982],
        [49744, 49745, 47842, 47841, 49982],
        [49744, 49745, 47842, 47841, 49982],
        [49744, 49745, 47842, 47841, 49982],
        [49744, 49745, 47842, 47841, 49982]], device='cuda:0'))
target.shape: torch.Size([63784])
topk target: torch.return_types.topk(
values=tensor([14.2461, 14.2398, 14.2061, 14.1900, 14.1724], device='cuda:0'),
indices=tensor([49744, 49745, 47842, 47841, 49982], device='cuda:0'))
titles: v_850 (m/s), t=18 (54 h)
vmin: -33.562599182128906, vmax: 21.356740951538086
topk samples: torch.return_types.topk(
values=tensor([[21.3567, 21.2200, 21.2171, 21.1468, 21.1233],
        [21.3567, 21.2200, 21.2171, 21.1468, 21.1233],
        [21.3567, 21.2200, 21.2171, 21.1468, 21.1233],
        [21.3567, 21.2200, 21.2171, 21.1468, 21.1233],
        [21.3567, 21.2200, 21.2171, 21.1468, 21.1233]], device='cuda:0'),
indices=tensor([[52362, 51887, 52125, 52600, 52124],
        [52362, 51887, 52125, 52600, 52124],
        [52362, 51887, 52125, 52600, 52124],
        [52362, 51887, 52125, 52600, 52124],
        [52362, 51887, 52125, 52600, 52124]], device='cuda:0'))
target.shape: torch.Size([63784])
topk target: torch.return_types.topk(
values=tensor([21.3567, 21.2200, 21.2171, 21.1468, 21.1233], device='cuda:0'),
indices=tensor([52362, 51887, 52125, 52600, 52124], device='cuda:0'))
titles: wvint_0 (kg/m²), t=18 (54 h)
vmin: -3.5940685272216797, vmax: 49.22130584716797
topk samples: torch.return_types.topk(
values=tensor([[49.2213, 47.2377, 46.6127, 46.5772, 46.4914],
        [46.4200, 45.8675, 45.8170, 45.4289, 45.3816],
        [47.4493, 47.2591, 47.2408, 46.8986, 46.5274],
        [45.5860, 45.3263, 44.7336, 44.6716, 44.6055],
        [48.4812, 47.0150, 46.5161, 46.3367, 45.8033]], device='cuda:0'),
indices=tensor([[ 2965,  3942,  9692,  2967,  3442],
        [ 7736,  4606,  7967,  5131,  6309],
        [ 7485, 13074,  4439,  2975,  2557],
        [ 3201,  6281,  8062, 11411,  4495],
        [ 5360,  7510,  2751,  2987, 10811]], device='cuda:0'))
target.shape: torch.Size([63784])
topk target: torch.return_types.topk(
values=tensor([35.3328, 35.2059, 34.6961, 34.6116, 34.5530], device='cuda:0'),
indices=tensor([3325, 3085, 3323, 3324, 3326], device='cuda:0'))
titles: z_1000 (m²/s²), t=18 (54 h)
vmin: -4112.22216796875, vmax: 6224.13818359375
topk samples: torch.return_types.topk(
values=tensor([[4900.4380, 3651.6196, 2997.4524, 2974.3169, 2699.2026],
        [6224.1382, 4637.5996, 4469.1875, 3090.3660, 2614.6748],
        [3083.6777, 2290.3311, 2090.2983, 2075.2361, 2044.0962],
        [3099.3188, 2848.0525, 2441.1641, 2347.1833, 2302.2742],
        [2851.2510, 2525.0876, 2489.0632, 2474.4016, 2124.2363]],
       device='cuda:0'),
indices=tensor([[51189, 39518,  6993, 13435, 33508],
        [12158, 50263, 51806, 22624, 29760],
        [40292, 43853, 47862, 34758,  5187],
        [43110, 44685, 12148, 46451, 24048],
        [46986,  7510, 56708, 43926, 30266]], device='cuda:0'))
target.shape: torch.Size([63784])
topk target: torch.return_types.topk(
values=tensor([1592.7986, 1592.2361, 1585.2361, 1585.2361, 1585.1736],
       device='cuda:0'),
indices=tensor([1265, 1266, 1028,   92,   95], device='cuda:0'))
titles: z_500 (m²/s²), t=18 (54 h)
vmin: 42789.90234375, vmax: 64418.11328125
topk samples: torch.return_types.topk(
values=tensor([[64418.1133, 61139.1953, 60031.9453, 59922.5898, 59322.4062],
        [60187.2305, 58397.4297, 58376.8320, 58168.9062, 58118.6836],
        [59140.6406, 58769.9844, 58264.0547, 57792.3594, 57715.0078],
        [59427.8086, 58537.9180, 58351.5273, 57645.4609, 57348.6055],
        [58273.3906, 58253.5781, 58115.1484, 57761.1797, 57395.8984]],
       device='cuda:0'),
indices=tensor([[49770, 33508, 13435,  3719, 51189],
        [51806, 17874,  3047, 18717,  3051],
        [54427,  4178,  7810,  4413,  5187],
        [44685,  7716,  9920,  5663,  6141],
        [10811, 43926,  7510,  2594,  8024]], device='cuda:0'))
target.shape: torch.Size([63784])
topk target: torch.return_types.topk(
values=tensor([56474.6523, 56474.0273, 56473.9023, 56473.5273, 56473.4023],
       device='cuda:0'),
indices=tensor([295, 297, 296, 294, 293], device='cuda:0'))
titles: pres_0g (Pa), t=19 (57 h)
vmin: 78224.359375, vmax: 111944.5234375
topk samples: torch.return_types.topk(
values=tensor([[108915.2578, 108085.9375, 105753.1328, 105490.0703, 105449.0469],
        [110039.7422, 106951.3438, 106216.1562, 105586.2500, 105116.6875],
        [106299.4297, 105724.4453, 105361.0625, 104616.9297, 104152.0000],
        [109768.6562, 108776.8984, 106890.0703, 106408.9609, 105714.0625],
        [111944.5234, 111393.1562, 107765.6406, 106239.6641, 106076.2500]],
       device='cuda:0'),
indices=tensor([[26435, 49770,  6993,  3942, 42582],
        [52092, 12158, 51806, 54188, 22624],
        [41942, 60654, 36482,  7534, 23096],
        [42857, 44685, 26460, 12148, 50296],
        [45804, 46986, 12968, 57710, 10811]], device='cuda:0'))
target.shape: torch.Size([63784])
topk target: torch.return_types.topk(
values=tensor([101987.5000, 101977.5000, 101953.0000, 101950.5000, 101948.5000],
       device='cuda:0'),
indices=tensor([28851, 24811, 29329, 63660, 63666], device='cuda:0'))
titles: pres_0s (Pa), t=19 (57 h)
vmin: 93799.0078125, vmax: 108155.5390625
topk samples: torch.return_types.topk(
values=tensor([[108155.5391, 104491.7500, 104358.1250, 104266.5078, 103178.1953],
        [105332.1016, 104746.8516, 103965.2344, 103361.3047, 103166.9922],
        [103511.6250, 103282.9062, 103068.1484, 102383.4453, 102378.3984],
        [103294.3438, 103293.9453, 102684.9062, 102599.1250, 102587.1172],
        [104209.2812, 103715.4688, 102388.4531, 102353.0859, 102258.3828]],
       device='cuda:0'),
indices=tensor([[49770, 39518, 51189, 13435, 49068],
        [51806, 50263, 22624,  7530, 28808],
        [44362, 40292, 54427,  4178,  2524],
        [12148, 44685, 28572, 26671,  6354],
        [46986, 56708,  7510,  2594,  2590]], device='cuda:0'))
target.shape: torch.Size([63784])
topk target: torch.return_types.topk(
values=tensor([101973.5703, 101969.1953, 101961.9453, 101961.8203, 101961.4453],
       device='cuda:0'),
indices=tensor([24104, 24103, 24341, 24342, 23865], device='cuda:0'))
titles: nlwrs_0 (W/m²), t=19 (57 h)
vmin: -1604351.0, vmax: 832235.125
topk samples: torch.return_types.topk(
values=tensor([[353322.9062, 219484.3438, 197421.3750, 180694.5938, 172031.0312],
        [375340.1562, 222039.5625, 186315.0625, 155850.4375, 133561.6875],
        [244757.7812, 214308.8125, 185452.3125, 145233.4688, 144056.0312],
        [194672.2812, 137769.0000, 124066.6875, 115502.9375, 115049.8125],
        [832235.1250, 219146.7188, 212546.5625, 195732.7812, 178459.8438]],
       device='cuda:0'),
indices=tensor([[21036,  7842,  4580,  5765, 33508],
        [59658, 51806, 11889, 52979,  2590],
        [10051, 46105, 59424, 12421, 52285],
        [37282, 13154,  4340, 12441, 33021],
        [41160, 26513, 57757, 50615, 23707]], device='cuda:0'))
target.shape: torch.Size([63784])
topk target: torch.return_types.topk(
values=tensor([62046., 21598., 21598., 21086., 20574.], device='cuda:0'),
indices=tensor([28618, 42128, 41888, 41650, 42127], device='cuda:0'))
titles: nswrs_0 (W/m²), t=19 (57 h)
vmin: -2864096.0, vmax: 1398499.875
topk samples: torch.return_types.topk(
values=tensor([[ 748731.1250,  710682.6250,  702543.0000,  593456.8750,  584269.5000],
        [ 918780.5625,  708957.2500,  704573.8750,  667184.0000,  625856.6250],
        [1398499.8750, 1360812.3750,  843123.5625,  787663.1250,  719740.2500],
        [1065971.1250,  733057.5000,  687976.5625,  669807.7500,  654112.2500],
        [1384059.7500,  752798.0625,  746895.1250,  736113.6875,  704319.1250]],
       device='cuda:0'),
indices=tensor([[23262,  2729, 10580,  9224,  5329],
        [24693,  2522, 12158, 26359, 13910],
        [13460, 21013, 12101, 11529,  4945],
        [ 8398, 23730,  2461, 11616, 18722],
        [46986,  8174,  7479,  9985,  2461]], device='cuda:0'))
target.shape: torch.Size([63784])
topk target: torch.return_types.topk(
values=tensor([0., 0., 0., 0., 0.], device='cuda:0'),
indices=tensor([1, 0, 2, 4, 3], device='cuda:0'))
titles: r_2 (-), t=19 (57 h)
vmin: 0.16871404647827148, vmax: 1.2328569889068604
topk samples: torch.return_types.topk(
values=tensor([[1.2006, 1.1440, 1.1121, 1.1111, 1.1097],
        [1.1216, 1.1163, 1.1096, 1.1079, 1.1021],
        [1.2329, 1.2109, 1.2043, 1.1172, 1.1157],
        [1.1193, 1.1100, 1.1080, 1.1029, 1.1014],
        [1.1497, 1.1271, 1.1265, 1.1257, 1.1240]], device='cuda:0'),
indices=tensor([[18051,  2628,  3517, 24441, 12078],
        [ 9713, 58427, 46835, 45673, 43781],
        [56113, 54427, 21013, 15691,  4945],
        [51635,  9470,  6753, 41588,  4379],
        [16624,  8174, 52283, 19953, 15663]], device='cuda:0'))
target.shape: torch.Size([63784])
topk target: torch.return_types.topk(
values=tensor([1.0000, 1.0000, 1.0000, 1.0000, 1.0000], device='cuda:0'),
indices=tensor([ 680,  676,  692, 1607, 1030], device='cuda:0'))
titles: r_65 (-), t=19 (57 h)
vmin: 0.2993587553501129, vmax: 1.3956825733184814
topk samples: torch.return_types.topk(
values=tensor([[1.1802, 1.1730, 1.1587, 1.1554, 1.1460],
        [1.1642, 1.1564, 1.1551, 1.1443, 1.1368],
        [1.3957, 1.2654, 1.2260, 1.1795, 1.1605],
        [1.1836, 1.1596, 1.1457, 1.1382, 1.1356],
        [1.2551, 1.1705, 1.1606, 1.1581, 1.1543]], device='cuda:0'),
indices=tensor([[27117, 12557, 33508, 12564,  2451],
        [14686, 14026,  3482, 13501, 59658],
        [28973, 56113, 43219, 48681, 46835],
        [17486, 16084, 23773,  9470, 48038],
        [ 8174, 28065, 30309,  5360, 40808]], device='cuda:0'))
target.shape: torch.Size([63784])
topk target: torch.return_types.topk(
values=tensor([1.0000, 1.0000, 1.0000, 1.0000, 1.0000], device='cuda:0'),
indices=tensor([3434, 1024, 3438, 3671, 3641], device='cuda:0'))
titles: t_2 (K), t=19 (57 h)
vmin: 260.5811767578125, vmax: 309.9072265625
topk samples: torch.return_types.topk(
values=tensor([[305.1842, 303.7817, 300.4976, 297.9529, 297.8427],
        [299.3758, 298.4918, 297.7765, 295.8674, 295.6787],
        [309.9072, 299.3181, 297.5002, 297.2626, 296.9701],
        [300.9315, 298.9084, 298.3920, 297.6735, 296.4465],
        [300.2994, 298.9518, 298.9047, 296.6680, 295.5675]], device='cuda:0'),
indices=tensor([[ 3942, 49770,  2965, 33508, 18051],
        [15555, 18717, 29466,  3192,  2632],
        [13936, 22801,  4178, 27527, 40830],
        [22571,  7716, 11610, 16362,  2957],
        [16624, 10811, 12968,  9390,  8054]], device='cuda:0'))
target.shape: torch.Size([63784])
topk target: torch.return_types.topk(
values=tensor([292.0630, 292.0542, 292.0322, 291.9966, 291.9873], device='cuda:0'),
indices=tensor([2160, 2161, 2159, 2162, 1921], device='cuda:0'))
titles: t_65 (K), t=19 (57 h)
vmin: 257.7475891113281, vmax: 301.90093994140625
topk samples: torch.return_types.topk(
values=tensor([[301.9009, 301.3881, 299.1842, 297.7104, 296.4357],
        [298.7293, 296.2803, 296.2707, 295.9984, 295.5873],
        [297.9894, 297.8304, 297.3471, 296.2491, 296.0070],
        [296.3303, 296.1019, 295.5406, 295.4520, 295.4238],
        [299.5898, 298.6007, 296.1831, 296.1590, 295.8457]], device='cuda:0'),
indices=tensor([[ 3942,  2965, 33508, 49770,  9398],
        [18717,  3319,  2486, 25642,  2716],
        [11614,  4178,  5187, 14502,  7485],
        [ 7716,  2957,  2695,  4731, 10907],
        [10811, 12968, 19953, 11833,  9390]], device='cuda:0'))
target.shape: torch.Size([63784])
topk target: torch.return_types.topk(
values=tensor([292.1279, 292.1230, 292.0976, 292.0815, 292.0405], device='cuda:0'),
indices=tensor([2160, 2159, 2161, 2158, 1920], device='cuda:0'))
titles: t_500 (K), t=19 (57 h)
vmin: 185.82275390625, vmax: 295.94036865234375
topk samples: torch.return_types.topk(
values=tensor([[295.9404, 278.6969, 274.6908, 274.3723, 274.3604],
        [274.3738, 273.1256, 271.6050, 269.1423, 268.2487],
        [285.0298, 278.7652, 277.7503, 271.9375, 271.0619],
        [271.8824, 271.7447, 269.7384, 269.4103, 269.0797],
        [293.6971, 272.6328, 269.2657, 267.9738, 267.3600]], device='cuda:0'),
indices=tensor([[49770, 14664, 33508,  2607,  2965],
        [18717, 17874,  3080,  3047,  7603],
        [54427, 59654,  4178,  7810, 14459],
        [22571, 44685, 47036,  6141,  4436],
        [50615, 19953,  8048, 12968, 10811]], device='cuda:0'))
target.shape: torch.Size([63784])
topk target: torch.return_types.topk(
values=tensor([261.8390, 261.6862, 261.6784, 261.6715, 261.6588], device='cuda:0'),
indices=tensor([22919, 22676, 23615, 22679, 22920], device='cuda:0'))
titles: t_850 (K), t=19 (57 h)
vmin: 249.12948608398438, vmax: 294.0757751464844
topk samples: torch.return_types.topk(
values=tensor([[293.7954, 292.4647, 291.9358, 291.0490, 290.3224],
        [288.9781, 288.9075, 288.8190, 288.2234, 288.1768],
        [294.0758, 290.9683, 290.6461, 290.1852, 289.5673],
        [289.6475, 288.4867, 288.2488, 288.2182, 288.0672],
        [290.3073, 289.5626, 289.3869, 288.9962, 288.9215]], device='cuda:0'),
indices=tensor([[ 2965, 33508,  3942,  2607, 11837],
        [ 3736,  3319,  3281,  3080,  5888],
        [11540,  4389, 10698, 12126, 14502],
        [ 2957,  4460, 13999,  6141, 13046],
        [30616, 11833,  7311,  7786,  8271]], device='cuda:0'))
target.shape: torch.Size([63784])
topk target: torch.return_types.topk(
values=tensor([284.6135, 284.5788, 284.5749, 284.5388, 284.4997], device='cuda:0'),
indices=tensor([8163, 7926, 8164, 7927, 8400], device='cuda:0'))
titles: u_65 (m/s), t=19 (57 h)
vmin: -17.22602653503418, vmax: 19.021297454833984
topk samples: torch.return_types.topk(
values=tensor([[19.0213, 16.7222, 15.6590, 15.5732, 15.3658],
        [13.3854, 13.0009, 12.9728, 12.7988, 12.7322],
        [13.9938, 13.1616, 12.9148, 12.9096, 12.5810],
        [17.2951, 16.5616, 16.5342, 16.2399, 16.1293],
        [15.1556, 14.2001, 14.0331, 13.8523, 13.7821]], device='cuda:0'),
indices=tensor([[49770, 53323, 45073, 53086, 53799],
        [42641, 44862, 45104, 44149, 44627],
        [45101, 44862, 46292, 46528, 45582],
        [47374, 48087, 46659, 47611, 47135],
        [47711, 48663, 49851, 48190, 47471]], device='cuda:0'))
target.shape: torch.Size([63784])
topk target: torch.return_types.topk(
values=tensor([15.0406, 14.9664, 14.8033, 14.7544, 14.6666], device='cuda:0'),
indices=tensor([28754, 28991, 28992, 27810, 28753], device='cuda:0'))
titles: u_850 (m/s), t=19 (57 h)
vmin: -34.80942153930664, vmax: 21.141088485717773
topk samples: torch.return_types.topk(
values=tensor([[21.1411, 21.1261, 20.8462, 20.5835, 20.5757],
        [21.1411, 20.8462, 20.5835, 20.5757, 20.4096],
        [21.1411, 20.8462, 20.5835, 20.5757, 20.4096],
        [21.1411, 20.8462, 20.5835, 20.5757, 20.4096],
        [21.1411, 20.8462, 20.5835, 20.5757, 20.4096]], device='cuda:0'),
indices=tensor([[29264, 49770, 29026, 28550, 28788],
        [29264, 29026, 28550, 28788, 28312],
        [29264, 29026, 28550, 28788, 28312],
        [29264, 29026, 28550, 28788, 28312],
        [29264, 29026, 28550, 28788, 28312]], device='cuda:0'))
target.shape: torch.Size([63784])
topk target: torch.return_types.topk(
values=tensor([21.1411, 21.0786, 21.0552, 20.9770, 20.8686], device='cuda:0'),
indices=tensor([29264, 29025, 35175, 33734, 29263], device='cuda:0'))
titles: v_65 (m/s), t=19 (57 h)
vmin: -27.172929763793945, vmax: 14.247235298156738
topk samples: torch.return_types.topk(
values=tensor([[14.1086, 14.0685, 14.0500, 14.0436, 14.0348],
        [14.1086, 14.0685, 14.0500, 14.0436, 14.0348],
        [14.1086, 14.0685, 14.0500, 14.0436, 14.0348],
        [14.1086, 14.0685, 14.0500, 14.0436, 14.0348],
        [14.1086, 14.0685, 14.0500, 14.0436, 14.0348]], device='cuda:0'),
indices=tensor([[50227, 50465, 50464, 50226, 49989],
        [50227, 50465, 50464, 50226, 49989],
        [50227, 50465, 50464, 50226, 49989],
        [50227, 50465, 50464, 50226, 49989],
        [50227, 50465, 50464, 50226, 49989]], device='cuda:0'))
target.shape: torch.Size([63784])
topk target: torch.return_types.topk(
values=tensor([14.2472, 14.1906, 14.1188, 14.1086, 14.1051], device='cuda:0'),
indices=tensor([49517, 49516, 49755, 50227, 50228], device='cuda:0'))
titles: v_850 (m/s), t=19 (57 h)
vmin: -32.822940826416016, vmax: 21.24773406982422
topk samples: torch.return_types.topk(
values=tensor([[21.2477, 20.9811, 20.9294, 20.7927, 20.7409],
        [21.2477, 20.9811, 20.9294, 20.7927, 20.7409],
        [21.2477, 20.9811, 20.9294, 20.7927, 20.7409],
        [21.2477, 20.9811, 20.9294, 20.7927, 20.7409],
        [21.2477, 20.9811, 20.9294, 20.7927, 20.7409]], device='cuda:0'),
indices=tensor([[54033, 53558, 54508, 54270, 54745],
        [54033, 53558, 54508, 54270, 54745],
        [54033, 53558, 54508, 54270, 54745],
        [54033, 53558, 54508, 54270, 54745],
        [54033, 53558, 54508, 54270, 54745]], device='cuda:0'))
target.shape: torch.Size([63784])
topk target: torch.return_types.topk(
values=tensor([21.2477, 20.9811, 20.9294, 20.7927, 20.7409], device='cuda:0'),
indices=tensor([54033, 53558, 54508, 54270, 54745], device='cuda:0'))
titles: wvint_0 (kg/m²), t=19 (57 h)
vmin: 0.5135002136230469, vmax: 59.04069519042969
topk samples: torch.return_types.topk(
values=tensor([[59.0407, 46.8883, 46.2802, 45.2069, 44.8420],
        [47.3157, 45.8132, 45.2300, 45.1000, 45.0935],
        [53.7903, 50.1718, 49.3063, 47.2980, 47.2967],
        [44.9604, 44.8633, 44.5622, 44.5159, 44.2490],
        [47.1787, 46.3905, 46.3155, 45.9313, 45.1576]], device='cuda:0'),
indices=tensor([[18051,  2965,  3942,  3316,  2967],
        [ 9173,  9894,  9179,  8699,  9889],
        [15816,  8468, 11400, 11650,  5156],
        [ 3206,  3304,  4016,  2957,  2722],
        [ 2751,  4714, 10811,  4717,  3705]], device='cuda:0'))
target.shape: torch.Size([63784])
topk target: torch.return_types.topk(
values=tensor([33.5504, 33.4112, 33.3512, 33.3483, 33.1818], device='cuda:0'),
indices=tensor([4041, 2132, 3324, 4040, 1887], device='cuda:0'))
titles: z_1000 (m²/s²), t=19 (57 h)
vmin: -4096.7890625, vmax: 6070.40869140625
topk samples: torch.return_types.topk(
values=tensor([[4857.2119, 3683.8779, 3236.6821, 2711.3430, 2584.1929],
        [6070.4087, 4516.1367, 4286.4956, 3075.9282, 2683.7334],
        [3154.8379, 2367.3000, 2035.5701, 1998.6404, 1953.8921],
        [2973.1472, 2647.9670, 2370.5542, 2323.3516, 2264.2319],
        [3188.2122, 2391.7051, 2352.8521, 2304.0359, 2281.3982]],
       device='cuda:0'),
indices=tensor([[51189, 39518,  6993, 13435, 29285],
        [12158, 50263, 51806, 22624, 29760],
        [40292, 43853,  2524, 47862,  5187],
        [43110, 44685, 12148, 24048, 46451],
        [46986, 56708, 30266, 43926,  7510]], device='cuda:0'))
target.shape: torch.Size([63784])
topk target: torch.return_types.topk(
values=tensor([1535.0952, 1533.4077, 1531.5952, 1530.7827, 1530.2827],
       device='cuda:0'),
indices=tensor([1266, 1265,  112,  101,   80], device='cuda:0'))
titles: z_500 (m²/s²), t=19 (57 h)
vmin: 42822.09375, vmax: 64458.0625
topk samples: torch.return_types.topk(
values=tensor([[64458.0625, 60449.5781, 60150.1523, 59633.7969, 59082.7891],
        [59785.8047, 58415.9375, 57953.2344, 57820.3125, 57697.1875],
        [58614.5156, 58337.5742, 57843.1758, 57590.6133, 57575.7656],
        [59259.1719, 58979.9336, 58138.6680, 57413.8477, 57284.1328],
        [58082.1484, 57961.2812, 57624.4531, 57440.1406, 57158.6875]],
       device='cuda:0'),
indices=tensor([[49770, 33508,  3719, 13435,  2965],
        [51806,  3047, 17874, 39438,  2587],
        [54427,  4178,  7810,  4413,  5187],
        [ 7716, 44685,  9920,  5663,  2957],
        [43926, 10811,  7510,  2594,  9450]], device='cuda:0'))
target.shape: torch.Size([63784])
topk target: torch.return_types.topk(
values=tensor([56417.9375, 56417.6875, 56417.6875, 56415.9375, 56415.9375],
       device='cuda:0'),
indices=tensor([302, 303,  68, 304, 301], device='cuda:0'))
Testing DataLoader 0:   1%|▏         | 1/68 [1:22:32<92:10:03, 4952.29s/it]Testing DataLoader 0:   3%|▎         | 2/68 [2:01:47<66:59:03, 3653.69s/it]Testing DataLoader 0:   4%|▍         | 3/68 [2:41:47<58:25:31, 3235.87s/it]Testing DataLoader 0:   6%|▌         | 4/68 [3:22:01<53:52:23, 3030.37s/it]Testing DataLoader 0:   7%|▋         | 5/68 [4:01:16<50:40:02, 2895.28s/it]Testing DataLoader 0:   9%|▉         | 6/68 [4:40:29<48:18:29, 2805.00s/it]Testing DataLoader 0:  10%|█         | 7/68 [5:19:44<46:26:16, 2740.60s/it]Testing DataLoader 0:  12%|█▏        | 8/68 [5:58:59<44:52:22, 2692.38s/it]Testing DataLoader 0:  13%|█▎        | 9/68 [6:38:36<43:33:07, 2657.42s/it]Testing DataLoader 0:  15%|█▍        | 10/68 [7:20:46<42:36:28, 2644.63s/it]Testing DataLoader 0:  16%|█▌        | 11/68 [8:04:36<41:51:06, 2643.28s/it]Testing DataLoader 0:  18%|█▊        | 12/68 [8:49:10<41:09:26, 2645.83s/it]Testing DataLoader 0:  19%|█▉        | 13/68 [9:40:45<40:57:03, 2680.42s/it]Testing DataLoader 0:  21%|██        | 14/68 [10:29:12<40:26:58, 2696.63s/it]Testing DataLoader 0:  22%|██▏       | 15/68 [11:19:48<40:01:58, 2719.21s/it]Testing DataLoader 0:  24%|██▎       | 16/68 [12:10:01<39:32:34, 2737.58s/it]Testing DataLoader 0:  25%|██▌       | 17/68 [13:08:38<39:25:54, 2783.43s/it]Testing DataLoader 0:  26%|██▋       | 18/68 [13:58:01<38:47:51, 2793.44s/it]Testing DataLoader 0:  28%|██▊       | 19/68 [14:38:46<37:46:20, 2775.10s/it]Testing DataLoader 0:  29%|██▉       | 20/68 [15:18:47<36:45:06, 2756.39s/it]Testing DataLoader 0:  31%|███       | 21/68 [15:58:10<35:44:29, 2737.64s/it]Testing DataLoader 0:  32%|███▏      | 22/68 [16:53:15<35:18:37, 2763.42s/it]Testing DataLoader 0:  34%|███▍      | 23/68 [17:54:25<35:02:08, 2802.85s/it]Testing DataLoader 0:  35%|███▌      | 24/68 [18:41:59<34:16:59, 2804.98s/it]Testing DataLoader 0:  37%|███▋      | 25/68 [19:23:32<33:21:17, 2792.51s/it]Testing DataLoader 0:  38%|███▊      | 26/68 [20:04:52<32:26:20, 2780.49s/it]Testing DataLoader 0:  40%|███▉      | 27/68 [20:44:19<31:29:32, 2765.18s/it]Testing DataLoader 0:  41%|████      | 28/68 [21:25:09<30:35:56, 2753.91s/it]Testing DataLoader 0:  43%|████▎     | 29/68 [22:05:41<29:42:49, 2742.81s/it]Testing DataLoader 0:  44%|████▍     | 30/68 [22:44:59<28:48:59, 2730.00s/it]Testing DataLoader 0:  46%|████▌     | 31/68 [23:24:12<27:55:59, 2717.82s/it]Testing DataLoader 0:  47%|████▋     | 32/68 [24:03:25<27:03:51, 2706.42s/it]Testing DataLoader 0:  49%|████▊     | 33/68 [24:42:38<26:12:30, 2695.72s/it]Testing DataLoader 0:  50%|█████     | 34/68 [25:21:54<25:21:54, 2685.71s/it]Testing DataLoader 0:  51%|█████▏    | 35/68 [26:01:08<24:31:56, 2676.25s/it]Testing DataLoader 0:  53%|█████▎    | 36/68 [26:40:22<23:42:33, 2667.30s/it]Testing DataLoader 0:  54%|█████▍    | 37/68 [27:19:36<22:53:43, 2658.83s/it]Testing DataLoader 0:  56%|█████▌    | 38/68 [27:58:52<22:05:25, 2650.85s/it]Testing DataLoader 0:  57%|█████▋    | 39/68 [28:38:07<21:17:34, 2643.26s/it]Testing DataLoader 0:  59%|█████▉    | 40/68 [29:17:22<20:30:09, 2636.05s/it]Testing DataLoader 0:  60%|██████    | 41/68 [29:56:36<19:43:08, 2629.19s/it]Testing DataLoader 0:  62%|██████▏   | 42/68 [30:35:52<18:56:29, 2622.67s/it]Testing DataLoader 0:  63%|██████▎   | 43/68 [31:15:07<18:10:11, 2616.46s/it]Testing DataLoader 0:  65%|██████▍   | 44/68 [31:54:23<17:24:12, 2610.54s/it]Testing DataLoader 0:  66%|██████▌   | 45/68 [32:33:39<16:38:32, 2604.88s/it]Testing DataLoader 0:  68%|██████▊   | 46/68 [33:12:54<15:53:07, 2599.44s/it]Testing DataLoader 0:  69%|██████▉   | 47/68 [33:52:09<15:07:59, 2594.25s/it]Testing DataLoader 0:  71%|███████   | 48/68 [34:31:24<14:23:05, 2589.27s/it]Testing DataLoader 0:  72%|███████▏  | 49/68 [35:10:39<13:38:25, 2584.49s/it]Testing DataLoader 0:  74%|███████▎  | 50/68 [35:55:58<12:56:09, 2587.17s/it]Testing DataLoader 0:  75%|███████▌  | 51/68 [36:35:25<12:11:48, 2582.86s/it]Testing DataLoader 0:  76%|███████▋  | 52/68 [37:14:41<11:27:35, 2578.49s/it]Testing DataLoader 0:  78%|███████▊  | 53/68 [37:54:40<10:43:46, 2575.10s/it]Testing DataLoader 0:  79%|███████▉  | 54/68 [38:33:56<9:59:54, 2571.05s/it] Testing DataLoader 0:  81%|████████  | 55/68 [39:14:16<9:16:27, 2568.30s/it]Testing DataLoader 0:  82%|████████▏ | 56/68 [39:53:31<8:32:53, 2564.49s/it]Testing DataLoader 0:  84%|████████▍ | 57/68 [40:32:50<7:49:29, 2560.89s/it]Testing DataLoader 0:  85%|████████▌ | 58/68 [41:12:05<7:06:13, 2557.34s/it]