***********************************
You have loaded a Mambaforge module
***********************************
---------------------------------------------------------------------------------------------------
NOTE: NSC strongly advices against placing 'mamba activate' (or 'conda
activate', with or without
      arguments) in your shell initialization files, (e.g. '.bashrc' or
'.bash_profile') since
      this severly alters the environment for running software in ways that
cause unpredictable
      issues that can be difficult to diagnose.
---------------------------------------------------------------------------------------------------

W&B online. Running your script from this directory will now sync to the cloud.
Already on 'prob_model_lam'
M	neural_lam/constants.py
M	run_job.bash
Your branch is ahead of 'origin/prob_model_lam' by 30 commits.
  (use "git push" to publish your local commits)
[rank: 0] Global seed set to 42
/proj/berzelius-2022-164/users/x_erila/neural-lam/neural_lam/utils.py:23: FutureWarning: You are using `torch.load` with `weights_only=False` (the current default value), which uses the default pickle module implicitly. It is possible to construct malicious pickle data which will execute arbitrary code during unpickling (See https://github.com/pytorch/pytorch/blob/main/SECURITY.md#untrusted-models for more details). In a future release, the default value for `weights_only` will be flipped to `True`. This limits the functions that could be executed during unpickling. Arbitrary objects will no longer be allowed to be loaded via this mode unless they are explicitly allowlisted by the user via `torch.serialization.add_safe_globals`. We recommend you start setting `weights_only=True` for any use case where you don't have full control of the loaded file. Please open an issue on GitHub for any issues related to this experimental feature.
  return torch.load(
/home/x_erila/.conda/envs/BZ31/lib/python3.10/site-packages/lightning_fabric/utilities/cloud_io.py:52: FutureWarning: You are using `torch.load` with `weights_only=False` (the current default value), which uses the default pickle module implicitly. It is possible to construct malicious pickle data which will execute arbitrary code during unpickling (See https://github.com/pytorch/pytorch/blob/main/SECURITY.md#untrusted-models for more details). In a future release, the default value for `weights_only` will be flipped to `True`. This limits the functions that could be executed during unpickling. Arbitrary objects will no longer be allowed to be loaded via this mode unless they are explicitly allowlisted by the user via `torch.serialization.add_safe_globals`. We recommend you start setting `weights_only=True` for any use case where you don't have full control of the loaded file. Please open an issue on GitHub for any issues related to this experimental feature.
  return torch.load(f, map_location=map_location)  # type: ignore[arg-type]
/proj/berzelius-2022-164/users/x_erila/neural-lam/neural_lam/utils.py:48: FutureWarning: You are using `torch.load` with `weights_only=False` (the current default value), which uses the default pickle module implicitly. It is possible to construct malicious pickle data which will execute arbitrary code during unpickling (See https://github.com/pytorch/pytorch/blob/main/SECURITY.md#untrusted-models for more details). In a future release, the default value for `weights_only` will be flipped to `True`. This limits the functions that could be executed during unpickling. Arbitrary objects will no longer be allowed to be loaded via this mode unless they are explicitly allowlisted by the user via `torch.serialization.add_safe_globals`. We recommend you start setting `weights_only=True` for any use case where you don't have full control of the loaded file. Please open an issue on GitHub for any issues related to this experimental feature.
  return torch.load(
/proj/berzelius-2022-164/users/x_erila/neural-lam/neural_lam/utils.py:123: FutureWarning: You are using `torch.load` with `weights_only=False` (the current default value), which uses the default pickle module implicitly. It is possible to construct malicious pickle data which will execute arbitrary code during unpickling (See https://github.com/pytorch/pytorch/blob/main/SECURITY.md#untrusted-models for more details). In a future release, the default value for `weights_only` will be flipped to `True`. This limits the functions that could be executed during unpickling. Arbitrary objects will no longer be allowed to be loaded via this mode unless they are explicitly allowlisted by the user via `torch.serialization.add_safe_globals`. We recommend you start setting `weights_only=True` for any use case where you don't have full control of the loaded file. Please open an issue on GitHub for any issues related to this experimental feature.
  return torch.load(os.path.join(graph_dir_path, fn), map_location=device)
wandb: Currently logged in as: erik-larsson (erik-larsson-link-ping-university). Use `wandb login --relogin` to force relogin
wandb: wandb version 0.18.3 is available!  To upgrade, please run:
wandb:  $ pip install wandb --upgrade
wandb: Tracking run with wandb version 0.17.7
wandb: Run data is saved locally in ./wandb/run-20241017_130725-dihvvhvw
wandb: Run `wandb offline` to turn off syncing.
wandb: Syncing run loss_res_graph_fm_con_norm_no_border-eval-val-diffusion-4x64-10_17_13-8539
wandb: ⭐️ View project at https://wandb.ai/erik-larsson-link-ping-university/neural-lam_prob
wandb: 🚀 View run at https://wandb.ai/erik-larsson-link-ping-university/neural-lam_prob/runs/dihvvhvw
/home/x_erila/.conda/envs/BZ31/lib/python3.10/site-packages/lightning_fabric/plugins/environments/slurm.py:168: PossibleUserWarning: The `srun` command is available on your system but is not used. HINT: If your intention is to run Lightning on SLURM, prepend your python command with `srun` like so: srun python3 train_model.py --model diffusion --diffusion_model  ...
  rank_zero_warn(
GPU available: True (cuda), used: True
TPU available: False, using: 0 TPU cores
IPU available: False, using: 0 IPUs
HPU available: False, using: 0 HPUs
[rank: 0] Global seed set to 42
Initializing distributed: GLOBAL_RANK: 0, MEMBER: 1/1
----------------------------------------------------------------------------------------------------
distributed_backend=nccl
All distributed processes registered. Starting with 1 processes
----------------------------------------------------------------------------------------------------

LOCAL_RANK: 0 - CUDA_VISIBLE_DEVICES: [0]
Loaded graph with 71164 nodes (63784 grid, 7380 mesh)
Loaded hierarchical graph with structure:
level 0 - 6561 nodes, 51520 same-level edges
  0<->1
 - 6561 up edges, 6561 down edges
level 1 - 729 nodes, 5512 same-level edges
  1<->2
 - 729 up edges, 729 down edges
level 2 - 81 nodes, 544 same-level edges
  2<->3
 - 81 up edges, 81 down edges
level 3 - 9 nodes, 40 same-level edges
Running evaluation on val
Testing: 0it [00:00, ?it/s]Testing:   0%|          | 0/68 [00:00<?, ?it/s]Testing DataLoader 0:   0%|          | 0/68 [00:00<?, ?it/s]titles: pres_0g (Pa), t=1 (3 h)
vmin: 80437.984375, vmax: 117078.8046875
topk samples: torch.return_types.topk(
values=tensor([[104756.1016, 104239.7969, 101897.2422, 101892.2109, 101891.5000],
        [103199.6016, 101892.2812, 101888.3516, 101886.8438, 101886.5391],
        [101824.6797, 101813.6094, 101808.3984, 101806.1250, 101801.1875],
        [101873.3281, 101872.5938, 101861.6953, 101860.7109, 101857.1484],
        [117078.8047, 102026.5312, 101903.4375, 101840.8906, 101826.7734]],
       device='cuda:0'),
indices=tensor([[33308,  3457,   245,   244,   247],
        [ 3488,     5,   247,     7,   245],
        [    1,     7,   245,     6,   247],
        [  247,     9,     8,   246,     0],
        [45804, 15379,  3509,     1,   243]], device='cuda:0'))
target.shape: torch.Size([63784])
topk target: torch.return_types.topk(
values=tensor([101853.4375, 101851.4375, 101847.9375, 101846.9375, 101845.4375],
       device='cuda:0'),
indices=tensor([245, 247, 244,   1, 243], device='cuda:0'))
titles: pres_0s (Pa), t=1 (3 h)
vmin: 99472.921875, vmax: 103684.2734375
topk samples: torch.return_types.topk(
values=tensor([[103684.2734, 101942.1016, 101911.4531, 101905.1328, 101904.1797],
        [102703.5938, 102045.0547, 101944.9922, 101911.1641, 101910.4453],
        [101929.7812, 101924.1172, 101922.9297, 101914.4297, 101914.1875],
        [102006.1484, 101942.1484, 101903.6875, 101901.3203, 101901.1250],
        [102038.2969, 101964.9062, 101925.8438, 101925.6016, 101922.6406]],
       device='cuda:0'),
indices=tensor([[ 3457,   189,   185,   187,  7614],
        [10412, 33306,   202,   205,   203],
        [ 7853,   206,  7615,  7614,  8567],
        [  987,    59,  5949,  2855,  6425],
        [ 6634,   232,   199,   193,   216]], device='cuda:0'))
target.shape: torch.Size([63784])
topk target: torch.return_types.topk(
values=tensor([101891.2812, 101889.0312, 101887.2812, 101878.7812, 101876.4688],
       device='cuda:0'),
indices=tensor([58, 59, 57, 55, 13], device='cuda:0'))
titles: nlwrs_0 (W/m²), t=1 (3 h)
vmin: -1438913.375, vmax: 401503.90625
topk samples: torch.return_types.topk(
values=tensor([[362582.9062, 288936.5312, 212109.1875, 206955.5000, 200047.9688],
        [377254.9688, 359990.5938, 303617.9062, 301085.8125, 298617.4062],
        [332806.8438, 221274.9688, 210548.0625, 202296.2188, 200467.0625],
        [401503.9062, 319113.2500, 286249.8125, 270787.4375, 235548.8750],
        [331363.5000, 313580.3750, 280117.7812, 247005.2188, 240754.3750]],
       device='cuda:0'),
indices=tensor([[28618, 27910, 22431, 28151, 24335],
        [24335, 27433, 27672, 27669, 25055],
        [28618, 27433, 23152, 23632, 23858],
        [28618, 27433, 27669, 27909, 28151],
        [27669, 27672, 28618, 27909, 28149]], device='cuda:0'))
target.shape: torch.Size([63784])
topk target: torch.return_types.topk(
values=tensor([305327.7500, 293615.7500, 278191.7500, 275183.7500, 239343.7500],
       device='cuda:0'),
indices=tensor([28618, 27672, 27910, 27433, 24335], device='cuda:0'))
titles: nswrs_0 (W/m²), t=1 (3 h)
vmin: -2060369.25, vmax: 2060470.0
topk samples: torch.return_types.topk(
values=tensor([[1860398.7500, 1834270.7500, 1830291.0000, 1829842.2500, 1829086.2500],
        [1907936.5000, 1878146.7500, 1841094.7500, 1811402.2500, 1801653.2500],
        [1962094.0000, 1910338.2500, 1871043.0000, 1830704.2500, 1821188.2500],
        [2060470.0000, 1947520.5000, 1840611.5000, 1830615.0000, 1829778.0000],
        [1954504.7500, 1895877.0000, 1875645.2500, 1873209.5000, 1868907.2500]],
       device='cuda:0'),
indices=tensor([[29285, 30227, 49507, 28799, 50458],
        [    6, 30227, 30465, 50694, 31421],
        [28085, 51888,  1190, 49981, 49983],
        [49032, 32628, 28560, 29513, 29763],
        [28322, 30226, 30464, 29513, 17374]], device='cuda:0'))
target.shape: torch.Size([63784])
topk target: torch.return_types.topk(
values=tensor([1492089.5000, 1491961.5000, 1484793.5000, 1483769.5000, 1479929.5000],
       device='cuda:0'),
indices=tensor([49268, 49506, 49030, 49269, 49744], device='cuda:0'))
titles: r_2 (-), t=1 (3 h)
vmin: 0.21393853425979614, vmax: 1.257295846939087
topk samples: torch.return_types.topk(
values=tensor([[1.1870, 1.1684, 1.1444, 1.1403, 1.1386],
        [1.2088, 1.1874, 1.1544, 1.1515, 1.1446],
        [1.2407, 1.1974, 1.1520, 1.1474, 1.1461],
        [1.2573, 1.1948, 1.1730, 1.1661, 1.1647],
        [1.1886, 1.1789, 1.1632, 1.1533, 1.1520]], device='cuda:0'),
indices=tensor([[27249, 26135, 27677, 32814, 20293],
        [ 9039, 22907, 25047, 26610, 29106],
        [27833, 28886, 28618,  5340, 26257],
        [45100, 28153, 24343, 25285, 26476],
        [28148, 25782, 27910, 21382, 23615]], device='cuda:0'))
target.shape: torch.Size([63784])
topk target: torch.return_types.topk(
values=tensor([1.0000, 1.0000, 1.0000, 1.0000, 1.0000], device='cuda:0'),
indices=tensor([ 818,  584,  820, 1048, 1045], device='cuda:0'))
titles: r_65 (-), t=1 (3 h)
vmin: 0.15149694681167603, vmax: 1.2459285259246826
topk samples: torch.return_types.topk(
values=tensor([[1.2459, 1.1795, 1.1696, 1.1627, 1.1578],
        [1.2231, 1.2049, 1.1775, 1.1726, 1.1632],
        [1.2126, 1.2126, 1.1606, 1.1600, 1.1582],
        [1.2020, 1.2008, 1.2000, 1.1974, 1.1897],
        [1.2260, 1.1993, 1.1850, 1.1633, 1.1632]], device='cuda:0'),
indices=tensor([[33308, 26135, 27950, 31606, 32814],
        [ 9039, 22907, 29106, 25047, 49686],
        [28151, 28886,  5110, 28174, 23976],
        [28153, 27669, 23858, 25285, 30052],
        [45804, 28148, 25782, 24335, 30200]], device='cuda:0'))
target.shape: torch.Size([63784])
topk target: torch.return_types.topk(
values=tensor([1.0000, 1.0000, 1.0000, 1.0000, 1.0000], device='cuda:0'),
indices=tensor([3979, 2717, 4211, 4926, 4450], device='cuda:0'))
titles: t_2 (K), t=1 (3 h)
vmin: 249.607666015625, vmax: 309.42449951171875
topk samples: torch.return_types.topk(
values=tensor([[300.4112, 296.5167, 296.5065, 296.2849, 296.1681],
        [297.5685, 297.2793, 296.7022, 296.1650, 296.1088],
        [304.1148, 298.6709, 297.1763, 297.0163, 297.0127],
        [297.2241, 296.7694, 296.7378, 296.7373, 296.6669],
        [309.4245, 296.6383, 296.4733, 296.3773, 296.2425]], device='cuda:0'),
indices=tensor([[3457, 7749, 7984, 6319, 7271],
        [7749, 4412, 6315, 7984, 4887],
        [3938, 1151, 7984, 7274, 7747],
        [7984, 7748, 7509, 6795, 7747],
        [ 474, 8222, 7747, 7746, 7511]], device='cuda:0'))
target.shape: torch.Size([63784])
topk target: torch.return_types.topk(
values=tensor([296.5125, 295.6121, 295.2732, 294.9480, 294.8523], device='cuda:0'),
indices=tensor([4887, 4878, 4886,  801, 6318], device='cuda:0'))
titles: t_65 (K), t=1 (3 h)
vmin: 268.3799133300781, vmax: 318.4945983886719
topk samples: torch.return_types.topk(
values=tensor([[301.1768, 299.9363, 298.2344, 297.5131, 297.4826],
        [298.5187, 297.5419, 297.2661, 297.0204, 296.8950],
        [318.4946, 298.5024, 298.4354, 298.3138, 298.1482],
        [297.4489, 297.3866, 297.3774, 297.2437, 297.2432],
        [297.6020, 297.3575, 297.3032, 297.2802, 297.1659]], device='cuda:0'),
indices=tensor([[3457, 2508, 7749, 2105, 7511],
        [7749, 4412, 7512, 6315, 9194],
        [3938, 1151, 7034, 6796, 7747],
        [7272, 7748, 7747, 7274, 7033],
        [7031, 7511, 5608, 7746, 5375]], device='cuda:0'))
target.shape: torch.Size([63784])
topk target: torch.return_types.topk(
values=tensor([296.3494, 295.8420, 295.7590, 295.7458, 295.6550], device='cuda:0'),
indices=tensor([4887, 6082, 5843, 3704, 5610], device='cuda:0'))
titles: t_500 (K), t=1 (3 h)
vmin: 237.47842407226562, vmax: 271.765869140625
topk samples: torch.return_types.topk(
values=tensor([[262.7707, 262.1947, 262.1757, 262.1628, 262.1481],
        [262.8600, 262.8343, 262.8055, 262.7807, 262.7752],
        [263.2844, 263.2818, 263.2804, 263.2749, 263.2140],
        [262.3747, 262.3175, 262.2361, 262.2295, 262.2108],
        [271.7659, 263.5881, 263.0118, 262.8683, 262.8599]], device='cuda:0'),
indices=tensor([[ 3457, 11169, 11407, 13079, 13080],
        [12354, 12829, 13067, 12352, 12353],
        [12110, 11397, 11874, 11399, 12113],
        [16389, 15914, 16390,   402, 16627],
        [45804,  6634,  6872,  6871,  6396]], device='cuda:0'))
target.shape: torch.Size([63784])
topk target: torch.return_types.topk(
values=tensor([261.9633, 261.9545, 261.9496, 261.9384, 261.9374], device='cuda:0'),
indices=tensor([254, 253, 255, 248, 247], device='cuda:0'))
titles: t_850 (K), t=1 (3 h)
vmin: 261.9298400878906, vmax: 291.0160217285156
topk samples: torch.return_types.topk(
values=tensor([[288.2624, 286.9020, 286.8770, 286.8056, 286.7782],
        [291.0160, 288.8737, 286.8595, 286.7931, 286.7862],
        [287.1763, 286.9393, 286.8662, 286.8654, 286.8117],
        [286.7957, 286.7519, 286.7250, 286.7092, 286.6907],
        [286.7454, 286.7267, 286.6973, 286.6641, 286.6191]], device='cuda:0'),
indices=tensor([[ 3457, 11585, 11822, 11348, 11347],
        [ 3488,  5855,  2750,  3468,  3706],
        [  103, 11102,  8261,  8736,   341],
        [ 7515,  7293,  6814,  6339,  7292],
        [ 3703,  1856,  5636, 13497,  3939]], device='cuda:0'))
target.shape: torch.Size([63784])
topk target: torch.return_types.topk(
values=tensor([287.1227, 287.0973, 287.0792, 287.0768, 287.0728], device='cuda:0'),
indices=tensor([7770, 7532, 7771, 8009, 8247], device='cuda:0'))
titles: u_65 (m/s), t=1 (3 h)
vmin: -13.819424629211426, vmax: 17.83478355407715
topk samples: torch.return_types.topk(
values=tensor([[15.1757, 15.1387, 15.1103, 15.0355, 14.9954],
        [15.1944, 14.9123, 14.7507, 14.6299, 14.5139],
        [17.8348, 16.3382, 16.0526, 15.0607, 15.0464],
        [16.5025, 16.2363, 16.2184, 16.1681, 16.1275],
        [15.5250, 15.3569, 15.1935, 15.1329, 14.9896]], device='cuda:0'),
indices=tensor([[60880, 60642, 60404, 59928, 60882],
        [59935, 56842, 56843, 59458, 59211],
        [52883, 58502, 55954, 58027, 54522],
        [58980, 60887, 60654, 58032, 59932],
        [61599, 54045, 53808, 61125, 53993]], device='cuda:0'))
target.shape: torch.Size([63784])
topk target: torch.return_types.topk(
values=tensor([14.3541, 14.2784, 14.0450, 14.0426, 14.0333], device='cuda:0'),
indices=tensor([55665, 55664, 55653, 55666, 55427], device='cuda:0'))
titles: u_850 (m/s), t=1 (3 h)
vmin: -19.51413917541504, vmax: 20.823055267333984
topk samples: torch.return_types.topk(
values=tensor([[18.7867, 18.1563, 18.0462, 17.1777, 17.1014],
        [18.5625, 16.8920, 16.3854, 16.0391, 16.0005],
        [18.1038, 17.9407, 17.8793, 17.6063, 17.1926],
        [18.2385, 17.9778, 16.9425, 16.9248, 16.6892],
        [17.4973, 16.5093, 16.4790, 16.4664, 16.1166]], device='cuda:0'),
indices=tensor([[51832, 51923, 52161, 51894, 55187],
        [53812, 55716, 56838, 56129, 16942],
        [53269, 52390, 52793, 53507, 54523],
        [55719, 50892, 58978, 55008, 55722],
        [52157, 58023, 50180, 52079, 52156]], device='cuda:0'))
target.shape: torch.Size([63784])
topk target: torch.return_types.topk(
values=tensor([20.8231, 20.5887, 20.3592, 20.2791, 20.1053], device='cuda:0'),
indices=tensor([56362, 56125, 56597, 56361, 56596], device='cuda:0'))
titles: v_65 (m/s), t=1 (3 h)
vmin: -21.556949615478516, vmax: 19.85260772705078
topk samples: torch.return_types.topk(
values=tensor([[19.8526, 17.0365, 12.2114, 12.1168, 11.9861],
        [12.8824, 12.8216, 12.5297, 12.4485, 12.2838],
        [12.4444, 11.9287, 11.6397, 11.5858, 11.4896],
        [13.6641, 13.1479, 13.0268, 12.9827, 12.9733],
        [12.5976, 12.2869, 12.0363, 11.8568, 11.8061]], device='cuda:0'),
indices=tensor([[27117,  3457, 61449, 58835, 62163],
        [61212, 60500, 59551, 61450, 60975],
        [60321, 61929, 61694, 62171, 61695],
        [63629, 61031, 62929, 59369, 61032],
        [58893, 59131, 58600, 59606, 58418]], device='cuda:0'))
target.shape: torch.Size([63784])
topk target: torch.return_types.topk(
values=tensor([11.7219, 11.6579, 11.4504, 11.2478, 11.2219], device='cuda:0'),
indices=tensor([61925, 61687, 62163, 61449, 62401], device='cuda:0'))
titles: v_850 (m/s), t=1 (3 h)
vmin: -21.56694793701172, vmax: 20.287256240844727
topk samples: torch.return_types.topk(
values=tensor([[20.2873, 14.7869, 14.6834, 14.4008, 14.3044],
        [15.2125, 14.4701, 13.9840, 13.8990, 13.7829],
        [16.4939, 14.2053, 14.0128, 13.8085, 13.4340],
        [15.2365, 13.4619, 13.3365, 13.2602, 13.1475],
        [13.3407, 13.2174, 12.9280, 12.8437, 12.7245]], device='cuda:0'),
indices=tensor([[ 3457, 62202, 63405, 63163, 63358],
        [60278, 60991, 62649, 60992, 36036],
        [ 3938, 60021, 60284, 63386, 59566],
        [63123, 57678, 54342, 63154, 60991],
        [56955, 59087, 61705, 60753, 62917]], device='cuda:0'))
target.shape: torch.Size([63784])
topk target: torch.return_types.topk(
values=tensor([17.0318, 16.6724, 16.3512, 16.2906, 16.0045], device='cuda:0'),
indices=tensor([61249, 61011, 61729, 61491, 60773], device='cuda:0'))
titles: wvint_0 (kg/m²), t=1 (3 h)
vmin: 2.801137924194336, vmax: 47.569786071777344
topk samples: torch.return_types.topk(
values=tensor([[47.5698, 37.9538, 37.4069, 37.3596, 37.0683],
        [39.5968, 39.1550, 39.0373, 38.8508, 38.7488],
        [39.0205, 38.2959, 38.0773, 38.0497, 38.0343],
        [38.9684, 37.6553, 37.3460, 37.3419, 37.3206],
        [39.4076, 39.2845, 39.1502, 39.1086, 38.8702]], device='cuda:0'),
indices=tensor([[ 3457,  4870, 27249,  3918,  2968],
        [ 4872,  5349,  5108,  5111,  4871],
        [ 3938,  3920,  3445,  7504,  3681],
        [11518,  4872,  2965,  5108,  5345],
        [ 5583,  5345,  4162,  5107,  5343]], device='cuda:0'))
target.shape: torch.Size([63784])
topk target: torch.return_types.topk(
values=tensor([41.8558, 41.5872, 41.3538, 40.7649, 40.7073], device='cuda:0'),
indices=tensor([ 5588, 10128,  5589,  4158,  5350], device='cuda:0'))
titles: z_1000 (m²/s²), t=1 (3 h)
vmin: -730.8892211914062, vmax: 1809.229248046875
topk samples: torch.return_types.topk(
values=tensor([[1722.7820, 1624.4969, 1613.1713, 1598.3391, 1593.9236],
        [1625.2039, 1600.4331, 1593.1251, 1590.8937, 1588.4097],
        [1694.8057, 1614.4758, 1604.6587, 1599.5206, 1599.1689],
        [1621.3218, 1596.7695, 1595.9487, 1592.8164, 1591.3462],
        [1809.2292, 1640.3762, 1625.7244, 1622.0088, 1618.5265]],
       device='cuda:0'),
indices=tensor([[27117,   189,  6663,  7614,  6900],
        [  202,   199,   205,   203,   206],
        [ 3938,   206,  7853,  7615,   202],
        [   59,  2855,   209,  2617,  3806],
        [ 3509,   232,   436,   945,   210]], device='cuda:0'))
target.shape: torch.Size([63784])
topk target: torch.return_types.topk(
values=tensor([1542.3101, 1540.3413, 1539.3726, 1539.1851, 1539.0913],
       device='cuda:0'),
indices=tensor([ 60, 254, 250, 253, 255], device='cuda:0'))
titles: z_500 (m²/s²), t=1 (3 h)
vmin: 51063.953125, vmax: 57888.1640625
topk samples: torch.return_types.topk(
values=tensor([[56700.9648, 56692.2969, 56688.7500, 56683.4453, 56676.5391],
        [57289.0156, 57221.4492, 56706.2227, 56690.5938, 56689.7578],
        [57042.9492, 56681.1406, 56674.1562, 56660.6055, 56656.9883],
        [56727.3164, 56700.0039, 56693.2812, 56691.6641, 56688.1836],
        [57888.1641, 56753.8438, 56751.6484, 56745.5078, 56735.3984]],
       device='cuda:0'),
indices=tensor([[1113, 1848, 1375, 2090,  893],
        [3488, 5855, 5910, 3988, 6150],
        [1151, 8529, 5412, 8532, 8294],
        [9249,  654, 1129,  892, 1838],
        [ 474, 6634, 1856,  411,  888]], device='cuda:0'))
target.shape: torch.Size([63784])
topk target: torch.return_types.topk(
values=tensor([56629.0820, 56628.9570, 56628.8320, 56628.7070, 56628.7070],
       device='cuda:0'),
indices=tensor([1850, 1849, 2087, 2088, 1848], device='cuda:0'))
titles: pres_0g (Pa), t=2 (6 h)
vmin: 80373.515625, vmax: 118134.7578125
topk samples: torch.return_types.topk(
values=tensor([[104976.7969, 104595.1094, 102674.8203, 101886.8828, 101884.6797],
        [107167.0312, 103435.2812, 102146.6172, 102003.3984, 101916.9688],
        [108359.2891, 101818.6406, 101789.7422, 101786.3203, 101785.3438],
        [103373.2891, 103004.7812, 102816.5781, 101888.7812, 101859.2578],
        [118134.7578, 101913.1016, 101865.7578, 101843.2344, 101812.8906]],
       device='cuda:0'),
indices=tensor([[33308,  3457,  2109,     5,   247],
        [53048,  3488, 19761,  5855,     7],
        [41942,     1,   247,     7,   245],
        [12148, 58242, 52226, 28694,  1934],
        [45804,  3509, 15379,     1,     7]], device='cuda:0'))
target.shape: torch.Size([63784])
topk target: torch.return_types.topk(
values=tensor([101879.6250, 101879.1250, 101877.1250, 101876.6250, 101874.1250],
       device='cuda:0'),
indices=tensor([245, 481, 244, 243, 480], device='cuda:0'))
titles: pres_0s (Pa), t=2 (6 h)
vmin: 99327.75, vmax: 103865.859375
topk samples: torch.return_types.topk(
values=tensor([[103865.8594, 102510.2344, 101905.5859, 101903.0312, 101900.2188],
        [102527.2969, 102469.5859, 102083.0312, 102067.9219, 101944.5703],
        [102691.8750, 101956.4219, 101938.0781, 101912.9766, 101911.9219],
        [102840.7969, 101957.7656, 101956.5000, 101953.3750, 101946.2734],
        [102710.1562, 102325.9531, 101999.5469, 101995.5781, 101955.2422]],
       device='cuda:0'),
indices=tensor([[ 3457, 38260,   202,   189,  6663],
        [48944, 10412,  5855, 33306,   202],
        [41942,   809,   206,  1151,   208],
        [12148,  2855,   987,  3093,    59],
        [45804,  3566,   232,  6634,   233]], device='cuda:0'))
target.shape: torch.Size([63784])
topk target: torch.return_types.topk(
values=tensor([101986.9766, 101983.6641, 101983.6016, 101963.6016, 101961.7266],
       device='cuda:0'),
indices=tensor([58, 57, 59, 56, 55], device='cuda:0'))
titles: nlwrs_0 (W/m²), t=2 (6 h)
vmin: -2407069.0, vmax: 405845.03125
topk samples: torch.return_types.topk(
values=tensor([[275695.2500, 273234.7188, 267017.9062, 245054.6250, 231534.4688],
        [380249.4062, 278371.9688, 232414.7500, 216752.7500, 208164.1562],
        [385377.6562, 330436.9375, 318295.0625, 235349.5000, 226479.8438],
        [338992.1250, 326657.8750, 270837.9688, 265133.6562, 264887.5000],
        [405845.0312, 385584.9688, 374380.7812, 353011.0938, 280279.1562]],
       device='cuda:0'),
indices=tensor([[28388, 27669, 28151, 28618,  2933],
        [27433, 26876, 26404, 26369, 23858],
        [27669, 28149, 28618, 27433, 34138],
        [27672, 28149, 28618, 27669, 28151],
        [28618, 27672, 27669, 27910, 27909]], device='cuda:0'))
target.shape: torch.Size([63784])
topk target: torch.return_types.topk(
values=tensor([281706., 267754., 260394., 229866., 208106.], device='cuda:0'),
indices=tensor([27669, 28618, 24335, 28151, 27433], device='cuda:0'))
titles: nswrs_0 (W/m²), t=2 (6 h)
vmin: -2008370.0, vmax: 1889078.0
topk samples: torch.return_types.topk(
values=tensor([[ 774876.0000,  641201.3750,  610450.4375,  586440.5000,  546826.1250],
        [ 575785.1875,  554666.3750,  510160.2500,  497681.8125,  484343.7812],
        [1666927.7500,  623791.7500,  461064.4375,  447682.0625,  439433.1562],
        [ 563461.4375,  557832.0625,  459968.1562,  444390.2188,  443566.3125],
        [1889078.0000,  527515.6875,  446874.7500,  440105.1875,  432205.3125]],
       device='cuda:0'),
indices=tensor([[16031, 27117, 10659, 59386, 47740],
        [11053, 29208, 51095, 35708, 18958],
        [30088,  9404, 27833, 28284, 10316],
        [51301, 63610, 47800,  1397, 22056],
        [  474, 55838, 23945,  3313,  1876]], device='cuda:0'))
target.shape: torch.Size([63784])
topk target: torch.return_types.topk(
values=tensor([35584., 32000., 30720., 30720., 30464.], device='cuda:0'),
indices=tensor([63546, 63308, 63070, 60931, 61168], device='cuda:0'))
titles: r_2 (-), t=2 (6 h)
vmin: 0.17625391483306885, vmax: 1.2527738809585571
topk samples: torch.return_types.topk(
values=tensor([[1.2447, 1.1874, 1.1860, 1.1595, 1.1557],
        [1.2030, 1.1934, 1.1904, 1.1888, 1.1671],
        [1.2528, 1.2184, 1.1898, 1.1621, 1.1471],
        [1.2198, 1.1876, 1.1741, 1.1614, 1.1614],
        [1.1669, 1.1473, 1.1463, 1.1449, 1.1445]], device='cuda:0'),
indices=tensor([[27438, 23624, 40801, 30080, 25045],
        [30062, 24828, 24573, 28148, 31015],
        [30323, 20287, 27191, 26251, 25057],
        [28153, 28863, 28400, 30298, 26241],
        [26005, 23861, 22943, 27689, 28401]], device='cuda:0'))
target.shape: torch.Size([63784])
topk target: torch.return_types.topk(
values=tensor([1.0000, 1.0000, 1.0000, 1.0000, 1.0000], device='cuda:0'),
indices=tensor([ 820,  818, 1048, 1057, 1056], device='cuda:0'))
titles: r_65 (-), t=2 (6 h)
vmin: 0.1970086693763733, vmax: 1.2897841930389404
topk samples: torch.return_types.topk(
values=tensor([[1.2898, 1.1949, 1.1917, 1.1897, 1.1843],
        [1.2324, 1.2232, 1.2069, 1.1924, 1.1882],
        [1.2536, 1.2519, 1.2073, 1.1863, 1.1799],
        [1.2410, 1.2068, 1.2015, 1.1987, 1.1835],
        [1.2164, 1.2009, 1.1800, 1.1783, 1.1723]], device='cuda:0'),
indices=tensor([[27438, 27431, 27117, 23624, 30080],
        [30062, 24828, 28148, 31015, 24573],
        [30323, 20287, 27191, 24335, 25766],
        [28863, 28153, 28400, 39369, 27669],
        [28618, 27689, 28401, 27192, 27669]], device='cuda:0'))
target.shape: torch.Size([63784])
topk target: torch.return_types.topk(
values=tensor([1.0000, 1.0000, 1.0000, 1.0000, 1.0000], device='cuda:0'),
indices=tensor([1057,  818, 1295, 1533, 1297], device='cuda:0'))
titles: t_2 (K), t=2 (6 h)
vmin: 248.34393310546875, vmax: 304.66015625
topk samples: torch.return_types.topk(
values=tensor([[295.5275, 294.0564, 293.9649, 293.7482, 293.6469],
        [294.5760, 294.0719, 293.5179, 293.4746, 293.3915],
        [295.7297, 295.3138, 295.0605, 294.6858, 294.5465],
        [294.3931, 294.3592, 294.3448, 294.2711, 294.0758],
        [304.6602, 293.9966, 293.9724, 293.8730, 293.7602]], device='cuda:0'),
indices=tensor([[ 2129,  7747,  7749,  5118,  7984],
        [ 4412,  7749,  7984,  4180,  8468],
        [ 8697,  6796,  8222,  7984,  7509],
        [ 8467,  7750,  8465,  8705,  8941],
        [  474, 10378,  8222,  2506,  5358]], device='cuda:0'))
target.shape: torch.Size([63784])
topk target: torch.return_types.topk(
values=tensor([293.8436, 293.6190, 293.5653, 293.3495, 293.0897], device='cuda:0'),
indices=tensor([ 2358,  4887,   801, 20886,  1279], device='cuda:0'))
titles: t_65 (K), t=2 (6 h)
vmin: 264.25421142578125, vmax: 299.4034423828125
topk samples: torch.return_types.topk(
values=tensor([[296.8815, 296.2814, 295.5439, 295.0629, 294.6887],
        [296.1400, 295.0492, 294.9140, 294.7900, 294.6750],
        [297.0067, 296.3114, 296.1085, 295.7205, 295.6516],
        [299.4034, 295.6921, 295.2982, 294.9803, 294.9695],
        [294.9931, 294.8533, 294.8528, 294.7882, 294.6199]], device='cuda:0'),
indices=tensor([[ 2508,  2129,  7749,  7747,  7511],
        [53048,  4412,  3923,  7749,  9426],
        [ 3938,  6796,  8697,  6559,  4419],
        [12148,  8467,  8468,  8465,  7750],
        [ 4882,  6073,  7749,  5358,  7521]], device='cuda:0'))
target.shape: torch.Size([63784])
topk target: torch.return_types.topk(
values=tensor([294.1343, 293.5962, 293.3091, 293.2115, 293.2066], device='cuda:0'),
indices=tensor([ 2358, 16108,  4887,   801,  3004], device='cuda:0'))
titles: t_500 (K), t=2 (6 h)
vmin: 236.5916748046875, vmax: 269.12646484375
topk samples: torch.return_types.topk(
values=tensor([[264.0790, 263.1600, 262.9878, 262.9819, 262.8836],
        [264.2159, 262.4259, 262.4233, 262.4224, 262.3911],
        [263.5933, 263.5885, 263.5079, 263.5033, 263.4967],
        [262.2695, 262.0443, 262.0266, 261.9086, 261.8872],
        [269.1265, 266.7051, 266.0256, 265.8685, 263.8594]], device='cuda:0'),
indices=tensor([[ 2109, 33308,  9732,  8750,  9730],
        [ 3488, 12829, 13064, 12828, 12354],
        [ 7345,  7583,  8057,  7818,  7343],
        [  780,   542,  1017,  1016, 14980],
        [45804,   474,  3566, 13996,  5638]], device='cuda:0'))
target.shape: torch.Size([63784])
topk target: torch.return_types.topk(
values=tensor([261.7679, 261.7660, 261.7626, 261.7616, 261.7592], device='cuda:0'),
indices=tensor([510, 509, 274, 273, 271], device='cuda:0'))
titles: t_850 (K), t=2 (6 h)
vmin: 255.89898681640625, vmax: 290.5862121582031
topk samples: torch.return_types.topk(
values=tensor([[286.1037, 285.9917, 285.9701, 285.8980, 285.8968],
        [287.4044, 287.1167, 286.2327, 286.1743, 286.1536],
        [286.5525, 286.5478, 286.4810, 286.4653, 286.4486],
        [286.6314, 286.4368, 286.4366, 286.4214, 286.2425],
        [290.5862, 287.1815, 286.7269, 286.4417, 286.4228]], device='cuda:0'),
indices=tensor([[11097, 10618, 10856, 11334, 10857],
        [ 3488,  5855,  2742,  2503, 13960],
        [ 1045,   333,   338,    97,   567],
        [ 8703, 14461,  8465, 14462,  8224],
        [ 3566, 13996, 10896,   474, 10657]], device='cuda:0'))
target.shape: torch.Size([63784])
topk target: torch.return_types.topk(
values=tensor([287.1571, 287.1298, 287.1283, 287.1098, 287.0898], device='cuda:0'),
indices=tensor([7538, 7776, 7777, 7778, 7537], device='cuda:0'))
titles: u_65 (m/s), t=2 (6 h)
vmin: -23.64249610900879, vmax: 16.961782455444336
topk samples: torch.return_types.topk(
values=tensor([[15.4383, 14.8218, 14.5346, 14.1229, 13.9685],
        [15.4047, 15.3928, 14.5194, 14.4852, 14.3390],
        [14.7727, 14.7524, 14.4819, 14.3436, 14.1975],
        [16.9618, 16.2345, 16.0565, 15.6092, 15.5262],
        [15.0335, 14.6290, 14.4818, 14.4193, 14.3946]], device='cuda:0'),
indices=tensor([[55425, 60176, 56135, 59225, 54718],
        [60657, 59706, 59470, 59233, 59214],
        [61354, 41942, 57805, 58517, 59938],
        [58510, 60889, 60893, 58750, 58987],
        [59468, 53810, 59944, 59230, 60419]], device='cuda:0'))
target.shape: torch.Size([63784])
topk target: torch.return_types.topk(
values=tensor([14.9051, 14.5271, 14.2532, 14.2522, 14.2391], device='cuda:0'),
indices=tensor([53753, 54721, 54958, 54485, 54247], device='cuda:0'))
titles: u_850 (m/s), t=2 (6 h)
vmin: -22.531972885131836, vmax: 20.280719757080078
topk samples: torch.return_types.topk(
values=tensor([[15.9133, 15.8918, 15.5001, 15.4343, 15.4241],
        [15.5111, 14.9499, 14.9170, 14.9127, 14.6736],
        [15.8132, 15.6761, 15.4434, 15.3515, 15.1889],
        [16.8401, 16.2938, 15.6834, 15.5522, 15.5179],
        [15.7519, 15.3906, 15.3251, 15.2974, 15.1844]], device='cuda:0'),
indices=tensor([[51614, 56375, 51853, 51832, 53105],
        [51660, 51663, 53584, 59947, 51422],
        [58033, 53336, 50178, 49950, 55187],
        [58746, 56147, 57083, 50893, 49973],
        [59469, 54485, 59473, 58996, 58992]], device='cuda:0'))
target.shape: torch.Size([63784])
topk target: torch.return_types.topk(
values=tensor([20.2807, 19.9819, 19.8989, 19.7338, 19.6567], device='cuda:0'),
indices=tensor([55423, 55175, 55422, 55176, 55421], device='cuda:0'))
titles: v_65 (m/s), t=2 (6 h)
vmin: -22.5911808013916, vmax: 16.63849639892578
topk samples: torch.return_types.topk(
values=tensor([[15.1767, 14.2176, 14.0895, 13.8168, 13.7119],
        [15.1810, 14.4212, 14.0558, 13.7984, 13.4178],
        [16.6385, 16.1031, 14.9875, 14.4703, 14.2089],
        [16.3410, 16.1123, 15.8128, 15.4256, 15.3505],
        [13.7095, 13.5377, 13.4351, 13.4140, 13.3775]], device='cuda:0'),
indices=tensor([[61691, 61931, 61463, 61929, 62930],
        [60979, 60501, 60500, 60980, 60499],
        [41942, 59612, 59608, 59611, 61032],
        [61035, 60796, 61031, 61513, 61273],
        [61985, 60082, 56254, 61750, 56253]], device='cuda:0'))
target.shape: torch.Size([63784])
topk target: torch.return_types.topk(
values=tensor([11.2291, 11.1607, 11.1295, 11.0924, 11.0846], device='cuda:0'),
indices=tensor([60746, 60745, 60506, 61274, 60507], device='cuda:0'))
titles: v_850 (m/s), t=2 (6 h)
vmin: -28.76291275024414, vmax: 22.615726470947266
topk samples: torch.return_types.topk(
values=tensor([[16.3622, 16.3359, 15.4273, 15.2333, 14.9581],
        [17.1760, 15.7510, 14.9828, 14.8581, 13.9263],
        [22.6157, 15.0311, 14.6529, 14.4924, 13.7686],
        [14.4612, 14.0182, 13.9658, 13.7098, 13.5897],
        [18.1537, 14.0772, 14.0609, 13.9613, 13.8150]], device='cuda:0'),
indices=tensor([[63163, 60272, 50507, 61467, 60515],
        [61460, 60503, 60985, 60262, 31985],
        [30088, 60291, 41942, 63595, 63177],
        [61276, 62933, 63646, 60799, 63410],
        [ 3566, 61260, 62693, 62678, 63179]], device='cuda:0'))
target.shape: torch.Size([63784])
topk target: torch.return_types.topk(
values=tensor([15.7622, 15.7495, 15.4731, 15.3892, 15.2876], device='cuda:0'),
indices=tensor([61492, 61254, 61016, 61730, 61015], device='cuda:0'))
titles: wvint_0 (kg/m²), t=2 (6 h)
vmin: 2.370701789855957, vmax: 43.239906311035156
topk samples: torch.return_types.topk(
values=tensor([[37.4925, 36.6606, 36.5837, 36.5075, 36.3855],
        [37.6415, 37.4390, 37.1942, 37.0948, 37.0756],
        [38.3057, 37.9738, 37.5764, 37.3442, 37.1897],
        [37.2619, 36.8807, 36.5536, 36.5060, 36.3466],
        [39.2617, 38.1096, 38.0235, 37.3878, 37.3011]], device='cuda:0'),
indices=tensor([[17696, 14125, 13889, 22452, 13415],
        [13446,   360,  1785, 23604,   834],
        [ 7984,  8698,  8458, 10596, 17732],
        [11786, 11548,  9657, 17998, 12283],
        [13996, 12038, 11794, 11796, 11558]], device='cuda:0'))
target.shape: torch.Size([63784])
topk target: torch.return_types.topk(
values=tensor([43.2399, 39.6208, 39.4528, 39.4303, 39.2946], device='cuda:0'),
indices=tensor([ 5596,  5834, 11568, 11806,  6073], device='cuda:0'))
titles: z_1000 (m²/s²), t=2 (6 h)
vmin: -1223.455322265625, vmax: 2043.981689453125
topk samples: torch.return_types.topk(
values=tensor([[1647.3009, 1638.8680, 1617.9014, 1609.3013, 1608.3293],
        [1649.2485, 1637.9071, 1625.1858, 1610.4609, 1610.3226],
        [1669.8206, 1631.5471, 1605.7087, 1603.7085, 1602.2197],
        [2043.9817, 1659.4011, 1659.0569, 1651.2310, 1647.9324],
        [1775.7124, 1679.3049, 1643.9392, 1640.7870, 1632.2051]],
       device='cuda:0'),
indices=tensor([[51752,  6663,  5949,  6424,   189],
        [ 5855,   202,   199,   198,   437],
        [41942,   206,   202,   445,   208],
        [12148,  2855,  3093,  3330,   209],
        [ 3509,   232,   472,   945,   233]], device='cuda:0'))
target.shape: torch.Size([63784])
topk target: torch.return_types.topk(
values=tensor([1601.7195, 1597.6257, 1597.2507, 1595.8757, 1587.0632],
       device='cuda:0'),
indices=tensor([56, 60, 58, 57, 55], device='cuda:0'))
titles: z_500 (m²/s²), t=2 (6 h)
vmin: 50906.8046875, vmax: 57616.6484375
topk samples: torch.return_types.topk(
values=tensor([[56720.3672, 56670.9844, 56655.1641, 56644.7969, 56642.8203],
        [57616.6484, 57608.4414, 56707.1797, 56674.3320, 56673.8789],
        [57191.3516, 56985.5352, 56775.0664, 56725.7812, 56720.5039],
        [57159.7461, 56707.9531, 56634.1836, 56626.2734, 56624.9805],
        [57598.2695, 56775.5430, 56750.0000, 56728.6680, 56687.3359]],
       device='cuda:0'),
indices=tensor([[ 6134,  6372,  1848,  6185,  1375],
        [ 3488,  5855,  5910,  3988,  6150],
        [30088,  1151,   809,  8294,  8532],
        [12148,  9249,  8202,   248,   249],
        [  474,  6634,  1856,   417,   733]], device='cuda:0'))
target.shape: torch.Size([63784])
topk target: torch.return_types.topk(
values=tensor([56573.3281, 56573.0781, 56572.2031, 56572.0781, 56572.0781],
       device='cuda:0'),
indices=tensor([267, 268, 263, 271, 269], device='cuda:0'))
titles: pres_0g (Pa), t=3 (9 h)
vmin: 80227.9609375, vmax: 118191.3359375
topk samples: torch.return_types.topk(
values=tensor([[106027.4844, 104912.1328, 104591.4688, 102470.6953, 101800.8359],
        [107405.1406, 104334.9219, 103988.6406, 103347.0156, 102355.5469],
        [108503.1016, 106378.1562, 104726.8438, 103895.7188, 101911.9453],
        [106007.6719, 103882.3672, 102977.5391, 102828.3672, 102761.8672],
        [118191.3359, 101805.7422, 101765.6875, 101765.2266, 101763.9688]],
       device='cuda:0'),
indices=tensor([[ 4145, 33308,  3457,  2109,   476],
        [53048, 27004, 58257,  3488, 19761],
        [41942, 21263, 42839, 33142, 30107],
        [50296, 12148, 58242, 52226, 37661],
        [45804,     1,     2,     0,     7]], device='cuda:0'))
target.shape: torch.Size([63784])
topk target: torch.return_types.topk(
values=tensor([101882.4688, 101881.4688, 101876.4688, 101875.4688, 101874.4688],
       device='cuda:0'),
indices=tensor([ 477, 1190,  715,  478,  479], device='cuda:0'))
titles: pres_0s (Pa), t=3 (9 h)
vmin: 98643.484375, vmax: 103701.34375
topk samples: torch.return_types.topk(
values=tensor([[103701.3438, 103317.1797, 102224.2188, 101818.7109, 101814.6953],
        [102251.6562, 102111.8516, 102095.3516, 102050.6953, 101898.5000],
        [102923.4766, 102792.0703, 101866.1719, 101858.6016, 101829.8594],
        [103336.1094, 101941.4688, 101918.6094, 101917.4688, 101914.5625],
        [102807.7891, 102675.7656, 102018.9688, 101995.5938, 101959.0703]],
       device='cuda:0'),
indices=tensor([[ 3457, 18856, 38260,  6663,   201],
        [10412, 48944, 50263,  5855,   202],
        [42839, 41942, 30107,   809,   206],
        [12148,  2855,  3093,  3092,  2616],
        [45804, 14608,   232,   233,   945]], device='cuda:0'))
target.shape: torch.Size([63784])
topk target: torch.return_types.topk(
values=tensor([101929.2031, 101928.7656, 101922.0156, 101906.7031, 101902.9531],
       device='cuda:0'),
indices=tensor([59, 58, 57, 55, 61], device='cuda:0'))
titles: nlwrs_0 (W/m²), t=3 (9 h)
vmin: -2597508.5, vmax: 641899.875
topk samples: torch.return_types.topk(
values=tensor([[641899.8750, 447540.2188, 390083.4688, 360451.5312, 306399.7188],
        [394445.0312, 327660.8438, 300918.8750, 256988.0000, 241529.7188],
        [403842.8438, 322102.8438, 316884.6562, 285288.5000, 225692.7812],
        [406649.0312, 309740.8125, 265654.9688, 257062.2188, 253871.5000],
        [359728.1562, 287054.6250, 285204.9062, 273935.0938, 253106.5938]],
       device='cuda:0'),
indices=tensor([[27117, 18856, 27910, 27669, 25055],
        [27433, 27669, 28618, 30795, 24335],
        [27672, 27669, 28148, 28388, 24351],
        [28151, 28618, 28149, 28388, 27910],
        [27669, 27672, 28618, 27910, 27909]], device='cuda:0'))
target.shape: torch.Size([63784])
topk target: torch.return_types.topk(
values=tensor([249080.5000, 237688.5000, 218744.5000, 205688.5000, 189816.5000],
       device='cuda:0'),
indices=tensor([27669, 28151, 27672, 28388, 27433], device='cuda:0'))
titles: nswrs_0 (W/m²), t=3 (9 h)
vmin: -1443912.25, vmax: 1486244.25
topk samples: torch.return_types.topk(
values=tensor([[ 662387.6875,  620139.7500,  570206.8750,  554709.5000,  531527.9375],
        [1486244.2500,  826741.6250,  823658.6250,  599654.8750,  589346.3750],
        [1282936.2500,  753778.5625,  717591.3750,  493908.3750,  468491.3125],
        [ 614762.8750,  525507.7500,  501495.5000,  490920.9375,  472066.7500],
        [ 835851.6250,  692911.3750,  632879.0000,  630777.0625,  610119.3750]],
       device='cuda:0'),
indices=tensor([[27117, 15644, 54409, 16093, 18856],
        [31210, 27004, 45087, 27388, 27015],
        [21263, 33142, 30088, 18943, 55208],
        [12148, 25768, 19506,  9182, 44142],
        [23385, 58840, 14608,  7052,   474]], device='cuda:0'))
target.shape: torch.Size([63784])
topk target: torch.return_types.topk(
values=tensor([0., 0., 0., 0., 0.], device='cuda:0'),
indices=tensor([1, 0, 2, 4, 3], device='cuda:0'))
titles: r_2 (-), t=3 (9 h)
vmin: 0.2950335443019867, vmax: 1.3664867877960205
topk samples: torch.return_types.topk(
values=tensor([[1.2461, 1.2144, 1.2007, 1.1919, 1.1855],
        [1.2178, 1.2116, 1.1988, 1.1701, 1.1553],
        [1.3665, 1.1753, 1.1748, 1.1740, 1.1620],
        [1.1934, 1.1853, 1.1824, 1.1814, 1.1805],
        [1.2150, 1.1905, 1.1770, 1.1723, 1.1665]], device='cuda:0'),
indices=tensor([[27912, 26247, 23858, 24338, 29616],
        [31015, 50263, 27004, 24828, 24335],
        [42839, 27912, 29575, 28886, 11644],
        [28149, 23627, 27679, 24498, 23148],
        [ 3509, 29347, 27664, 23858, 15166]], device='cuda:0'))
target.shape: torch.Size([63784])
topk target: torch.return_types.topk(
values=tensor([1.0000, 1.0000, 1.0000, 1.0000, 1.0000], device='cuda:0'),
indices=tensor([1060,  838, 1123, 1285, 1284], device='cuda:0'))
titles: r_65 (-), t=3 (9 h)
vmin: 0.2680487036705017, vmax: 1.2685341835021973
topk samples: torch.return_types.topk(
values=tensor([[1.2685, 1.2576, 1.2503, 1.2451, 1.2445],
        [1.2636, 1.2274, 1.2166, 1.2104, 1.2054],
        [1.2100, 1.2046, 1.1988, 1.1777, 1.1729],
        [1.2447, 1.2366, 1.2125, 1.2083, 1.2078],
        [1.2005, 1.1978, 1.1849, 1.1827, 1.1747]], device='cuda:0'),
indices=tensor([[27912, 29616, 18856, 24338, 27117],
        [27669, 24828, 31015, 24335, 26876],
        [28886, 42839, 29575, 30795,  4475],
        [27669, 23148, 28151, 24498, 28633],
        [23858, 27669, 29377, 15166, 29347]], device='cuda:0'))
target.shape: torch.Size([63784])
topk target: torch.return_types.topk(
values=tensor([1.0000, 1.0000, 1.0000, 1.0000, 1.0000], device='cuda:0'),
indices=tensor([1299, 1298, 1535, 1777, 1536], device='cuda:0'))
titles: t_2 (K), t=3 (9 h)
vmin: 254.01547241210938, vmax: 307.3872375488281
topk samples: torch.return_types.topk(
values=tensor([[298.0452, 292.4767, 292.4540, 291.9427, 291.9190],
        [307.3872, 293.8736, 293.1945, 292.9033, 292.7129],
        [299.5083, 293.1803, 293.0506, 292.9597, 292.9524],
        [299.3181, 293.2063, 293.1450, 292.8406, 292.6779],
        [300.8309, 293.3246, 293.2496, 293.2170, 293.1761]], device='cuda:0'),
indices=tensor([[18856,  9386,  2129,  2268, 10098],
        [50263, 14873,  4412,  8467, 12001],
        [21263, 10847, 11085, 10373,  9657],
        [ 9593,  8202,  7511,  7984,  7750],
        [  474, 18716,  5833, 17525,  6548]], device='cuda:0'))
target.shape: torch.Size([63784])
topk target: torch.return_types.topk(
values=tensor([292.5252, 292.1097, 292.0604, 292.0247, 291.9579], device='cuda:0'),
indices=tensor([21123,  4887, 20886, 12716, 12477], device='cuda:0'))
titles: t_65 (K), t=3 (9 h)
vmin: 261.78509521484375, vmax: 296.7137145996094
topk samples: torch.return_types.topk(
values=tensor([[296.7137, 293.8033, 293.3419, 293.0715, 293.0260],
        [294.3456, 293.6360, 293.6147, 293.4101, 293.3728],
        [296.4627, 293.5534, 293.4732, 293.3945, 293.2332],
        [294.5543, 293.8624, 293.4169, 293.3353, 293.2657],
        [294.0965, 294.0836, 294.0405, 294.0362, 293.9664]], device='cuda:0'),
indices=tensor([[18856,  2129,  7749,  3461,  7510],
        [14873,  8467, 50263, 12001, 15111],
        [20740,   833,   340,  7753, 10847],
        [12148,  7511,  7750,  8467,  7984],
        [ 7271,  6796,  5833,  6548, 18716]], device='cuda:0'))
target.shape: torch.Size([63784])
topk target: torch.return_types.topk(
values=tensor([292.8839, 292.4020, 292.1315, 291.9752, 291.9034], device='cuda:0'),
indices=tensor([ 9677, 21123,  9439, 12716, 12477], device='cuda:0'))
titles: t_500 (K), t=3 (9 h)
vmin: 236.13861083984375, vmax: 271.9012451171875
topk samples: torch.return_types.topk(
values=tensor([[264.0736, 264.0007, 263.9309, 263.9125, 263.8628],
        [271.9012, 264.3549, 263.0097, 262.9863, 262.9166],
        [264.5783, 264.0908, 263.8228, 263.8021, 263.7964],
        [263.9836, 262.7713, 262.7494, 262.7465, 262.7087],
        [270.3830, 269.8301, 264.9076, 263.5978, 263.4553]], device='cuda:0'),
indices=tensor([[33308,   246,    11,   486,   247],
        [27015,  3488,   552,   549,   787],
        [15648, 30088,  8055,  8057,  8053],
        [12148,  7558,  7315,  7796,  7314],
        [45804,   474, 13996,  5638, 12370]], device='cuda:0'))
target.shape: torch.Size([63784])
topk target: torch.return_types.topk(
values=tensor([261.6567, 261.6528, 261.6498, 261.6494, 261.6450], device='cuda:0'),
indices=tensor([279, 281, 280, 271, 270], device='cuda:0'))
titles: t_850 (K), t=3 (9 h)
vmin: 258.5918884277344, vmax: 288.4241027832031
topk samples: torch.return_types.topk(
values=tensor([[288.4241, 287.0151, 285.2720, 285.2485, 285.2369],
        [288.3234, 288.2523, 287.4843, 287.0983, 285.7242],
        [286.2071, 286.1095, 285.9883, 285.9860, 285.8923],
        [288.3459, 286.7127, 286.6425, 286.5038, 286.4377],
        [288.1626, 285.9545, 285.9341, 285.6617, 285.6578]], device='cuda:0'),
indices=tensor([[18856,  4145, 12286,  9422, 17049],
        [ 4287, 27015,  3488,  5855,  1307],
        [  800,   561,   322,   562,   323],
        [19897,  7749,  7511,  7986,  7987],
        [  474,   830, 13502, 15646, 12791]], device='cuda:0'))
target.shape: torch.Size([63784])
topk target: torch.return_types.topk(
values=tensor([286.9396, 286.9157, 286.8596, 286.8522, 286.8444], device='cuda:0'),
indices=tensor([7778, 8494, 8495, 7540, 8732], device='cuda:0'))
titles: u_65 (m/s), t=3 (9 h)
vmin: -19.200103759765625, vmax: 20.18381118774414
topk samples: torch.return_types.topk(
values=tensor([[14.1031, 13.9734, 13.8004, 13.4047, 13.3856],
        [14.3146, 13.4547, 13.2384, 13.1521, 13.0159],
        [14.2337, 13.7369, 13.5316, 13.2659, 13.0895],
        [16.5120, 16.2449, 16.1498, 15.6262, 15.6006],
        [20.1838, 14.5831, 14.3333, 14.2281, 14.0747]], device='cuda:0'),
indices=tensor([[53990, 53275, 56145, 48295, 55425],
        [59704, 59706, 59470, 54706, 54700],
        [61835, 58517, 62549, 57804, 61596],
        [60893, 58985, 61370, 58032, 59225],
        [  474, 57576, 56629, 54003, 57800]], device='cuda:0'))
target.shape: torch.Size([63784])
topk target: torch.return_types.topk(
values=tensor([14.7666, 14.7451, 14.6358, 14.5142, 14.4947], device='cuda:0'),
indices=tensor([52393, 52872, 51915, 52632, 51914], device='cuda:0'))
titles: u_850 (m/s), t=3 (9 h)
vmin: -27.48067855834961, vmax: 20.615909576416016
topk samples: torch.return_types.topk(
values=tensor([[16.0630, 15.3823, 15.3063, 14.5372, 14.4984],
        [15.8356, 14.8421, 14.2242, 13.8576, 13.5501],
        [15.4610, 15.3393, 15.2361, 14.8044, 14.4273],
        [15.8230, 15.4387, 15.2436, 15.2135, 14.8960],
        [15.0180, 14.5647, 14.2551, 14.0066, 13.9394]], device='cuda:0'),
indices=tensor([[52579, 57057, 52577, 52105, 52095],
        [56391, 56153, 54470, 56152, 54233],
        [50905, 50189, 50904, 51146, 51383],
        [58288, 58032, 57815, 58526, 54718],
        [57570, 57816, 58045, 50921, 50444]], device='cuda:0'))
target.shape: torch.Size([63784])
topk target: torch.return_types.topk(
values=tensor([20.6159, 20.3884, 20.3298, 20.2507, 20.2311], device='cuda:0'),
indices=tensor([52350, 52349, 53756, 53755, 53754], device='cuda:0'))
titles: v_65 (m/s), t=3 (9 h)
vmin: -23.617883682250977, vmax: 19.651851654052734
topk samples: torch.return_types.topk(
values=tensor([[17.2658, 14.5350, 14.3986, 14.1965, 13.9337],
        [14.4167, 14.0934, 13.9208, 13.8708, 13.7491],
        [19.6519, 14.8886, 14.6393, 14.6068, 14.3785],
        [16.0027, 15.7565, 15.5359, 15.3453, 15.3320],
        [19.6209, 14.4756, 14.4069, 14.2809, 14.1652]], device='cuda:0'),
indices=tensor([[62665, 61931, 63408, 62407, 61691],
        [60259, 60500, 60736, 45020, 60081],
        [21263, 61041, 60565, 61032, 60803],
        [62940, 60796, 62462, 63176, 61513],
        [  474, 61993, 61752, 61755, 56253]], device='cuda:0'))
target.shape: torch.Size([63784])
topk target: torch.return_types.topk(
values=tensor([10.9778, 10.9046, 10.7708, 10.7141, 10.7005], device='cuda:0'),
indices=tensor([59795, 59316, 60034, 59556, 59318], device='cuda:0'))
titles: v_850 (m/s), t=3 (9 h)
vmin: -25.924577713012695, vmax: 18.17717170715332
topk samples: torch.return_types.topk(
values=tensor([[17.3222, 16.2206, 15.8013, 15.7789, 15.7508],
        [16.3151, 15.1680, 15.0028, 14.9115, 14.8368],
        [17.0991, 15.4016, 15.1393, 14.9458, 14.6431],
        [18.1772, 17.3728, 16.4932, 15.9805, 15.6739],
        [14.9205, 14.6558, 14.5960, 14.4236, 14.3874]], device='cuda:0'),
indices=tensor([[62665,  4145, 33652, 63367, 63163],
        [28652, 31505, 18225, 35320, 30320],
        [ 7534, 62936, 61924, 60291, 30088],
        [63655, 63610, 62468, 63419, 63181],
        [53134, 63645, 63170, 62933, 63409]], device='cuda:0'))
target.shape: torch.Size([63784])
topk target: torch.return_types.topk(
values=tensor([14.5159, 14.4867, 14.3324, 14.2708, 14.2406], device='cuda:0'),
indices=tensor([56722, 57441, 57680, 57202, 56961], device='cuda:0'))
titles: wvint_0 (kg/m²), t=3 (9 h)
vmin: 4.7988362312316895, vmax: 44.27081298828125
topk samples: torch.return_types.topk(
values=tensor([[44.2708, 36.5187, 36.4586, 36.4248, 36.3109],
        [41.7163, 37.9527, 37.8781, 37.3892, 37.3859],
        [39.7133, 38.3637, 37.9991, 37.9835, 37.7398],
        [39.1361, 37.3223, 37.1066, 37.0834, 36.6692],
        [39.5276, 39.4792, 38.8630, 38.6553, 38.5546]], device='cuda:0'),
indices=tensor([[ 4145, 19372, 18709, 19610, 18234],
        [27015, 11279, 11756, 18232,  2262],
        [14891,  5342, 10597, 10359, 10596],
        [ 9593, 15614, 14837, 15615, 16557],
        [13464, 12512, 12751, 12514, 12990]], device='cuda:0'))
target.shape: torch.Size([63784])
topk target: torch.return_types.topk(
values=tensor([39.9268, 39.1670, 38.8975, 38.8721, 38.7090], device='cuda:0'),
indices=tensor([7269, 7749, 7033, 6556, 6317], device='cuda:0'))
titles: z_1000 (m²/s²), t=3 (9 h)
vmin: -1668.736083984375, vmax: 2463.772705078125
topk samples: torch.return_types.topk(
values=tensor([[1550.8179, 1530.9028, 1527.9448, 1527.0376, 1526.6711],
        [1718.6062, 1636.2332, 1583.5415, 1574.3381, 1566.5410],
        [1773.4053, 1572.5372, 1536.5542, 1513.6752, 1507.0413],
        [2463.7727, 1723.4597, 1645.4883, 1629.6884, 1628.9961],
        [1682.9189, 1657.5969, 1656.3146, 1652.8595, 1632.5344]],
       device='cuda:0'),
indices=tensor([[ 6663,   200,  5710,  5473,  6900],
        [50263,  5855,   202,   199,   434],
        [41942, 30088,   206,   809,   202],
        [12148,  9593,  2855,  3093,  3092],
        [  232,   233,   472,   945,   471]], device='cuda:0'))
target.shape: torch.Size([63784])
topk target: torch.return_types.topk(
values=tensor([1557.1785, 1556.9285, 1556.3035, 1555.8660, 1554.2722],
       device='cuda:0'),
indices=tensor([240, 477, 478, 241, 715], device='cuda:0'))
titles: z_500 (m²/s²), t=3 (9 h)
vmin: 50666.140625, vmax: 58155.9375
topk samples: torch.return_types.topk(
values=tensor([[56676.0391, 56631.4297, 56621.6445, 56610.7891, 56610.2148],
        [57694.0078, 57679.0625, 57120.3242, 56613.3125, 56593.6289],
        [58155.9375, 56852.1875, 56760.6836, 56744.2500, 56640.7031],
        [57846.6211, 57229.3711, 56977.9727, 56592.7344, 56577.2891],
        [57681.5430, 56753.6016, 56667.0664, 56659.9922, 56653.3555]],
       device='cuda:0'),
indices=tensor([[ 6134,   248,   246,   247,   250],
        [ 3488,  5855, 50263,  4287,  5896],
        [30088,  1151,   809,  4836,  8294],
        [12148,  9593, 13942,  8202,   251],
        [  474,  2873,   733,  1856,   417]], device='cuda:0'))
target.shape: torch.Size([63784])
topk target: torch.return_types.topk(
values=tensor([56511.8516, 56511.6016, 56511.1016, 56510.9766, 56510.2266],
       device='cuda:0'),
indices=tensor([273, 274, 275, 276, 272], device='cuda:0'))
titles: pres_0g (Pa), t=4 (12 h)
vmin: 80056.515625, vmax: 117886.3203125
topk samples: torch.return_types.topk(
values=tensor([[106043.4531, 104704.5078, 104470.4375, 102360.3828, 101686.6016],
        [112928.7344, 107425.2812, 104308.3750, 103951.9766, 103170.9219],
        [108213.7812, 106208.2344, 104784.6953, 103982.4531, 101856.0938],
        [105770.9531, 103965.3516, 102927.6250, 102753.6953, 102575.6719],
        [117886.3203, 102679.7656, 101672.0078, 101643.9141, 101635.7109]],
       device='cuda:0'),
indices=tensor([[ 4145, 33308,  3457,  2109,  6192],
        [ 1847, 53048, 27004, 58257,  3488],
        [41942, 21263, 42839, 33142,  5187],
        [50296, 12148, 58242, 52226, 37661],
        [45804, 14437,     1, 29047,   238]], device='cuda:0'))
target.shape: torch.Size([63784])
topk target: torch.return_types.topk(
values=tensor([101871.4922, 101866.4922, 101864.4922, 101862.4922, 101861.9922],
       device='cuda:0'),
indices=tensor([ 477, 1190,  715,  478,  239], device='cuda:0'))
titles: pres_0s (Pa), t=4 (12 h)
vmin: 98295.8125, vmax: 103420.4453125
topk samples: torch.return_types.topk(
values=tensor([[103420.4453, 102568.8750, 102073.1641, 101786.3906, 101767.5156],
        [102400.1719, 101990.5703, 101974.1719, 101888.3984, 101797.9766],
        [102903.9375, 102488.6719, 101741.3047, 101740.6484, 101737.4141],
        [103377.8906, 101827.2656, 101817.0625, 101816.4062, 101813.2422],
        [102655.1172, 102546.5312, 101926.3750, 101919.2422, 101876.7578]],
       device='cuda:0'),
indices=tensor([[ 3457, 18856, 38260,  6663,  5473],
        [50263, 10412, 22624,  5855,   202],
        [42839, 41942,   213,   206,   208],
        [12148,  3806,  2855,  2378,  3093],
        [14608, 45804,   232,   233,   945]], device='cuda:0'))
target.shape: torch.Size([63784])
topk target: torch.return_types.topk(
values=tensor([101892.7734, 101892.4609, 101887.7734, 101885.3984, 101884.7109],
       device='cuda:0'),
indices=tensor([59, 58, 57, 54, 67], device='cuda:0'))
titles: nlwrs_0 (W/m²), t=4 (12 h)
vmin: -2864688.75, vmax: 426187.28125
topk samples: torch.return_types.topk(
values=tensor([[426187.2812, 412150.6562, 352795.1562, 317572.5938, 311115.8125],
        [416846.2812, 302340.8125, 292696.0312, 275311.7500, 262279.4688],
        [396917.9688, 292982.3125, 285303.6875, 260387.9375, 256470.7812],
        [288306.5938, 271146.9688, 264706.0312, 259631.3125, 241402.7812],
        [404386.5312, 246486.0000, 244315.0000, 213701.9375, 209068.0625]],
       device='cuda:0'),
indices=tensor([[27910, 27909, 27669, 28618, 26475],
        [24335, 27015, 25224, 27433, 30556],
        [27669, 27433, 27910, 26009, 28699],
        [27433, 23160, 37947, 27910, 29123],
        [27669, 27204, 23857, 27672, 25765]], device='cuda:0'))
target.shape: torch.Size([63784])
topk target: torch.return_types.topk(
values=tensor([228497., 196369., 195217., 181265., 170001.], device='cuda:0'),
indices=tensor([27433, 28151, 27672, 28388, 28149], device='cuda:0'))
titles: nswrs_0 (W/m²), t=4 (12 h)
vmin: -1363892.25, vmax: 1675324.25
topk samples: torch.return_types.topk(
values=tensor([[ 785708.5625,  704122.2500,  691645.2500,  682370.1250,  680686.0000],
        [1169629.1250,  814009.0625,  761998.6250,  736276.1250,  728046.2500],
        [ 771670.5625,  770277.1250,  758058.6250,  723588.5625,  716217.3750],
        [ 924574.7500,  757164.0625,  751961.0000,  742340.3750,  731350.1250],
        [1675324.2500,  897681.4375,  884739.8750,  839575.6250,  821241.8750]],
       device='cuda:0'),
indices=tensor([[63783, 39957, 46636, 46872,  2140],
        [16030, 53048, 10223, 41874, 47334],
        [53065, 49503, 40219, 44236,  9748],
        [39258, 50296, 27870, 42125, 53541],
        [  474, 27284,  3566, 47361, 56872]], device='cuda:0'))
target.shape: torch.Size([63784])
topk target: torch.return_types.topk(
values=tensor([624384.0625, 621312.0625, 602624.0625, 601344.0000, 595200.0625],
       device='cuda:0'),
indices=tensor([63067, 62829, 63305, 62592, 62591], device='cuda:0'))
titles: r_2 (-), t=4 (12 h)
vmin: 0.06761801242828369, vmax: 1.244845986366272
topk samples: torch.return_types.topk(
values=tensor([[1.1780, 1.1761, 1.1718, 1.1663, 1.1633],
        [1.1994, 1.1974, 1.1965, 1.1872, 1.1803],
        [1.1888, 1.1762, 1.1677, 1.1625, 1.1619],
        [1.2044, 1.1912, 1.1905, 1.1628, 1.1577],
        [1.2448, 1.2096, 1.1977, 1.1878, 1.1754]], device='cuda:0'),
indices=tensor([[26239, 28870, 28387, 29590, 26245],
        [28400,  3729, 29343, 28618, 24335],
        [21481, 19405, 29839, 24099,  9467],
        [28148,  2542, 27226, 30056, 30292],
        [23858, 24828, 31512, 31025, 27597]], device='cuda:0'))
target.shape: torch.Size([63784])
topk target: torch.return_types.topk(
values=tensor([1.0000, 1.0000, 1.0000, 1.0000, 1.0000], device='cuda:0'),
indices=tensor([610, 600, 613, 836, 809], device='cuda:0'))
titles: r_65 (-), t=4 (12 h)
vmin: 0.23165392875671387, vmax: 1.3597134351730347
topk samples: torch.return_types.topk(
values=tensor([[1.2679, 1.2148, 1.2042, 1.2035, 1.1981],
        [1.2520, 1.2358, 1.2298, 1.2185, 1.2091],
        [1.2468, 1.2300, 1.2107, 1.2056, 1.2019],
        [1.2401, 1.2283, 1.2212, 1.1771, 1.1769],
        [1.3597, 1.2502, 1.2281, 1.2230, 1.1992]], device='cuda:0'),
indices=tensor([[27669, 28637, 28870,  5540, 27117],
        [30791, 28400, 24335, 28875, 29106],
        [24337, 25810, 29839, 25766, 27909],
        [28148, 27669, 27226, 26496, 27431],
        [23858, 31512, 31025, 24828, 28152]], device='cuda:0'))
target.shape: torch.Size([63784])
topk target: torch.return_types.topk(
values=tensor([1.0000, 1.0000, 1.0000, 1.0000, 1.0000], device='cuda:0'),
indices=tensor([617, 601, 834, 836, 835], device='cuda:0'))
titles: t_2 (K), t=4 (12 h)
vmin: 258.24127197265625, vmax: 302.2607727050781
topk samples: torch.return_types.topk(
values=tensor([[292.0822, 291.6998, 291.5117, 291.4995, 291.4777],
        [301.2396, 293.6599, 292.4439, 292.1153, 291.8020],
        [295.2965, 292.6842, 292.4285, 292.3499, 292.2462],
        [298.3598, 292.2879, 291.5470, 291.5301, 291.5220],
        [302.2608, 293.1177, 292.6730, 292.6470, 292.3832]], device='cuda:0'),
indices=tensor([[ 8943,  9651, 11288,  6676,  9386],
        [50263, 11531, 14873, 15111, 12002],
        [21263,  9175, 10140,  8939,  9863],
        [ 9593,  8202,  7511, 12967,  8461],
        [  474,  5838,  7509,  5836,  5835]], device='cuda:0'))
target.shape: torch.Size([63784])
topk target: torch.return_types.topk(
values=tensor([291.8759, 291.7646, 291.7514, 291.7377, 291.6928], device='cuda:0'),
indices=tensor([12716, 12714, 12477, 21599, 12715], device='cuda:0'))
titles: t_65 (K), t=4 (12 h)
vmin: 262.475830078125, vmax: 294.07171630859375
topk samples: torch.return_types.topk(
values=tensor([[292.3094, 292.0390, 291.9669, 291.9589, 291.8745],
        [294.0717, 293.4150, 293.1784, 292.9312, 292.3334],
        [294.0235, 293.0054, 292.9656, 292.8848, 292.8018],
        [292.5556, 292.3685, 292.2288, 292.1969, 292.0881],
        [293.6650, 293.5711, 293.2937, 293.2553, 293.1897]], device='cuda:0'),
indices=tensor([[ 8943,  2267,  9651,  6798,  3223],
        [11531,  1847, 15111, 14873, 13202],
        [ 5187,  9175,  9170,  9411, 10140],
        [ 7511,  5135, 13616, 12967,  5978],
        [  474,  5838,  7032,  5835,  5836]], device='cuda:0'))
target.shape: torch.Size([63784])
topk target: torch.return_types.topk(
values=tensor([291.7896, 291.7402, 291.6836, 291.6582, 291.6562], device='cuda:0'),
indices=tensor([12716, 12477, 12714,   797, 12956], device='cuda:0'))
titles: t_500 (K), t=4 (12 h)
vmin: 236.27749633789062, vmax: 273.3992004394531
topk samples: torch.return_types.topk(
values=tensor([[264.2192, 264.1584, 264.1451, 264.1369, 263.9283],
        [273.3992, 266.5228, 265.3782, 263.5197, 262.8718],
        [267.2408, 265.2410, 264.1878, 264.1063, 264.0967],
        [265.0886, 264.5359, 264.5349, 263.0972, 263.0880],
        [272.6765, 270.9343, 264.6382, 264.1544, 263.9398]], device='cuda:0'),
indices=tensor([[33308,    11,   486,   248,   247],
        [27015,  1847,  3488, 31210, 13552],
        [30088,  8297,  8057,  8293,  8533],
        [12148, 13942,  9593,  7314,  7315],
        [  474, 45804, 13996, 12845, 14437]], device='cuda:0'))
target.shape: torch.Size([63784])
topk target: torch.return_types.topk(
values=tensor([261.3976, 261.3722, 261.3507, 261.3439, 261.3371], device='cuda:0'),
indices=tensor([296, 293, 281, 280, 286], device='cuda:0'))
titles: t_850 (K), t=4 (12 h)
vmin: 256.6030578613281, vmax: 293.2774963378906
topk samples: torch.return_types.topk(
values=tensor([[285.0087, 284.8729, 284.8586, 284.8148, 284.7368],
        [288.3345, 287.4882, 286.0544, 285.5921, 285.4677],
        [288.7776, 287.0247, 286.1650, 285.7947, 285.6877],
        [286.2156, 285.9030, 285.8832, 285.7735, 285.7326],
        [293.2775, 286.2589, 285.5618, 285.5130, 285.4158]], device='cuda:0'),
indices=tensor([[   93,  8470,  6566, 14946, 13943],
        [27015,  5855,  3488,  3457,  3700],
        [30088,  5187,   104,   340,    91],
        [ 9593, 13942,   597,  2025,  4650],
        [  474, 13996,  2496,  2973,  4641]], device='cuda:0'))
target.shape: torch.Size([63784])
topk target: torch.return_types.topk(
values=tensor([286.6479, 286.6303, 286.6284, 286.6030, 286.5761], device='cuda:0'),
indices=tensor([8734, 8496, 8972, 8973, 8974], device='cuda:0'))
titles: u_65 (m/s), t=4 (12 h)
vmin: -15.970918655395508, vmax: 16.821321487426758
topk samples: torch.return_types.topk(
values=tensor([[14.0614, 13.9415, 13.8136, 13.8018, 13.7762],
        [16.8213, 14.7757, 14.5384, 14.4490, 13.9419],
        [15.1110, 13.6659, 13.6005, 13.3908, 13.3545],
        [14.5656, 14.4646, 14.4210, 14.2117, 14.1439],
        [15.3081, 15.1643, 14.8336, 14.1898, 14.1557]], device='cuda:0'),
indices=tensor([[50900, 50660, 42635, 41204, 42157],
        [59470, 60185, 59947, 59471, 58995],
        [58516, 59470, 58277, 58995, 58514],
        [58032, 58520, 58270, 58985, 60183],
        [  474, 56135, 57574, 56151, 57573]], device='cuda:0'))
target.shape: torch.Size([63784])
topk target: torch.return_types.topk(
values=tensor([14.2035, 14.1635, 14.1464, 14.1371, 14.1264], device='cuda:0'),
indices=tensor([55899, 55900, 50017, 51452, 49778], device='cuda:0'))
titles: u_850 (m/s), t=4 (12 h)
vmin: -38.2984504699707, vmax: 19.427906036376953
topk samples: torch.return_types.topk(
values=tensor([[17.0250, 15.6285, 14.8886, 14.6568, 14.6231],
        [12.9362, 12.7309, 12.7277, 12.7197, 12.7136],
        [13.5726, 13.1194, 12.7348, 12.2391, 12.0665],
        [14.3166, 14.2409, 14.1466, 14.0195, 13.8692],
        [13.0683, 12.5089, 12.3258, 12.1008, 12.0129]], device='cuda:0'),
indices=tensor([[49949, 52097, 52095, 54951, 55189],
        [56862, 57333, 54719, 56387, 56391],
        [59943, 49950, 50447, 59242, 50189],
        [57815, 58288, 58292, 59479, 58526],
        [49051, 57816, 58047, 49048, 52632]], device='cuda:0'))
target.shape: torch.Size([63784])
topk target: torch.return_types.topk(
values=tensor([19.4279, 18.8512, 18.7414, 18.6525, 18.5842], device='cuda:0'),
indices=tensor([51874, 51873, 50672, 52353, 50673], device='cuda:0'))
titles: v_65 (m/s), t=4 (12 h)
vmin: -23.514842987060547, vmax: 25.27410316467285
topk samples: torch.return_types.topk(
values=tensor([[16.3445, 15.9032, 15.8649, 15.3581, 15.1603],
        [17.7419, 15.6493, 15.6115, 15.5686, 15.4531],
        [16.8221, 16.6266, 16.2354, 15.9362, 15.8070],
        [17.2964, 17.0218, 17.0036, 16.9068, 16.7017],
        [25.2741, 15.4821, 15.0294, 14.6868, 14.6735]], device='cuda:0'),
indices=tensor([[62932, 62665, 63408, 62458, 62933],
        [ 1847, 60084, 60081, 60085, 60319],
        [59614, 19405, 61754, 60086, 60565],
        [61514, 61512, 62700, 63652, 61513],
        [  474, 61985, 56253, 56014, 61273]], device='cuda:0'))
target.shape: torch.Size([63784])
topk target: torch.return_types.topk(
values=tensor([11.1440, 11.0708, 11.0151, 10.9712, 10.9682], device='cuda:0'),
indices=tensor([60273, 55773, 53397, 62938, 59797], device='cuda:0'))
titles: v_850 (m/s), t=4 (12 h)
vmin: -28.913110733032227, vmax: 23.521114349365234
topk samples: torch.return_types.topk(
values=tensor([[16.3840, 16.1592, 15.7124, 15.6524, 15.5331],
        [23.5211, 16.9086, 16.8652, 16.6571, 16.6492],
        [20.8033, 16.7748, 16.7051, 16.2771, 16.2741],
        [17.5874, 17.2178, 16.7171, 16.6656, 16.5970],
        [18.0692, 17.8888, 17.7551, 17.2199, 17.1709]], device='cuda:0'),
indices=tensor([[34842, 61269, 58878, 61508, 63662],
        [ 1847, 61992, 31505, 62463, 63181],
        [14261, 22276, 30088, 63189, 63184],
        [61994, 55784, 55308, 63423, 55070],
        [63170, 62933, 63648, 62936, 62927]], device='cuda:0'))
target.shape: torch.Size([63784])
topk target: torch.return_types.topk(
values=tensor([17.0621, 16.7046, 16.6050, 16.5904, 16.5836], device='cuda:0'),
indices=tensor([60299, 60061, 60060, 59822, 59584], device='cuda:0'))
titles: wvint_0 (kg/m²), t=4 (12 h)
vmin: 4.938366889953613, vmax: 41.184173583984375
topk samples: torch.return_types.topk(
values=tensor([[37.4434, 36.5032, 36.3581, 36.0432, 35.9027],
        [41.1842, 38.0262, 37.3549, 37.2817, 37.1854],
        [38.3009, 38.2239, 37.8918, 37.8607, 37.7227],
        [38.9898, 36.6859, 36.6392, 36.6303, 36.5144],
        [39.0264, 37.6282, 37.5794, 37.5591, 37.5276]], device='cuda:0'),
indices=tensor([[26774,  4145,  9880, 24420,  9173],
        [27015, 11503,  3211,  2737,  2498],
        [10596, 10085,  9608, 13704, 17931],
        [ 9593, 20126, 17271, 16557, 14408],
        [15612,  8677,  8203, 15851,  8444]], device='cuda:0'))
target.shape: torch.Size([63784])
topk target: torch.return_types.topk(
values=tensor([38.2763, 38.2401, 38.1171, 37.8739, 37.7499], device='cuda:0'),
indices=tensor([ 8230,  8467,  7991,  8229, 15627], device='cuda:0'))
titles: z_1000 (m²/s²), t=4 (12 h)
vmin: -1997.632080078125, vmax: 2529.51953125
topk samples: torch.return_types.topk(
values=tensor([[1515.0056, 1499.1544, 1472.2068, 1471.6897, 1467.8704],
        [2003.5623, 1504.4536, 1492.6042, 1487.7349, 1484.7874],
        [1582.4572, 1557.2345, 1514.6903, 1466.8984, 1466.7180],
        [2529.5195, 1563.1890, 1545.2190, 1544.5520, 1542.2810],
        [1604.4431, 1587.5255, 1585.6295, 1577.4839, 1572.4387]],
       device='cuda:0'),
indices=tensor([[ 6663,  5473,  5710,  5949,   200],
        [50263,  5855,   202,   434,   205],
        [41942,  5187, 30088,   206,   213],
        [12148,  3806,  3569,  3330,  4045],
        [  232,   472,   233,   945,   471]], device='cuda:0'))
target.shape: torch.Size([63784])
topk target: torch.return_types.topk(
values=tensor([1541.6455, 1539.8018, 1539.4580, 1539.2705, 1537.3330],
       device='cuda:0'),
indices=tensor([240, 239, 241, 477, 478], device='cuda:0'))
titles: z_500 (m²/s²), t=4 (12 h)
vmin: 49622.0234375, vmax: 58413.36328125
topk samples: torch.return_types.topk(
values=tensor([[56567.9180, 56551.5312, 56542.0898, 56539.1172, 56538.5156],
        [58199.7930, 57596.5625, 57594.2539, 56606.8555, 56586.6211],
        [58413.3633, 56692.3320, 56691.9375, 56669.6016, 56566.2578],
        [58064.6797, 57325.9570, 57032.5312, 56497.8438, 56485.9414],
        [57718.7148, 56729.8359, 56523.3359, 56499.5391, 56494.3516]],
       device='cuda:0'),
indices=tensor([[  248,  6134,   246,   249,   247],
        [50263,  3488,  5855,  4287,    71],
        [30088,  1151,   809,  4836,  8294],
        [12148,  9593, 13942,  6900,  4045],
        [  474,  2873,   733, 14608,   734]], device='cuda:0'))
target.shape: torch.Size([63784])
topk target: torch.return_types.topk(
values=tensor([56429.3242, 56428.9492, 56428.6992, 56428.4492, 56428.4492],
       device='cuda:0'),
indices=tensor([282, 285, 281, 284, 283], device='cuda:0'))
titles: pres_0g (Pa), t=5 (15 h)
vmin: 79905.0625, vmax: 117507.3984375
topk samples: torch.return_types.topk(
values=tensor([[107883.0938, 105990.9375, 104409.0938, 104329.5000, 102257.0156],
        [112920.4219, 107355.5000, 104367.1328, 104134.6016, 103875.9219],
        [107937.0078, 105971.5703, 104718.3359, 103866.4062, 102262.2656],
        [108184.0156, 105580.1250, 103934.9531, 102938.8125, 102627.6641],
        [117507.3984, 107257.0000, 105784.6719, 102642.5000, 101636.7031]],
       device='cuda:0'),
indices=tensor([[ 8615,  4145, 33308,  3457,  2109],
        [ 1847, 53048, 21360, 27004, 58257],
        [41942, 21263, 42839, 33142, 27511],
        [44685, 50296, 12148, 58242, 52226],
        [45804, 17905, 45668, 14437, 29047]], device='cuda:0'))
target.shape: torch.Size([63784])
topk target: torch.return_types.topk(
values=tensor([101928.8906, 101928.3906, 101926.3906, 101926.3906, 101925.3906],
       device='cuda:0'),
indices=tensor([25704, 24514, 25466, 23087, 25942], device='cuda:0'))
titles: pres_0s (Pa), t=5 (15 h)
vmin: 98034.8671875, vmax: 103297.046875
topk samples: torch.return_types.topk(
values=tensor([[103128.5703, 102692.9922, 101999.2344, 101812.5625, 101797.0781],
        [102458.1797, 102044.7031, 101751.3828, 101745.2578, 101738.6094],
        [102668.9922, 102200.5156, 101740.5078, 101709.9375, 101694.6328],
        [103297.0469, 102438.7969, 101748.1719, 101718.0391, 101717.9219],
        [102453.9922, 102182.3438, 101843.6484, 101829.9609, 101827.3828]],
       device='cuda:0'),
indices=tensor([[ 3457,  8615, 18856,  6663, 38260],
        [50263, 22624, 10412, 20230,   205],
        [42839, 41942, 22611, 22848, 22849],
        [12148, 44685,  3806,  4044,  4045],
        [14608, 45804,   216,   232,   458]], device='cuda:0'))
target.shape: torch.Size([63784])
topk target: torch.return_types.topk(
values=tensor([101926.4688, 101924.3438, 101922.3438, 101922.0938, 101921.1562],
       device='cuda:0'),
indices=tensor([   50,    52,    54,    53, 24990], device='cuda:0'))
titles: nlwrs_0 (W/m²), t=5 (15 h)
vmin: -3512763.25, vmax: 505726.46875
topk samples: torch.return_types.topk(
values=tensor([[505726.4688, 320382.4062, 250572.3750, 236996.7188, 236264.4375],
        [422745.2812, 340240.6875, 277251.3125, 272133.1562, 262150.0312],
        [310740.7500, 285945.3125, 282134.2188, 241395.0625, 237119.8125],
        [355385.6562, 351807.9688, 305881.4375, 295989.2188, 280637.8750],
        [300399.7500, 265571.4688, 265363.1562, 263062.4688, 260884.3438]],
       device='cuda:0'),
indices=tensor([[27669, 26021, 35567, 27117, 24581],
        [27015, 27669, 28875, 42481, 21971],
        [ 2452, 27681,  2214, 28388, 27443],
        [28618, 27909, 27431, 28149, 32961],
        [30802, 14608, 23858, 21960, 29106]], device='cuda:0'))
target.shape: torch.Size([63784])
topk target: torch.return_types.topk(
values=tensor([151462., 131494., 123302., 115110., 106662.], device='cuda:0'),
indices=tensor([24335, 23858, 28151, 28388, 25055], device='cuda:0'))
titles: nswrs_0 (W/m²), t=5 (15 h)
vmin: -1811837.5, vmax: 5332003.5
topk samples: torch.return_types.topk(
values=tensor([[3256082.5000, 3235381.2500, 3167455.5000, 3138251.5000, 3129782.5000],
        [3283688.7500, 3098359.7500, 3085288.0000, 3056032.0000, 3027192.0000],
        [3382248.5000, 3108614.2500, 3064382.0000, 3007725.5000, 2993649.5000],
        [3257011.0000, 3217412.5000, 3182230.2500, 3156798.2500, 3134143.5000],
        [5332003.5000, 3236970.2500, 3193529.5000, 3077871.2500, 3037848.0000]],
       device='cuda:0'),
indices=tensor([[ 7357,  2612,  1423,   705,   226],
        [ 3569, 35680,   475,  7851, 53311],
        [42839, 39742,   227,  4520, 40459],
        [  951, 43551,  1896,   713,  8329],
        [  474,  1665,   475,  2379,  1188]], device='cuda:0'))
target.shape: torch.Size([63784])
topk target: torch.return_types.topk(
values=tensor([2890641.5000, 2851729.5000, 2846609.7500, 2828433.5000, 2806929.7500],
       device='cuda:0'),
indices=tensor([39982, 40220, 30461, 39744, 30935], device='cuda:0'))
titles: r_2 (-), t=5 (15 h)
vmin: -0.5205722451210022, vmax: 1.397780418395996
topk samples: torch.return_types.topk(
values=tensor([[1.2521, 1.2411, 1.1886, 1.1754, 1.1716],
        [1.2197, 1.1936, 1.1845, 1.1829, 1.1788],
        [1.2869, 1.2112, 1.1864, 1.1863, 1.1841],
        [1.2290, 1.2221, 1.1920, 1.1876, 1.1846],
        [1.3978, 1.2217, 1.1865, 1.1825, 1.1751]], device='cuda:0'),
indices=tensor([[27204, 31035, 29105, 21003, 26723],
        [28875, 27680, 28401, 28618, 27202],
        [29337, 20053, 29825, 28148, 29599],
        [28618, 27910, 23619, 27681, 27431],
        [17905, 30299, 21480, 28148, 23858]], device='cuda:0'))
target.shape: torch.Size([63784])
topk target: torch.return_types.topk(
values=tensor([1.0000, 1.0000, 1.0000, 1.0000, 1.0000], device='cuda:0'),
indices=tensor([ 9527,  2503,  9765, 15325, 13002], device='cuda:0'))
titles: r_65 (-), t=5 (15 h)
vmin: 0.2195878028869629, vmax: 1.416107416152954
topk samples: torch.return_types.topk(
values=tensor([[1.3197, 1.2875, 1.2739, 1.1990, 1.1978],
        [1.3050, 1.2630, 1.2202, 1.2201, 1.2172],
        [1.3099, 1.2637, 1.2488, 1.2394, 1.2230],
        [1.2726, 1.2392, 1.2076, 1.2046, 1.1993],
        [1.4161, 1.3078, 1.2524, 1.2496, 1.2166]], device='cuda:0'),
indices=tensor([[27204, 31035, 27669, 27909, 27680],
        [27015, 28875, 29343, 29586, 27680],
        [29337, 27909, 28627, 20053, 29825],
        [28618, 27431, 22436, 26236, 28148],
        [17905, 23858, 27669, 30299, 21480]], device='cuda:0'))
target.shape: torch.Size([63784])
topk target: torch.return_types.topk(
values=tensor([1.0000, 1.0000, 1.0000, 1.0000, 1.0000], device='cuda:0'),
indices=tensor([8097, 8096, 8334, 9286, 8810], device='cuda:0'))
titles: t_2 (K), t=5 (15 h)
vmin: 262.82147216796875, vmax: 309.45330810546875
topk samples: torch.return_types.topk(
values=tensor([[297.0367, 294.0988, 294.0886, 293.9469, 293.9246],
        [299.9502, 294.6444, 294.5085, 294.4688, 294.2552],
        [294.9823, 293.8073, 293.7978, 293.7920, 293.7564],
        [298.7903, 294.4543, 294.1663, 294.1051, 294.0383],
        [309.4533, 295.7933, 294.9024, 294.8077, 294.7097]], device='cuda:0'),
indices=tensor([[ 8615,  7984,  5126,  3704,  7985],
        [50263,  8468,   385,  8223,  9182],
        [21263,  2331,  9665,  2367,  1892],
        [ 9593,  7750,  7034,  6081,  7511],
        [  474,   237,   713,   473, 15389]], device='cuda:0'))
target.shape: torch.Size([63784])
topk target: torch.return_types.topk(
values=tensor([295.0205, 294.9932, 294.9932, 294.9844, 294.8945], device='cuda:0'),
indices=tensor([1187,  948,  710,  711,  949], device='cuda:0'))
titles: t_65 (K), t=5 (15 h)
vmin: 265.07257080078125, vmax: 302.30255126953125
topk samples: torch.return_types.topk(
values=tensor([[294.8176, 294.5147, 294.4213, 294.4119, 294.3392],
        [297.6232, 294.8423, 294.8261, 294.7108, 294.5276],
        [294.7743, 294.5101, 294.3387, 294.3049, 294.1624],
        [294.7366, 294.5647, 294.5436, 294.3961, 294.2742],
        [302.3026, 295.9607, 295.0738, 295.0491, 294.7923]], device='cuda:0'),
indices=tensor([[ 5126,  5364,  5367,  7984,  4652],
        [ 1847,  8223,   385,  8468,   387],
        [ 5187,   665,  9188,  9665,  9661],
        [ 3702,  7034,  7750,  6081,  1077],
        [  474,   841, 15389, 15627, 15151]], device='cuda:0'))
target.shape: torch.Size([63784])
topk target: torch.return_types.topk(
values=tensor([294.1616, 294.1411, 293.9721, 293.9692, 293.9297], device='cuda:0'),
indices=tensor([ 948, 1187, 1425,  710,  931], device='cuda:0'))
titles: t_500 (K), t=5 (15 h)
vmin: 236.28213500976562, vmax: 273.95159912109375
topk samples: torch.return_types.topk(
values=tensor([[271.0358, 264.4028, 264.3918, 264.3217, 264.2689],
        [273.7721, 266.5729, 265.4157, 263.4691, 263.3571],
        [269.5395, 264.4459, 264.0111, 263.7452, 263.7133],
        [266.3872, 265.2428, 265.0835, 262.5367, 262.4969],
        [273.9516, 270.7151, 263.8323, 263.5774, 263.4207]], device='cuda:0'),
indices=tensor([[ 8615, 33308,   248,   486,   485],
        [27015,  3488, 21360, 31210,  1292],
        [30088,  8297,  8291,  9008,  8769],
        [12148,  9593, 13942,  7554,  7792],
        [  474, 45804, 14608, 13996, 12845]], device='cuda:0'))
target.shape: torch.Size([63784])
topk target: torch.return_types.topk(
values=tensor([260.9848, 260.9740, 260.9687, 260.9525, 260.9506], device='cuda:0'),
indices=tensor([296, 293, 301, 287, 288], device='cuda:0'))
titles: t_850 (K), t=5 (15 h)
vmin: 254.23187255859375, vmax: 294.9243469238281
topk samples: torch.return_types.topk(
values=tensor([[286.5005, 286.1739, 285.4659, 285.3955, 285.2875],
        [289.2015, 286.9492, 285.7818, 285.5724, 285.5304],
        [290.8185, 285.6807, 285.6310, 285.6253, 285.6001],
        [287.4003, 287.1945, 285.6127, 285.5542, 285.5305],
        [294.9243, 286.3737, 286.3045, 286.1974, 286.0994]], device='cuda:0'),
indices=tensor([[  330,  4145,   588, 17302,   590],
        [27015,  5855,  3488,  2507,  2982],
        [30088,   347,  3923,  4400,   823],
        [13942,  9593,  3930,  3934, 19897],
        [  474,   337,   335,   338,   100]], device='cuda:0'))
target.shape: torch.Size([63784])
topk target: torch.return_types.topk(
values=tensor([286.3230, 286.3098, 286.2932, 286.2918, 286.2679], device='cuda:0'),
indices=tensor([10882, 11120, 10644, 11358, 11596], device='cuda:0'))
titles: u_65 (m/s), t=5 (15 h)
vmin: -31.788118362426758, vmax: 15.88626766204834
topk samples: torch.return_types.topk(
values=tensor([[15.3757, 14.8875, 14.5883, 14.5811, 14.4405],
        [14.2511, 13.9360, 13.4422, 13.0854, 13.0820],
        [14.5032, 14.0194, 14.0046, 13.9669, 13.8989],
        [15.8863, 15.4792, 15.2331, 15.1791, 15.1584],
        [15.2636, 15.0860, 14.3057, 14.1301, 14.1245]], device='cuda:0'),
indices=tensor([[59697, 58042, 57807, 56138, 58512],
        [59470, 59474, 51372, 55431, 58995],
        [58516, 58284, 58518, 58280, 58046],
        [59001, 58520, 58524, 58285, 58523],
        [56627,   474, 54724, 55668, 40014]], device='cuda:0'))
target.shape: torch.Size([63784])
topk target: torch.return_types.topk(
values=tensor([15.4239, 15.2945, 14.8409, 14.6182, 14.6011], device='cuda:0'),
indices=tensor([55241, 55478, 55004, 52635, 52157], device='cuda:0'))
titles: u_850 (m/s), t=5 (15 h)
vmin: -31.988162994384766, vmax: 17.892841339111328
topk samples: torch.return_types.topk(
values=tensor([[15.1508, 13.6689, 13.0645, 12.5644, 12.4803],
        [15.0068, 14.2765, 13.9056, 13.6565, 13.5731],
        [12.9452, 12.7390, 12.5210, 12.2084, 12.0097],
        [16.9843, 15.5771, 15.4118, 14.9857, 14.5909],
        [14.8164, 13.6412, 13.4063, 13.2923, 13.0602]], device='cuda:0'),
indices=tensor([[49949, 53761, 51627, 52095, 49938],
        [56383, 56149, 56388, 55193, 56625],
        [56857, 58284, 57097, 56621, 52338],
        [57577, 57815, 57338, 55671, 57342],
        [54478, 55429, 55907, 56860, 55193]], device='cuda:0'))
target.shape: torch.Size([63784])
topk target: torch.return_types.topk(
values=tensor([17.8928, 17.8899, 17.8406, 17.7766, 17.7503], device='cuda:0'),
indices=tensor([11257, 11259, 11258, 11256, 11260], device='cuda:0'))
titles: v_65 (m/s), t=5 (15 h)
vmin: -25.231630325317383, vmax: 27.36444664001465
topk samples: torch.return_types.topk(
values=tensor([[17.4856, 17.2223, 17.2152, 17.0148, 16.9003],
        [16.7759, 16.4239, 16.2693, 16.0292, 16.0044],
        [18.5710, 18.5679, 18.2773, 18.1715, 17.7046],
        [18.4791, 18.2194, 17.9692, 17.9381, 17.7490],
        [27.3644, 19.6530, 16.9563, 16.8070, 16.7200]], device='cuda:0'),
indices=tensor([[63410, 62932, 63172, 63413, 62694],
        [63172, 63176, 60084, 63412, 60081],
        [61754, 61041, 61515, 61753, 61040],
        [63177, 62941, 62940, 63184, 61272],
        [  474, 17905, 55775, 61985, 44074]], device='cuda:0'))
target.shape: torch.Size([63784])
topk target: torch.return_types.topk(
values=tensor([13.1855, 13.0732, 12.9853, 12.8505, 12.8339], device='cuda:0'),
indices=tensor([56254, 54821, 54827, 55057, 54820], device='cuda:0'))
titles: v_850 (m/s), t=5 (15 h)
vmin: -28.67392921447754, vmax: 21.79093360900879
topk samples: torch.return_types.topk(
values=tensor([[17.8474, 17.2808, 17.2031, 17.1076, 17.1017],
        [19.0357, 17.0601, 16.9743, 16.9288, 16.8696],
        [20.2071, 18.6310, 18.5431, 18.3021, 18.2912],
        [21.7909, 20.3575, 19.8148, 19.2199, 18.9485],
        [21.7655, 21.0574, 21.0197, 20.3520, 20.1664]], device='cuda:0'),
indices=tensor([[63645, 63183, 63171, 61269, 24184],
        [18686, 62701, 63414, 62932, 58416],
        [57171, 62952, 63416, 63178, 63419],
        [63661, 63423, 63184, 62946, 63419],
        [43594, 63409, 62936, 63649, 63171]], device='cuda:0'))
target.shape: torch.Size([63784])
topk target: torch.return_types.topk(
values=tensor([18.1054, 18.0107, 17.7519, 17.3310, 17.2988], device='cuda:0'),
indices=tensor([62675, 62437, 62913, 61725, 62200], device='cuda:0'))
titles: wvint_0 (kg/m²), t=5 (15 h)
vmin: 4.489901542663574, vmax: 47.341487884521484
topk samples: torch.return_types.topk(
values=tensor([[47.3415, 37.5264, 36.9592, 36.5285, 36.4908],
        [43.0618, 42.1190, 37.4671, 37.4164, 37.2971],
        [37.0861, 36.7777, 36.7133, 36.6931, 36.5849],
        [37.6941, 37.5787, 37.5495, 37.4137, 37.2757],
        [37.5114, 37.3525, 36.9847, 36.7654, 36.6712]], device='cuda:0'),
indices=tensor([[ 8615, 13927, 21276, 14163, 13181],
        [27015, 18686,  8685,  1666, 10306],
        [12925, 12261, 16550, 16789, 17025],
        [16033, 16508, 15794, 16747, 17020],
        [18938, 11280, 12957, 19116, 19889]], device='cuda:0'))
target.shape: torch.Size([63784])
topk target: torch.return_types.topk(
values=tensor([38.7354, 38.3702, 37.9298, 37.8097, 37.6495], device='cuda:0'),
indices=tensor([21108,  9190, 20870, 19683,  9427], device='cuda:0'))
titles: z_1000 (m²/s²), t=5 (15 h)
vmin: -2111.49609375, vmax: 2487.799072265625
topk samples: torch.return_types.topk(
values=tensor([[1541.8081, 1502.3062, 1499.3176, 1493.7965, 1492.7546],
        [2058.6218, 1463.4642, 1455.3774, 1449.3427, 1444.9915],
        [1636.4668, 1452.6040, 1441.0940, 1436.6133, 1433.9133],
        [2487.7991, 1766.1969, 1502.1726, 1493.1716, 1479.4177],
        [1562.5342, 1560.7253, 1551.4233, 1549.4438, 1546.2344]],
       device='cuda:0'),
indices=tensor([[ 6663,  6187,  5949,  6186,  5710],
        [50263,   205,  5235,   206, 22624],
        [ 5187, 17850,   217,   213,   216],
        [12148, 44685,  3806,  4045,  4044],
        [  457,   232,   222,   458,   460]], device='cuda:0'))
target.shape: torch.Size([63784])
topk target: torch.return_types.topk(
values=tensor([1581.5576, 1573.0576, 1570.7764, 1570.7139, 1569.1826],
       device='cuda:0'),
indices=tensor([ 60,  54,  53,  55, 290], device='cuda:0'))
titles: z_500 (m²/s²), t=5 (15 h)
vmin: 48318.46484375, vmax: 58573.80859375
topk samples: torch.return_types.topk(
values=tensor([[56705.9453, 56584.8008, 56479.3945, 56441.7188, 56434.7070],
        [58573.8086, 57522.3711, 57511.2344, 56559.8047, 56551.3320],
        [58382.1445, 56660.4609, 56659.7227, 56657.6797, 56649.8008],
        [58546.9883, 58127.7188, 57195.0000, 56927.1797, 56481.7812],
        [57882.7578, 56648.8125, 56513.8711, 56504.4219, 56461.0938]],
       device='cuda:0'),
indices=tensor([[ 8615, 11369,   248,  6134, 11654],
        [50263,  5855,  3488,  4287,    71],
        [30088,  4836,   809,  1151,  5187],
        [44685, 12148,  9593, 13942,  6900],
        [  474,  2873, 14608,   935,  1655]], device='cuda:0'))
target.shape: torch.Size([63784])
topk target: torch.return_types.topk(
values=tensor([56416.1680, 56415.5430, 56415.4180, 56415.2930, 56414.9180],
       device='cuda:0'),
indices=tensor([288, 287, 286, 289, 285], device='cuda:0'))
titles: pres_0g (Pa), t=6 (18 h)
vmin: 79713.1328125, vmax: 117014.125
topk samples: torch.return_types.topk(
values=tensor([[108118.4297, 105894.9375, 105827.5469, 104187.5078, 104090.7031],
        [112544.0234, 107233.7266, 104031.8906, 103910.8828, 103712.6250],
        [107644.6094, 105839.9375, 104480.6250, 103627.5547, 102123.9844],
        [109297.6562, 105412.3281, 103837.1875, 102876.0156, 102499.3828],
        [117014.1250, 109037.8906, 107305.4219, 106143.8672, 104816.3125]],
       device='cuda:0'),
indices=tensor([[ 8615,  4145, 18794,  3457, 33308],
        [ 1847, 53048, 21360, 27004, 58257],
        [41942, 21263, 42839, 33142, 27511],
        [44685, 50296, 12148, 58242, 52226],
        [45804, 57710, 17905, 45668, 16403]], device='cuda:0'))
target.shape: torch.Size([63784])
topk target: torch.return_types.topk(
values=tensor([102063.3906, 102051.3906, 102050.8906, 102049.3906, 102048.8906],
       device='cuda:0'),
indices=tensor([23087, 24040, 24279, 18329, 23325], device='cuda:0'))
titles: pres_0s (Pa), t=6 (18 h)
vmin: 97826.046875, vmax: 103461.609375
topk samples: torch.return_types.topk(
values=tensor([[102898.3672, 102848.2109, 102776.9531, 101682.8828, 101658.2734],
        [102413.2969, 102027.2109, 101691.8906, 101682.4609, 101633.7344],
        [102289.6250, 101915.8516, 101687.8594, 101682.1250, 101662.5000],
        [103461.6094, 103165.5547, 101623.8516, 101578.9453, 101562.2969],
        [102202.1953, 102154.6484, 101867.0000, 101758.0234, 101728.9297]],
       device='cuda:0'),
indices=tensor([[18794,  3457,  8615,  6663,  6424],
        [50263, 22624, 20230, 19761, 20944],
        [42839, 41942, 17850, 22611, 16898],
        [44685, 12148, 20468,  2311, 22610],
        [14608, 57710,  7510,   216,   458]], device='cuda:0'))
target.shape: torch.Size([63784])
topk target: torch.return_types.topk(
values=tensor([102041.2109, 102038.8984, 102038.6484, 102038.6484, 102037.7734],
       device='cuda:0'),
indices=tensor([24040, 23564, 24278, 23324, 23802], device='cuda:0'))
titles: nlwrs_0 (W/m²), t=6 (18 h)
vmin: -4058219.75, vmax: 425656.21875
topk samples: torch.return_types.topk(
values=tensor([[410498.9688, 274198.6562, 257814.6250, 247223.5312, 245786.0000],
        [425656.2188, 388036.4688, 355752.8438, 349510.5312, 266805.5938],
        [298254.0938, 263416.4062, 242570.3438, 224105.5625, 223027.5938],
        [315435.8438, 296888.3125, 270907.9375, 270426.8125, 269735.5000],
        [292215.3438, 288890.8750, 252511.5938, 247379.5000, 243899.1875]],
       device='cuda:0'),
indices=tensor([[28149, 35567, 25060, 27117, 28148],
        [27015, 16030, 26009, 22668, 29101],
        [22682, 24335,  2456, 27681, 28420],
        [27909, 27910, 28868, 13616, 28149],
        [14608, 29603, 29586, 25294, 26245]], device='cuda:0'))
target.shape: torch.Size([63784])
topk target: torch.return_types.topk(
values=tensor([126708.5000, 117748.5000, 106484.5000,  77556.5156,  56052.5000],
       device='cuda:0'),
indices=tensor([25055, 24335, 23858, 38896, 20622], device='cuda:0'))
titles: nswrs_0 (W/m²), t=6 (18 h)
vmin: -1555975.0, vmax: 10055882.0
topk samples: torch.return_types.topk(
values=tensor([[ 6644725.0000,  6608962.0000,  6581975.5000,  6503665.0000,
          6492850.0000],
        [ 6859737.5000,  6690022.0000,  6524496.0000,  6393909.5000,
          6367774.0000],
        [ 6825920.5000,  6490793.5000,  6488743.5000,  6457631.5000,
          6320372.0000],
        [ 6535644.0000,  6424392.0000,  6415528.0000,  6414013.0000,
          6406813.0000],
        [10055882.0000,  6573586.0000,  6547055.0000,  6512334.5000,
          6477111.0000]], device='cuda:0'),
indices=tensor([[ 705,  223,  226, 4517, 1876],
        [5235,  237,  203, 3314, 4004],
        [ 236,  235,  227,  233, 5940],
        [ 448, 2811, 1615,  455, 2575],
        [ 474, 2617,  699,  461,  192]], device='cuda:0'))
target.shape: torch.Size([63784])
topk target: torch.return_types.topk(
values=tensor([5929928.0000, 5881544.5000, 5851592.0000, 5838536.0000, 5836744.0000],
       device='cuda:0'),
indices=tensor([ 220,  221, 1882, 1644, 2120], device='cuda:0'))
titles: r_2 (-), t=6 (18 h)
vmin: -0.8642198443412781, vmax: 1.6363630294799805
topk samples: torch.return_types.topk(
values=tensor([[1.6364, 1.2127, 1.2093, 1.1926, 1.1894],
        [1.2090, 1.2083, 1.1809, 1.1787, 1.1784],
        [1.2330, 1.2245, 1.2149, 1.2133, 1.2007],
        [1.4751, 1.2478, 1.2277, 1.2183, 1.2041],
        [1.2051, 1.2015, 1.1956, 1.1872, 1.1817]], device='cuda:0'),
indices=tensor([[18794, 27910, 20291, 30062, 29590],
        [31510, 28152, 23152, 29825, 28869],
        [26733, 29337, 26008, 25306, 27681],
        [34616, 29106, 28149,  9593, 22680],
        [21958, 23858, 27430, 27204, 24103]], device='cuda:0'))
target.shape: torch.Size([63784])
topk target: torch.return_types.topk(
values=tensor([1.0000, 1.0000, 1.0000, 1.0000, 1.0000], device='cuda:0'),
indices=tensor([16284, 16283, 16525, 20140, 20139], device='cuda:0'))
titles: r_65 (-), t=6 (18 h)
vmin: -0.29777562618255615, vmax: 1.310612440109253
topk samples: torch.return_types.topk(
values=tensor([[1.2445, 1.2258, 1.2245, 1.2230, 1.2203],
        [1.2498, 1.2356, 1.2351, 1.2122, 1.2095],
        [1.3031, 1.2614, 1.2329, 1.2285, 1.2159],
        [1.3106, 1.2964, 1.2789, 1.2620, 1.2503],
        [1.3027, 1.2114, 1.2059, 1.2045, 1.1973]], device='cuda:0'),
indices=tensor([[27910, 20291, 27680, 28148, 28149],
        [27015, 31510, 28152, 26251, 29825],
        [27909, 26733, 25306, 27681, 29882],
        [29106, 34616, 28151, 28149, 22680],
        [23858, 27681, 24103, 27430, 28401]], device='cuda:0'))
target.shape: torch.Size([63784])
topk target: torch.return_types.topk(
values=tensor([1.0000, 1.0000, 1.0000, 1.0000, 1.0000], device='cuda:0'),
indices=tensor([20524, 20287, 20617, 20762, 20761], device='cuda:0'))
titles: t_2 (K), t=6 (18 h)
vmin: 262.5074157714844, vmax: 315.1910400390625
topk samples: torch.return_types.topk(
values=tensor([[298.7328, 298.7003, 298.5694, 298.2384, 298.1793],
        [299.0132, 298.7926, 298.6423, 298.4944, 298.0707],
        [300.2453, 298.1576, 298.0569, 298.0115, 297.9632],
        [298.8482, 298.5594, 298.3955, 298.3358, 298.3147],
        [315.1910, 299.9839, 299.4850, 299.3579, 299.1155]], device='cuda:0'),
indices=tensor([[3704, 5126, 3936, 3465, 5367],
        [5855,  385, 6321, 5610,  144],
        [7511, 9188, 1799,   86, 8927],
        [9593, 7034, 7514, 7511, 5124],
        [ 474,  237,  471, 1305, 2134]], device='cuda:0'))
target.shape: torch.Size([63784])
topk target: torch.return_types.topk(
values=tensor([298.5075, 298.4938, 298.4850, 298.4616, 298.4294], device='cuda:0'),
indices=tensor([1881, 2831, 1879, 1878, 2117], device='cuda:0'))
titles: t_65 (K), t=6 (18 h)
vmin: 262.8818359375, vmax: 308.1070251464844
topk samples: torch.return_types.topk(
values=tensor([[298.5653, 298.0668, 297.9039, 297.8984, 297.8148],
        [299.0473, 298.2043, 297.9431, 297.8197, 297.8181],
        [297.9037, 297.6366, 297.4309, 297.2937, 297.2310],
        [298.2208, 298.0329, 297.9694, 297.8053, 297.7941],
        [308.1070, 300.1535, 298.7865, 298.3246, 298.3044]], device='cuda:0'),
indices=tensor([[ 5126,  5367,  3704,  4652,  3936],
        [ 1847,  5855,   385,  8467,  6560],
        [ 9188,   828,  8950,  8927,  5187],
        [ 7034,  6796,  6795,  6081,  7511],
        [  474, 45668,  1305,   829,  2246]], device='cuda:0'))
target.shape: torch.Size([63784])
topk target: torch.return_types.topk(
values=tensor([297.2061, 297.1729, 297.1505, 297.1192, 297.0967], device='cuda:0'),
indices=tensor([16385,  1881,  2119,  2592, 15189], device='cuda:0'))
titles: t_500 (K), t=6 (18 h)
vmin: 231.43417358398438, vmax: 276.3908996582031
topk samples: torch.return_types.topk(
values=tensor([[272.9015, 271.0016, 264.6554, 264.0365, 263.7599],
        [272.1715, 266.0702, 263.9810, 263.9692, 263.9162],
        [270.2353, 265.9891, 263.9819, 263.9653, 263.8160],
        [267.0785, 266.0027, 265.2280, 263.7538, 263.1581],
        [276.3909, 270.8094, 267.7536, 264.7452, 264.5160]], device='cuda:0'),
indices=tensor([[18794,  8615, 33308, 33307,   248],
        [27015,  3488,  5855,   810,  1292],
        [30088, 29882,  8297,  4836,  8291],
        [12148, 13942,  9593, 44685,  7547],
        [  474, 45804, 57710, 45668,  6608]], device='cuda:0'))
target.shape: torch.Size([63784])
topk target: torch.return_types.topk(
values=tensor([261.0201, 261.0084, 260.9801, 260.9708, 260.9454], device='cuda:0'),
indices=tensor([293, 296, 294, 288, 301], device='cuda:0'))
titles: t_850 (K), t=6 (18 h)
vmin: 253.326171875, vmax: 295.5902099609375
topk samples: torch.return_types.topk(
values=tensor([[286.2166, 286.1977, 286.1584, 285.9987, 285.9467],
        [290.3436, 287.7534, 286.6593, 286.6067, 286.2967],
        [291.5025, 287.3044, 287.1969, 287.1822, 287.1374],
        [289.2802, 288.4980, 286.3832, 286.2481, 286.1024],
        [295.5902, 286.9324, 286.9059, 286.8673, 286.8648]], device='cuda:0'),
indices=tensor([[ 4145,   825,  5370,  4894,  5371],
        [27015,  5855,  3488,   816,   847],
        [30088,   347,   340,   104,   341],
        [ 9593, 13942,  2311,    73,  2984],
        [  474,   339,    98,  1299,   338]], device='cuda:0'))
target.shape: torch.Size([63784])
topk target: torch.return_types.topk(
values=tensor([286.4578, 286.4529, 286.3973, 286.3646, 286.3436], device='cuda:0'),
indices=tensor([12316, 12078, 12554,  7792, 11840], device='cuda:0'))
titles: u_65 (m/s), t=6 (18 h)
vmin: -21.116140365600586, vmax: 17.46086883544922
topk samples: torch.return_types.topk(
values=tensor([[16.0510, 14.8180, 14.7817, 14.7420, 14.7320],
        [13.2304, 12.5955, 11.1111, 10.9261, 10.7721],
        [13.3620, 13.0565, 12.7248, 12.5335, 12.4662],
        [15.0447, 14.4590, 14.4078, 14.3287, 14.1094],
        [14.3664, 13.9509, 13.8997, 13.6782, 13.3984]], device='cuda:0'),
indices=tensor([[57327, 58038, 58037, 57564, 57089],
        [56379, 59470, 50720, 55902, 50954],
        [57574, 56858, 57808, 57812, 57571],
        [58047, 58048, 58763, 59001, 58286],
        [55671, 56630, 56629, 55918, 56392]], device='cuda:0'))
target.shape: torch.Size([63784])
topk target: torch.return_types.topk(
values=tensor([17.4609, 16.6469, 16.4428, 16.1606, 15.9960], device='cuda:0'),
indices=tensor([53356, 53354, 53355, 53116, 53118], device='cuda:0'))
titles: u_850 (m/s), t=6 (18 h)
vmin: -43.1588249206543, vmax: 21.21776580810547
topk samples: torch.return_types.topk(
values=tensor([[13.8998, 13.7056, 13.4286, 13.3600, 13.3430],
        [14.6371, 13.1715, 13.1655, 13.0600, 12.8608],
        [11.6724, 10.6341, 10.4351, 10.3127, 10.2925],
        [14.9925, 14.0009, 13.4298, 12.9434, 12.9403],
        [14.5654, 13.7120, 13.4985, 13.4175, 13.1268]], device='cuda:0'),
indices=tensor([[55189, 53761, 55426, 54236, 54950],
        [56862, 56382, 56624, 56625, 55909],
        [63266, 62787, 62791, 52827, 63265],
        [55690, 57339, 57577, 55453, 57338],
        [56628, 55198, 55436, 54478, 55674]], device='cuda:0'))
target.shape: torch.Size([63784])
topk target: torch.return_types.topk(
values=tensor([21.2178, 19.6338, 19.0684, 18.7275, 18.6465], device='cuda:0'),
indices=tensor([53356, 53351, 53355, 53118, 52643], device='cuda:0'))
titles: v_65 (m/s), t=6 (18 h)
vmin: -25.088029861450195, vmax: 28.205608367919922
topk samples: torch.return_types.topk(
values=tensor([[18.5294, 18.2018, 18.0569, 17.8456, 17.7351],
        [17.9889, 16.4898, 16.3948, 16.3769, 16.2457],
        [17.4327, 17.0901, 16.9956, 16.6537, 16.5553],
        [18.5745, 18.3962, 17.8910, 17.8098, 17.6761],
        [28.2056, 23.3024, 17.8300, 17.1978, 17.0928]], device='cuda:0'),
indices=tensor([[63410, 62700, 63172, 62942, 62458],
        [61037, 63179, 62702, 60085, 60081],
        [63181, 63418, 61515, 42159, 61040],
        [61272, 62463, 62700, 63177, 63186],
        [  474, 57710, 61273, 61511, 16403]], device='cuda:0'))
target.shape: torch.Size([63784])
topk target: torch.return_types.topk(
values=tensor([14.7945, 13.8854, 13.8658, 13.5992, 13.4654], device='cuda:0'),
indices=tensor([57681, 57918, 56968, 57206, 55541], device='cuda:0'))
titles: v_850 (m/s), t=6 (18 h)
vmin: -31.655277252197266, vmax: 31.1323184967041
topk samples: torch.return_types.topk(
values=tensor([[31.1323, 19.6644, 19.3883, 19.2195, 18.8814],
        [19.0463, 18.6750, 18.3910, 18.2059, 18.0495],
        [26.8058, 21.6615, 19.8850, 19.7242, 19.5002],
        [23.1897, 21.4399, 20.5676, 20.5574, 20.3825],
        [21.9045, 20.8315, 20.7857, 20.5450, 20.5273]], device='cuda:0'),
indices=tensor([[18794, 62695, 61989, 62942, 63183],
        [62463, 62699, 17986, 63652, 61992],
        [29882, 63180, 62943, 62705, 63419],
        [63426, 63173, 63187, 62936, 63185],
        [16403, 62927, 63409, 63171, 61994]], device='cuda:0'))
target.shape: torch.Size([63784])
topk target: torch.return_types.topk(
values=tensor([18.7932, 18.4758, 18.3381, 18.2063, 18.1740], device='cuda:0'),
indices=tensor([58631, 62677, 62912, 59587, 62918], device='cuda:0'))
titles: wvint_0 (kg/m²), t=6 (18 h)
vmin: 4.573129653930664, vmax: 42.893253326416016
topk samples: torch.return_types.topk(
values=tensor([[38.0740, 37.4549, 36.1984, 35.5860, 35.4944],
        [42.8933, 38.0978, 37.8750, 37.5204, 37.4110],
        [38.3945, 37.9756, 37.8937, 37.7023, 37.5909],
        [38.1558, 37.0597, 36.8701, 36.6971, 36.5656],
        [41.4211, 38.6398, 38.3446, 38.2983, 37.7004]], device='cuda:0'),
indices=tensor([[18794,  8615,  4145, 11064, 22078],
        [27015, 18430, 19379,  1433, 19382],
        [ 8914,  3406,  9153,  9866,  9627],
        [14158, 13616, 10341, 10563,  9593],
        [22222,  7488,   740, 21992, 12713]], device='cuda:0'))
target.shape: torch.Size([63784])
topk target: torch.return_types.topk(
values=tensor([40.6243, 39.4827, 38.1331, 38.1243, 38.0286], device='cuda:0'),
indices=tensor([21836, 19938, 23259, 23260,  8396], device='cuda:0'))
titles: z_1000 (m²/s²), t=6 (18 h)
vmin: -2218.0546875, vmax: 2722.03125
topk samples: torch.return_types.topk(
values=tensor([[1442.2310, 1413.4878, 1400.4832, 1394.0625, 1391.8431],
        [2029.8396, 1418.3892, 1362.3398, 1355.4313, 1341.9928],
        [1517.0598, 1420.9210, 1407.7925, 1380.7898, 1379.6193],
        [2722.0312, 2387.3296, 1301.3193, 1295.5117, 1292.6586],
        [1772.6462, 1495.5566, 1481.8979, 1480.2101, 1471.8199]],
       device='cuda:0'),
indices=tensor([[ 6663,  5949,  6662,  6187,  6424],
        [50263, 22624, 27628, 20230,   205],
        [ 5187, 17850, 16898, 18326, 18088],
        [44685, 12148,  3806,  4045,  4038],
        [ 7510,   457,   458,   232,   216]], device='cuda:0'))
target.shape: torch.Size([63784])
topk target: torch.return_types.topk(
values=tensor([1654.4019, 1653.9019, 1653.5269, 1652.9644, 1652.3081],
       device='cuda:0'),
indices=tensor([24040, 23802, 24278, 25466, 24516], device='cuda:0'))
titles: z_500 (m²/s²), t=6 (18 h)
vmin: 47470.3203125, vmax: 60378.1953125
topk samples: torch.return_types.topk(
values=tensor([[57358.7500, 57112.7734, 56565.8516, 56439.6953, 56412.0352],
        [58629.8477, 57472.1992, 57378.8828, 56553.4883, 56546.2188],
        [58247.2109, 56757.4219, 56658.1680, 56639.8086, 56637.9570],
        [60378.1953, 58090.2578, 57214.5547, 57062.5664, 56722.3945],
        [58103.0430, 57384.7812, 56962.8477, 56569.3008, 56557.1367]],
       device='cuda:0'),
indices=tensor([[18794,  8615, 11369,   248, 11654],
        [50263,  5855,  3488,  4282, 10470],
        [30088,  5187,   809,  1151,  4836],
        [44685, 12148,  2311,  9593, 13942],
        [  474, 45668,  7510,   935,   951]], device='cuda:0'))
target.shape: torch.Size([63784])
topk target: torch.return_types.topk(
values=tensor([56435.3477, 56435.3477, 56435.2227, 56435.2227, 56434.9727],
       device='cuda:0'),
indices=tensor([288, 294, 290, 289, 292], device='cuda:0'))
titles: pres_0g (Pa), t=7 (21 h)
vmin: 79516.203125, vmax: 116445.4765625
topk samples: torch.return_types.topk(
values=tensor([[107965.5000, 106287.6172, 105730.8281, 104073.5469, 103733.2422],
        [112135.5000, 109031.4688, 107002.3672, 103647.8359, 103598.4453],
        [107278.7734, 105718.0156, 104261.9766, 103343.6953, 101838.9688],
        [109601.1016, 105185.2031, 104751.7578, 103514.5156, 102758.1641],
        [116445.4766, 109470.9375, 106926.0312, 106240.3516, 106198.7344]],
       device='cuda:0'),
indices=tensor([[ 8615, 18794,  4145,  3457, 33308],
        [ 1847, 54188, 53048, 27004, 21360],
        [41942, 21263, 42839, 33142, 27511],
        [44685, 50296, 50885, 12148, 58242],
        [45804, 57710, 17905, 10811, 45668]], device='cuda:0'))
target.shape: torch.Size([63784])
topk target: torch.return_types.topk(
values=tensor([102144.9688, 102128.4688, 102127.4688, 102127.4688, 102124.4688],
       device='cuda:0'),
indices=tensor([23087, 23325, 23562, 24514, 20468], device='cuda:0'))
titles: pres_0s (Pa), t=7 (21 h)
vmin: 97603.234375, vmax: 103726.4453125
topk samples: torch.return_types.topk(
values=tensor([[103368.0000, 102578.0547, 102466.7812, 101518.5703, 101504.9922],
        [103018.3047, 102351.0625, 101785.6172, 101572.3906, 101557.1562],
        [101900.6797, 101559.3281, 101540.6172, 101515.7500, 101515.5859],
        [103726.4453, 102819.8281, 101498.5156, 101480.8672, 101475.0469],
        [103094.7891, 102407.3516, 101873.6250, 101868.4844, 101560.4297]],
       device='cuda:0'),
indices=tensor([[18794,  3457,  8615,  6663,  5949],
        [17874, 50263, 22624, 19761, 20230],
        [42839, 41942, 17850, 22611, 17613],
        [44685, 12148, 20468, 18088, 18802],
        [ 9238, 57710, 14608,  7510, 16403]], device='cuda:0'))
target.shape: torch.Size([63784])
topk target: torch.return_types.topk(
values=tensor([102127.3438, 102124.1562, 102114.4062, 102113.6562, 102113.1562],
       device='cuda:0'),
indices=tensor([23324, 22610, 21420, 22372, 22134], device='cuda:0'))
titles: nlwrs_0 (W/m²), t=7 (21 h)
vmin: -4399573.0, vmax: 474061.71875
topk samples: torch.return_types.topk(
values=tensor([[320508.8750, 241024.7188, 235625.1562, 232694.6875, 229680.7500],
        [474061.7188, 287353.5312, 278835.4688, 271091.4688, 252496.7500],
        [287696.5625, 274841.0625, 236202.9375, 218083.1562, 214747.8125],
        [374292.3438, 362962.5312, 305017.4688, 278178.6250, 250182.4688],
        [372398.2188, 300471.2812, 260779.4688, 249200.3750, 247294.0938]],
       device='cuda:0'),
indices=tensor([[28149, 27711, 28656, 18794, 32254],
        [27015, 28912, 27669, 16030, 28144],
        [27669, 29593, 22977, 30793, 32224],
        [28618, 12148, 13616, 27909, 23860],
        [31034, 31272, 31510, 20737, 26010]], device='cuda:0'))
target.shape: torch.Size([63784])
topk target: torch.return_types.topk(
values=tensor([149507., 128003.,  94723.,  84227.,  81155.], device='cuda:0'),
indices=tensor([40561, 24335, 38896, 23858, 40562], device='cuda:0'))
titles: nswrs_0 (W/m²), t=7 (21 h)
vmin: -2734713.0, vmax: 9990414.0
topk samples: torch.return_types.topk(
values=tensor([[6634569.0000, 6627285.5000, 6536072.5000, 6521784.0000, 6475676.0000],
        [7020042.5000, 7004869.0000, 6980755.5000, 6713731.0000, 6620994.5000],
        [6768608.5000, 6764230.5000, 6604931.5000, 6571615.5000, 6528370.5000],
        [6776848.0000, 6773785.5000, 6754309.5000, 6729102.5000, 6721272.0000],
        [9990414.0000, 7381901.0000, 7354181.5000, 7325152.5000, 7272364.5000]],
       device='cuda:0'),
indices=tensor([[   43,   281,    37,   202,   278],
        [    6,    13,     4,   952,   246],
        [  239,    94, 20235,    84,   555],
        [   41,  2883,   282,  2405,    39],
        [  474,   245,     3,     4,   476]], device='cuda:0'))
target.shape: torch.Size([63784])
topk target: torch.return_types.topk(
values=tensor([6625460., 6620340., 6618292., 6615988., 6615732.], device='cuda:0'),
indices=tensor([  0,   1, 238, 239,   2], device='cuda:0'))
titles: r_2 (-), t=7 (21 h)
vmin: -0.9973301291465759, vmax: 1.3522893190383911
topk samples: torch.return_types.topk(
values=tensor([[1.2186, 1.2137, 1.1940, 1.1882, 1.1881],
        [1.3523, 1.2327, 1.2092, 1.2066, 1.2047],
        [1.2289, 1.1847, 1.1809, 1.1785, 1.1774],
        [1.2443, 1.2204, 1.2150, 1.2102, 1.2033],
        [1.2352, 1.2049, 1.1889, 1.1731, 1.1674]], device='cuda:0'),
indices=tensor([[33426, 31270, 22910, 27668, 20291],
        [17874, 25771, 25768, 27201, 27917],
        [28148, 29599, 29821, 28153, 29587],
        [27681, 27678, 27438, 28618, 31510],
        [28148, 26010, 38663, 31040, 21488]], device='cuda:0'))
target.shape: torch.Size([63784])
topk target: torch.return_types.topk(
values=tensor([1.0000, 1.0000, 1.0000, 1.0000, 1.0000], device='cuda:0'),
indices=tensor([21001, 20763, 21004, 21477, 21241], device='cuda:0'))
titles: r_65 (-), t=7 (21 h)
vmin: -0.5562021732330322, vmax: 1.2977901697158813
topk samples: torch.return_types.topk(
values=tensor([[1.2783, 1.2288, 1.2136, 1.2120, 1.2021],
        [1.2978, 1.2225, 1.2186, 1.2114, 1.2104],
        [1.2503, 1.2328, 1.2316, 1.1926, 1.1898],
        [1.2887, 1.2531, 1.2416, 1.2374, 1.2305],
        [1.2527, 1.2244, 1.2225, 1.2183, 1.2035]], device='cuda:0'),
indices=tensor([[33426, 31270, 27918, 22910, 27677],
        [25771, 27917, 25048, 27015, 23152],
        [28148, 27909, 26371, 38896, 30795],
        [27681, 57137, 29981, 27669, 28618],
        [28148, 23858, 26010, 38663, 20737]], device='cuda:0'))
target.shape: torch.Size([63784])
topk target: torch.return_types.topk(
values=tensor([1.0000, 1.0000, 1.0000, 1.0000, 1.0000], device='cuda:0'),
indices=tensor([21004, 20763, 21241, 21479, 21477], device='cuda:0'))
titles: t_2 (K), t=7 (21 h)
vmin: 264.1943359375, vmax: 318.84014892578125
topk samples: torch.return_types.topk(
values=tensor([[299.7431, 299.6470, 299.6338, 299.5083, 299.5042],
        [302.1481, 300.0515, 299.5794, 299.5541, 299.3896],
        [301.0679, 301.0442, 300.5785, 300.5188, 300.3313],
        [300.0064, 300.0034, 300.0017, 299.7298, 299.6843],
        [318.8401, 302.1472, 301.4132, 301.1650, 301.1255]], device='cuda:0'),
indices=tensor([[3937, 2518, 3936, 4883, 5126],
        [1847, 5855, 7985,  142,  999],
        [1039, 7511,   86,  323,  800],
        [4887, 5124, 4411, 4648,  294],
        [ 474, 9238,  237,  471,  710]], device='cuda:0'))
target.shape: torch.Size([63784])
topk target: torch.return_types.topk(
values=tensor([299.8185, 299.7911, 299.7540, 299.7404, 299.7355], device='cuda:0'),
indices=tensor([2586, 2347, 2831, 1878, 2584], device='cuda:0'))
titles: t_65 (K), t=7 (21 h)
vmin: 263.24029541015625, vmax: 312.7507629394531
topk samples: torch.return_types.topk(
values=tensor([[301.4277, 299.4490, 299.2520, 299.2497, 299.2271],
        [302.0599, 299.7972, 299.7693, 299.5004, 299.2518],
        [300.3935, 300.0571, 299.7313, 299.6457, 299.5897],
        [299.7405, 299.7006, 299.5802, 299.5322, 299.4997],
        [312.7508, 301.6297, 300.2366, 300.1823, 300.1276]], device='cuda:0'),
indices=tensor([[ 2995,  5126,  3937,  3461,  3936],
        [ 1847,  5855, 10223,  7985,  8222],
        [ 1039,   323,   800,   561,  3180],
        [ 4887, 44685,  4647,  4648,  5124],
        [  474, 45668,  3438,   829,  3439]], device='cuda:0'))
target.shape: torch.Size([63784])
topk target: torch.return_types.topk(
values=tensor([298.7920, 298.7802, 298.7588, 298.7197, 298.7011], device='cuda:0'),
indices=tensor([16385, 16386,  2831,  2586,  2824], device='cuda:0'))
titles: t_500 (K), t=7 (21 h)
vmin: 230.92257690429688, vmax: 279.61590576171875
topk samples: torch.return_types.topk(
values=tensor([[275.0926, 273.5590, 265.5602, 264.7133, 264.4986],
        [271.1781, 269.3264, 266.0195, 265.6769, 264.7093],
        [270.9839, 264.2034, 263.7712, 263.5771, 263.5740],
        [269.4702, 268.0716, 266.5132, 265.6866, 265.2603],
        [279.6159, 269.6999, 267.6253, 264.8214, 264.1713]], device='cuda:0'),
indices=tensor([[18794,  8615, 33307, 33308,  8375],
        [27015, 17874,  3488, 50263,   815],
        [30088,  4836, 14980, 15454, 14741],
        [44685, 12148,  9593, 13942, 14573],
        [  474, 45804, 45668, 14608, 20737]], device='cuda:0'))
target.shape: torch.Size([63784])
topk target: torch.return_types.topk(
values=tensor([261.2006, 261.1864, 261.1844, 261.1444, 261.1312], device='cuda:0'),
indices=tensor([308, 306, 309, 305, 312], device='cuda:0'))
titles: t_850 (K), t=7 (21 h)
vmin: 252.80886840820312, vmax: 298.2792053222656
topk samples: torch.return_types.topk(
values=tensor([[287.7733, 287.0481, 286.9718, 286.8754, 286.8503],
        [290.5857, 289.1757, 288.6585, 288.5419, 288.1361],
        [291.5449, 288.0896, 287.9689, 287.9336, 287.9202],
        [290.2382, 289.0951, 287.4055, 287.3427, 287.2206],
        [298.2792, 288.2721, 287.9510, 287.7413, 287.7364]], device='cuda:0'),
indices=tensor([[ 2995,  6028,  6741,  5080,  6265],
        [27015,  5855,  3488,   816,   344],
        [30088,   343,  1530,   331,  1295],
        [ 9593, 13942,  2749,  2311,  2984],
        [  474, 10811,   336,    96,   341]], device='cuda:0'))
target.shape: torch.Size([63784])
topk target: torch.return_types.topk(
values=tensor([285.8575, 285.8365, 285.8165, 285.7965, 285.7496], device='cuda:0'),
indices=tensor([13755, 14706, 14705, 14467, 13754], device='cuda:0'))
titles: u_65 (m/s), t=7 (21 h)
vmin: -19.92378044128418, vmax: 16.533878326416016
topk samples: torch.return_types.topk(
values=tensor([[15.8141, 15.5398, 15.3962, 15.2847, 15.1431],
        [13.5299, 12.5482, 12.2722, 12.2414, 12.2325],
        [11.7863, 11.1888, 11.0721, 11.0171, 10.9629],
        [16.2081, 14.5243, 14.4064, 13.7117, 13.3867],
        [12.5324, 12.4683, 12.3151, 12.2118, 12.0363]], device='cuda:0'),
indices=tensor([[58038, 58037, 57806, 58042, 57807],
        [49761, 51198, 50000, 51430, 51194],
        [56378, 56852, 58292, 63504, 56380],
        [58058, 59000, 58760, 58047, 57333],
        [57583,   239, 57580,     5, 57105]], device='cuda:0'))
target.shape: torch.Size([63784])
topk target: torch.return_types.topk(
values=tensor([16.5339, 16.4572, 16.4162, 16.4113, 16.3981], device='cuda:0'),
indices=tensor([51231, 51467, 50749, 50506, 50982], device='cuda:0'))
titles: u_850 (m/s), t=7 (21 h)
vmin: -45.282081604003906, vmax: 20.620092391967773
topk samples: torch.return_types.topk(
values=tensor([[14.0091, 13.2663, 13.1275, 12.9467, 12.6816],
        [11.6305, 11.2692, 10.6908, 10.6075, 10.4066],
        [11.3299, 10.1283,  9.6725,  9.6397,  9.5016],
        [14.5810, 14.3270, 13.5525, 12.6587, 12.5973],
        [12.1260, 11.8749, 11.5700, 11.4655, 11.4143]], device='cuda:0'),
indices=tensor([[55901, 56378, 56139, 56381, 57092],
        [51434, 56643, 50961, 56405, 56862],
        [55676, 54482, 51634, 61838, 54954],
        [57339, 58052, 57338, 57098, 57818],
        [56152, 54242, 54961, 54482, 54724]], device='cuda:0'))
target.shape: torch.Size([63784])
topk target: torch.return_types.topk(
values=tensor([20.6201, 20.2099, 19.8301, 19.7314, 19.6367], device='cuda:0'),
indices=tensor([51221, 52181, 50750, 50991, 50507], device='cuda:0'))
titles: v_65 (m/s), t=7 (21 h)
vmin: -27.29380989074707, vmax: 31.507675170898438
topk samples: torch.return_types.topk(
values=tensor([[18.7225, 17.7100, 17.2543, 17.1535, 17.0860],
        [16.1284, 16.1263, 15.9278, 15.8408, 15.7453],
        [19.6625, 17.6146, 17.5183, 17.4705, 16.6685],
        [16.5016, 16.4074, 16.2549, 16.2478, 16.2178],
        [31.5077, 17.5276, 17.4521, 17.4356, 17.2457]], device='cuda:0'),
indices=tensor([[63409, 61980, 61755, 62932, 62935],
        [62940, 63647, 62699, 63412, 63413],
        [63418, 63181, 63178, 63417, 63656],
        [61272, 63412, 62463, 62936, 63177],
        [  474, 57710, 59827, 60309, 43835]], device='cuda:0'))
target.shape: torch.Size([63784])
topk target: torch.return_types.topk(
values=tensor([13.1317, 12.9100, 12.5858, 11.7704, 11.7440], device='cuda:0'),
indices=tensor([61487, 61250, 61013, 61724, 58637], device='cuda:0'))
titles: v_850 (m/s), t=7 (21 h)
vmin: -51.564247131347656, vmax: 32.535186767578125
topk samples: torch.return_types.topk(
values=tensor([[32.5352, 20.0638, 20.0192, 19.8155, 19.7287],
        [19.4203, 19.2245, 18.9231, 18.8072, 18.7591],
        [23.8133, 22.6671, 22.4786, 21.9576, 21.5009],
        [23.9702, 21.9977, 21.1614, 20.9748, 20.7252],
        [24.4022, 24.0105, 22.8465, 22.6814, 22.4871]], device='cuda:0'),
indices=tensor([[ 2995, 57409, 61996, 62942, 63428],
        [62463, 62466, 62943, 63417, 61746],
        [63417, 63416, 63419, 63178, 63414],
        [14573, 50885, 63415, 63176, 62936],
        [63165, 63404, 62933, 63406, 63402]], device='cuda:0'))
target.shape: torch.Size([63784])
topk target: torch.return_types.topk(
values=tensor([19.9042, 19.7567, 19.5731, 19.0848, 18.9872], device='cuda:0'),
indices=tensor([61489, 61726, 61251, 60776, 61964], device='cuda:0'))
titles: wvint_0 (kg/m²), t=7 (21 h)
vmin: 4.8328471183776855, vmax: 48.15062713623047
topk samples: torch.return_types.topk(
values=tensor([[48.1506, 44.2396, 38.6648, 38.3546, 36.9517],
        [37.9586, 37.6125, 37.5907, 37.3432, 37.2427],
        [38.7680, 37.8077, 37.7361, 37.0705, 37.0294],
        [37.9238, 36.7859, 36.6947, 36.5574, 36.4365],
        [39.7410, 39.5525, 38.5797, 38.4792, 38.3947]], device='cuda:0'),
indices=tensor([[ 8375, 29176,  6758,  8615,  3673],
        [27015,  1429, 17935,  3334, 17459],
        [  364,  4867,  6537, 14594,  3681],
        [ 5785,  6022,  6020,  5546,  8447],
        [10811,  7484,  7721,  7244,  7488]], device='cuda:0'))
target.shape: torch.Size([63784])
topk target: torch.return_types.topk(
values=tensor([42.8133, 42.1834, 39.7967, 39.5643, 39.3241], device='cuda:0'),
indices=tensor([21142,  9446, 22329, 10622,  1087], device='cuda:0'))
titles: z_1000 (m²/s²), t=7 (21 h)
vmin: -2342.282958984375, vmax: 3000.66357421875
topk samples: torch.return_types.topk(
values=tensor([[1523.6886, 1353.8385, 1332.8698, 1330.5323, 1317.6362],
        [1988.8601, 1278.3737, 1250.9575, 1246.6218, 1244.1384],
        [1396.5233, 1291.5862, 1270.9646, 1269.0032, 1265.7422],
        [3000.6636, 2121.3499, 1213.8274, 1213.1902, 1190.4938],
        [1807.1766, 1410.3127, 1371.0101, 1360.3147, 1349.8280]],
       device='cuda:0'),
indices=tensor([[18794,  6663,  5949,  6662,  6424],
        [50263,   206,  1622, 22624,   205],
        [ 5187, 17850,   455,   454, 16898],
        [44685, 12148, 34616, 18088, 20468],
        [ 7510,  7593,   457,   458,   455]], device='cuda:0'))
target.shape: torch.Size([63784])
topk target: torch.return_types.topk(
values=tensor([1719.6456, 1716.7706, 1716.4894, 1716.3644, 1716.0206],
       device='cuda:0'),
indices=tensor([23086, 23562, 22848, 22849, 22611], device='cuda:0'))
titles: z_500 (m²/s²), t=7 (21 h)
vmin: 46785.90234375, vmax: 61159.88671875
topk samples: torch.return_types.topk(
values=tensor([[58381.0156, 57336.4922, 57128.6523, 56664.5117, 56496.5781],
        [58531.8945, 58232.8945, 57371.6016, 57291.2266, 56990.8203],
        [58047.1562, 56796.1875, 56657.5391, 56637.6914, 56577.1836],
        [61159.8867, 58044.3359, 57457.1914, 56901.2227, 56549.4219],
        [59342.5781, 58170.1836, 57693.7539, 57410.6562, 56562.3672]],
       device='cuda:0'),
indices=tensor([[18794, 51189,  8615,  2995, 11369],
        [50263, 17874,  5855,  3488,  1405],
        [30088,  5187,  2331,   809,  4836],
        [44685, 12148,  2311,  9593, 13942],
        [10811,   474, 45668,  7510,   951]], device='cuda:0'))
target.shape: torch.Size([63784])
topk target: torch.return_types.topk(
values=tensor([56433.4336, 56432.9336, 56432.8086, 56432.3086, 56432.3086],
       device='cuda:0'),
indices=tensor([303, 302, 306, 305, 304], device='cuda:0'))
titles: pres_0g (Pa), t=8 (24 h)
vmin: 79229.7578125, vmax: 116008.4296875
topk samples: torch.return_types.topk(
values=tensor([[108788.4375, 107638.1641, 106292.6875, 105632.0547, 103963.0234],
        [111992.2734, 109385.1484, 106748.7109, 103432.8281, 103274.7812],
        [106946.7812, 105563.5000, 104100.8438, 103033.9766, 102496.5938],
        [109558.4141, 104958.2969, 104732.6172, 103147.6797, 102598.0312],
        [116008.4297, 109290.0625, 106806.1953, 106532.5312, 106171.0078]],
       device='cuda:0'),
indices=tensor([[26435,  8615, 18794,  4145,  3457],
        [ 1847, 54188, 53048, 27004, 58257],
        [41942, 21263, 42839, 33142, 60024],
        [44685, 50296, 50885, 12148, 58242],
        [45804, 57710, 10811, 17905, 45668]], device='cuda:0'))
target.shape: torch.Size([63784])
topk target: torch.return_types.topk(
values=tensor([102172.7500, 102147.7500, 102139.7500, 102138.7500, 102136.7500],
       device='cuda:0'),
indices=tensor([18329, 23087, 20468, 24514, 23562], device='cuda:0'))
titles: pres_0s (Pa), t=8 (24 h)
vmin: 97134.203125, vmax: 103684.8203125
topk samples: torch.return_types.topk(
values=tensor([[103298.9844, 102298.5547, 101997.2031, 101376.7734, 101372.1719],
        [102873.3359, 102687.8281, 102174.4844, 101534.6250, 101389.0312],
        [101585.1719, 101351.4922, 101334.0469, 101320.6562, 101305.0391],
        [103684.8203, 102442.3594, 101320.5625, 101312.2656, 101308.2734],
        [102409.2891, 102157.1562, 101807.2188, 101749.8594, 101734.5078]],
       device='cuda:0'),
indices=tensor([[18794,  3457,  8615,  6663,  6662],
        [17874, 51806, 50263, 22624, 19761],
        [42839, 17850, 16898, 18326, 22611],
        [44685, 12148,  2311, 18088, 20468],
        [ 9238, 57710, 53425, 10811,  7510]], device='cuda:0'))
target.shape: torch.Size([63784])
topk target: torch.return_types.topk(
values=tensor([102131.7656, 102128.9531, 102128.1406, 102126.1406, 102125.3906],
       device='cuda:0'),
indices=tensor([23324, 19992, 20231, 20468, 20232], device='cuda:0'))
titles: nlwrs_0 (W/m²), t=8 (24 h)
vmin: -5062397.0, vmax: 526515.75
topk samples: torch.return_types.topk(
values=tensor([[402981.5312, 327264.7500, 245694.7188, 227161.2500, 216685.6875],
        [526515.7500, 388918.2188, 259435.5938, 256019.3438, 218515.1562],
        [253940.0938, 244818.4688, 237002.4062, 200975.7188, 198474.8125],
        [329361.2188, 294322.5938, 260379.9062, 235001.0625, 234629.9062],
        [354477.7812, 261813.5312, 245543.4062, 245324.0312, 244240.9375]],
       device='cuda:0'),
indices=tensor([[ 8375, 25114, 35327, 36290, 28149],
        [17874, 27015, 24348, 34369, 27205],
        [27703, 23431, 21741, 52987, 21241],
        [28618, 13616, 27909, 41284, 13614],
        [22195, 31508, 23858, 10243, 24344]], device='cuda:0'))
target.shape: torch.Size([63784])
topk target: torch.return_types.topk(
values=tensor([97306., 91162., 58138., 57370., 43546.], device='cuda:0'),
indices=tensor([23858, 42000, 42237, 38896, 24919], device='cuda:0'))
titles: nswrs_0 (W/m²), t=8 (24 h)
vmin: -1495779.0, vmax: 6610031.0
topk samples: torch.return_types.topk(
values=tensor([[5221775.5000, 5112269.5000, 5082940.5000, 5024210.0000, 5020830.5000],
        [5155102.0000, 5107497.5000, 5103941.0000, 5001528.5000, 4987853.0000],
        [5310188.5000, 5268146.0000, 5237075.5000, 5235429.5000, 5216027.0000],
        [5236897.0000, 5019463.0000, 4992418.5000, 4987672.0000, 4968757.0000],
        [6610031.0000, 5520465.0000, 5520268.0000, 5493737.5000, 5436295.5000]],
       device='cuda:0'),
indices=tensor([[20706, 22141, 22855, 21903, 20707],
        [22853,    13, 25944,     6,   715],
        [  715,     2,   476,     6,     1],
        [20953, 21189, 20956, 20944, 21902],
        [  474,     4,   476,     0,     5]], device='cuda:0'))
target.shape: torch.Size([63784])
topk target: torch.return_types.topk(
values=tensor([5089476., 5075140., 5064388., 5056196., 5054148.], device='cuda:0'),
indices=tensor([239, 477, 715,   0, 238], device='cuda:0'))
titles: r_2 (-), t=8 (24 h)
vmin: -0.9694529175758362, vmax: 1.2289228439331055
topk samples: torch.return_types.topk(
values=tensor([[1.2156, 1.2113, 1.1934, 1.1804, 1.1776],
        [1.2289, 1.2279, 1.2219, 1.1842, 1.1736],
        [1.2051, 1.1871, 1.1754, 1.1737, 1.1684],
        [1.2198, 1.2170, 1.2139, 1.2027, 1.1958],
        [1.2105, 1.1895, 1.1878, 1.1870, 1.1691]], device='cuda:0'),
indices=tensor([[28144, 23152, 55953, 40562, 28401],
        [23152, 25531, 30077, 23867, 31275],
        [28148, 20768, 22867, 33890, 28419],
        [29103, 27681, 28618, 28157, 27438],
        [26246, 25535, 55953, 27204, 38427]], device='cuda:0'))
target.shape: torch.Size([63784])
topk target: torch.return_types.topk(
values=tensor([1.0000, 1.0000, 1.0000, 1.0000, 1.0000], device='cuda:0'),
indices=tensor([21241, 20194, 21479, 21955, 21717], device='cuda:0'))
titles: r_65 (-), t=8 (24 h)
vmin: -0.6435257196426392, vmax: 1.3865759372711182
topk samples: torch.return_types.topk(
values=tensor([[1.2277, 1.2262, 1.2221, 1.2216, 1.2195],
        [1.2398, 1.2115, 1.2100, 1.2063, 1.2059],
        [1.2198, 1.2012, 1.1985, 1.1921, 1.1921],
        [1.2595, 1.2594, 1.2413, 1.2326, 1.2261],
        [1.3866, 1.2414, 1.2404, 1.2338, 1.2247]], device='cuda:0'),
indices=tensor([[27117, 23152, 27918, 55953, 27669],
        [25531, 27015, 30077, 23867, 28618],
        [20768, 24583, 28148, 33890, 28419],
        [29103, 27681, 28151, 28618, 28157],
        [11238, 25535, 20737, 27204, 26246]], device='cuda:0'))
target.shape: torch.Size([63784])
topk target: torch.return_types.topk(
values=tensor([1.0000, 1.0000, 1.0000, 1.0000, 1.0000], device='cuda:0'),
indices=tensor([21481, 21241, 21955, 23858, 22193], device='cuda:0'))
titles: t_2 (K), t=8 (24 h)
vmin: 251.3719482421875, vmax: 313.8427429199219
topk samples: torch.return_types.topk(
values=tensor([[298.2120, 297.9565, 297.8704, 297.8324, 297.7022],
        [301.7101, 298.9034, 298.8263, 297.9017, 297.8259],
        [299.8195, 299.7390, 299.7054, 299.4557, 299.4518],
        [299.1984, 298.8972, 298.4107, 298.2208, 298.1946],
        [313.8427, 300.2385, 299.7519, 299.5511, 299.5378]], device='cuda:0'),
indices=tensor([[4173,   93, 2042,  331, 4416],
        [1847,  286, 5855, 1000,   48],
        [ 569,   94,  333,   90,   95],
        [ 294, 5124, 4887, 1489,  343],
        [ 474, 1305,  340, 2245, 3433]], device='cuda:0'))
target.shape: torch.Size([63784])
topk target: torch.return_types.topk(
values=tensor([297.8980, 297.7203, 297.6705, 297.5934, 297.5934], device='cuda:0'),
indices=tensor([2109, 2347, 2586, 2348, 2110], device='cuda:0'))
titles: t_65 (K), t=8 (24 h)
vmin: 261.26934814453125, vmax: 309.7484130859375
topk samples: torch.return_types.topk(
values=tensor([[301.6992, 298.6179, 298.3126, 298.2677, 298.1659],
        [302.2144, 300.2416, 299.2622, 299.1694, 299.1580],
        [299.8682, 299.7199, 299.5598, 299.5112, 299.5038],
        [299.1931, 298.9171, 298.6405, 298.4417, 298.4317],
        [309.7484, 300.4884, 300.4626, 300.2292, 300.2157]], device='cuda:0'),
indices=tensor([[ 2995,  4173,  7985,  2748,  4416],
        [ 1847,  3068,  5855,   286,  3488],
        [  569,   333,  1039,   809,   572],
        [44685,  5124,  4887,  1489,  1532],
        [  474,  2245,  1305,  2246,  2959]], device='cuda:0'))
target.shape: torch.Size([63784])
topk target: torch.return_types.topk(
values=tensor([297.9801, 297.9450, 297.7858, 297.7594, 297.7038], device='cuda:0'),
indices=tensor([2109, 2348, 2586, 2347, 2585], device='cuda:0'))
titles: t_500 (K), t=8 (24 h)
vmin: 230.91485595703125, vmax: 279.9037780761719
topk samples: torch.return_types.topk(
values=tensor([[274.8766, 274.8164, 267.9389, 267.2204, 266.1864],
        [279.9038, 269.2251, 266.3311, 265.5701, 264.8955],
        [270.4205, 263.7267, 263.1596, 263.0904, 263.0395],
        [273.4342, 269.8705, 269.1680, 267.0185, 265.4453],
        [279.5819, 268.8037, 268.6481, 267.6807, 265.6991]], device='cuda:0'),
indices=tensor([[18794,  8615,  9932, 26435,  8375],
        [17874, 27015, 50263, 54188,  3488],
        [30088, 11220,  4836,  2331, 18776],
        [44685, 14573, 12148,  9593, 13616],
        [  474, 10811, 45668, 45804, 20737]], device='cuda:0'))
target.shape: torch.Size([63784])
topk target: torch.return_types.topk(
values=tensor([260.9120, 260.9023, 260.8954, 260.8935, 260.8920], device='cuda:0'),
indices=tensor([320, 321, 322, 319, 326], device='cuda:0'))
titles: t_850 (K), t=8 (24 h)
vmin: 248.49766540527344, vmax: 297.9241943359375
topk samples: torch.return_types.topk(
values=tensor([[287.8575, 287.0961, 287.0068, 286.9858, 286.9454],
        [290.1271, 289.8904, 289.2085, 288.8745, 288.5809],
        [290.9180, 288.7820, 288.6570, 288.6384, 288.5281],
        [290.4086, 288.8058, 288.7497, 287.9963, 287.6242],
        [297.9242, 292.7409, 288.1544, 288.1446, 288.1219]], device='cuda:0'),
indices=tensor([[ 2995,  6028,  4145,   593,  5790],
        [27015,  3068,  5855,  3488,   816],
        [30088,   341,   579,   340,   104],
        [ 9593,  2311, 13942, 44685, 14573],
        [  474, 10811,   100,  1286,  1049]], device='cuda:0'))
target.shape: torch.Size([63784])
topk target: torch.return_types.topk(
values=tensor([285.8174, 285.7998, 285.7622, 285.7339, 285.7256], device='cuda:0'),
indices=tensor([14733, 14732, 14971, 14731, 14972], device='cuda:0'))
titles: u_65 (m/s), t=8 (24 h)
vmin: -29.510414123535156, vmax: 16.951725006103516
topk samples: torch.return_types.topk(
values=tensor([[16.3880, 16.2209, 15.8285, 15.8283, 15.7864],
        [13.3700, 13.3015, 12.8293, 12.6199, 12.6086],
        [10.4168,  9.9159,  9.5699,  9.4923,  9.3380],
        [14.3233, 13.7444, 13.6776, 13.1407, 12.9260],
        [12.3917, 11.7699, 11.4965, 11.4292, 11.2782]], device='cuda:0'),
indices=tensor([[58038, 58275, 58277, 58514, 57088],
        [50467, 52858, 52145, 52382, 51906],
        [58544, 57331, 58305, 58541, 58308],
        [58049, 58525, 58287, 58047, 58058],
        [44523, 45946, 47142,   239, 45232]], device='cuda:0'))
target.shape: torch.Size([63784])
topk target: torch.return_types.topk(
values=tensor([16.9517, 16.4791, 16.0699, 15.9459, 15.8072], device='cuda:0'),
indices=tensor([49569, 48617, 48861, 48623, 49573], device='cuda:0'))
titles: u_850 (m/s), t=8 (24 h)
vmin: -38.99953079223633, vmax: 20.057828903198242
topk samples: torch.return_types.topk(
values=tensor([[14.9985, 13.0293, 12.5164, 12.2667, 12.1556],
        [10.2746,  9.8738,  9.7779,  9.7685,  9.6948],
        [ 9.6588,  8.9505,  8.9226,  8.8088,  8.6464],
        [12.3426, 12.2017, 11.8878, 11.5113, 11.4960],
        [11.3375,  9.9869,  9.9526,  9.6871,  9.1948]], device='cuda:0'),
indices=tensor([[57563, 57090, 57564, 57327, 57566],
        [49043, 51192, 49763, 49046, 49045],
        [57567, 57568, 57818, 51634, 58533],
        [57100, 57098, 58288, 57338, 57576],
        [44758, 44997, 45231, 44759, 53545]], device='cuda:0'))
target.shape: torch.Size([63784])
topk target: torch.return_types.topk(
values=tensor([20.0578, 19.6301, 19.5510, 19.5305, 19.3567], device='cuda:0'),
indices=tensor([49088, 48616, 48850, 49096, 49097], device='cuda:0'))
titles: v_65 (m/s), t=8 (24 h)
vmin: -26.29435920715332, vmax: 26.021697998046875
topk samples: torch.return_types.topk(
values=tensor([[17.8194, 17.8006, 17.6618, 17.4363, 17.1395],
        [17.2250, 16.8059, 16.5247, 16.3629, 16.1091],
        [18.4855, 17.1056, 17.0640, 16.9226, 16.5499],
        [17.4682, 17.1972, 16.4230, 16.0715, 15.7630],
        [26.0217, 19.3233, 17.3256, 17.2317, 16.8066]], device='cuda:0'),
indices=tensor([[59311, 63409, 59310, 60984, 59072],
        [62940, 63173, 63179, 55495, 63377],
        [28205, 63418, 60024, 55275, 44540],
        [63171, 62016, 63177, 60816, 59822],
        [  474, 57710, 53425, 63162, 60783]], device='cuda:0'))
target.shape: torch.Size([63784])
topk target: torch.return_types.topk(
values=tensor([10.2804, 10.2403, 10.0909, 10.0001,  9.9171], device='cuda:0'),
indices=tensor([59352, 61015, 61490, 61252, 60302], device='cuda:0'))
titles: v_850 (m/s), t=8 (24 h)
vmin: -44.47533416748047, vmax: 24.33264923095703
topk samples: torch.return_types.topk(
values=tensor([[24.1310, 23.0926, 22.7656, 21.1599, 20.7066],
        [23.5306, 19.8604, 19.7168, 19.6601, 19.6336],
        [24.3326, 20.6433, 19.7140, 19.6865, 19.2391],
        [20.9046, 19.7734, 19.4830, 19.1616, 18.7885],
        [22.8904, 21.9999, 21.7998, 21.5625, 21.2111]], device='cuda:0'),
indices=tensor([[56229, 59315,  2995, 23209, 25114],
        [62935, 63656, 24167, 63647, 62706],
        [33556, 42238, 63416, 52415, 63182],
        [17023, 20848, 56966, 25133, 19656],
        [63405, 63641, 63167, 63168, 63409]], device='cuda:0'))
target.shape: torch.Size([63784])
topk target: torch.return_types.topk(
values=tensor([15.1892, 14.9793, 14.8611, 14.8123, 14.7986], device='cuda:0'),
indices=tensor([24244, 62921, 62920, 63157, 62682], device='cuda:0'))
titles: wvint_0 (kg/m²), t=8 (24 h)
vmin: 4.571361541748047, vmax: 43.231788635253906
topk samples: torch.return_types.topk(
values=tensor([[41.1702, 38.1976, 37.5812, 37.1701, 37.1162],
        [39.2016, 38.6409, 38.1302, 38.0124, 38.0028],
        [38.6155, 37.7736, 37.4888, 37.2458, 36.9368],
        [39.9992, 36.7682, 36.5086, 36.3932, 36.3237],
        [43.2318, 42.0301, 40.6254, 39.3658, 38.8768]], device='cuda:0'),
indices=tensor([[ 8375,   569,  8615,  4162,   807],
        [ 1191,  1429,  1192,  1190,   715],
        [ 2262,   358,  1779,  4836, 30088],
        [14573,  4810,  5288,  5050,  2005],
        [10811,  1955,  9374, 10093,  9379]], device='cuda:0'))
target.shape: torch.Size([63784])
topk target: torch.return_types.topk(
values=tensor([41.9688, 40.9425, 40.9376, 40.6710, 40.5343], device='cuda:0'),
indices=tensor([ 9696, 12790, 21630, 14218, 10647], device='cuda:0'))
titles: z_1000 (m²/s²), t=8 (24 h)
vmin: -2532.748046875, vmax: 2983.154052734375
topk samples: torch.return_types.topk(
values=tensor([[1858.2009, 1609.2227, 1314.0835, 1307.8287, 1285.3752],
        [2212.6782, 1879.5305, 1290.4977, 1252.5752, 1240.1482],
        [1322.0029, 1230.9517, 1228.5637, 1218.2048, 1201.0310],
        [2983.1541, 1817.8243, 1148.9193, 1146.9286, 1141.4855],
        [1741.1761, 1432.0085, 1319.0095, 1312.0894, 1309.1956]],
       device='cuda:0'),
indices=tensor([[26435, 18794,  6663,  6662,  6424],
        [51806, 50263,   206,   205,  1622],
        [ 5187,   217,   454,   455,   218],
        [44685, 12148,   224,  4038,  4037],
        [ 7510, 10811,   455,  7593,   457]], device='cuda:0'))
target.shape: torch.Size([63784])
topk target: torch.return_types.topk(
values=tensor([1729.1071, 1725.2946, 1724.2946, 1724.2008, 1723.8883],
       device='cuda:0'),
indices=tensor([20230, 19516, 24514, 24038, 24515], device='cuda:0'))
titles: z_500 (m²/s²), t=8 (24 h)
vmin: 45570.3984375, vmax: 61429.55078125
topk samples: torch.return_types.topk(
values=tensor([[58724.0391, 58411.2656, 57067.7891, 56759.5312, 56401.3086],
        [59152.9141, 58287.8047, 57406.9414, 57204.5664, 57181.7773],
        [57777.9492, 56801.3750, 56674.4766, 56559.5117, 56518.2930],
        [61429.5508, 57788.3359, 57482.4492, 56625.5078, 56326.6953],
        [60651.9570, 58129.1211, 57712.7031, 57505.1680, 57240.1289]],
       device='cuda:0'),
indices=tensor([[18794, 51189,  8615,  2995,  3316],
        [17874, 50263,  1405,  5855,  3488],
        [30088,  5187,  2331,   809,   422],
        [44685, 12148,  2311,  9593,  6900],
        [10811,   474, 45668,  7510,  8024]], device='cuda:0'))
target.shape: torch.Size([63784])
topk target: torch.return_types.topk(
values=tensor([56359.2148, 56359.2148, 56359.2148, 56359.0898, 56358.8398],
       device='cuda:0'),
indices=tensor([298, 297, 294, 290, 292], device='cuda:0'))
titles: pres_0g (Pa), t=9 (27 h)
vmin: 79007.6796875, vmax: 115632.296875
topk samples: torch.return_types.topk(
values=tensor([[109082.3438, 107435.6094, 106230.5234, 105644.4922, 104035.9141],
        [112170.9609, 109481.4375, 106507.6875, 105356.3438, 103163.1016],
        [106644.4375, 105397.4609, 103922.0938, 102791.3125, 102579.6641],
        [109506.9141, 104774.6484, 104619.3203, 104231.2734, 102756.8984],
        [115632.2969, 109088.5312, 106914.4375, 106179.3906, 106129.5234]],
       device='cuda:0'),
indices=tensor([[26435,  8615, 18794,  4145,  3457],
        [ 1847, 54188, 53048, 15250, 58257],
        [41942, 21263, 42839, 33142, 60024],
        [44685, 50296, 50885, 29451, 12148],
        [45804, 57710, 10811, 17905, 45668]], device='cuda:0'))
target.shape: torch.Size([63784])
topk target: torch.return_types.topk(
values=tensor([102236.0938, 102185.0938, 102184.5938, 102180.0938, 102178.5938],
       device='cuda:0'),
indices=tensor([18329, 20233, 23087, 21660, 20234], device='cuda:0'))
titles: pres_0s (Pa), t=9 (27 h)
vmin: 96585.1328125, vmax: 103605.6171875
topk samples: torch.return_types.topk(
values=tensor([[103133.4375, 102216.0156, 101669.0312, 101452.9141, 101369.1328],
        [103559.9922, 102667.0078, 102008.3828, 101513.1953, 101412.5547],
        [101297.0781, 101274.2031, 101263.1250, 101247.7344, 101245.7578],
        [103605.6172, 102031.0781, 101399.3125, 101246.7656, 101246.2656],
        [101978.9219, 101855.1719, 101848.0312, 101718.4375, 101604.9609]],
       device='cuda:0'),
indices=tensor([[18794,  3457,  8615, 26435,  6663],
        [51806, 17874, 50263,   206,   205],
        [42839,   454,  3806,  3807,  3331],
        [44685, 12148,  2311,  4044,  3569],
        [ 9238, 10811, 57710,  7510, 53425]], device='cuda:0'))
target.shape: torch.Size([63784])
topk target: torch.return_types.topk(
values=tensor([102193.7344, 102183.4844, 102182.7969, 102182.4844, 102182.3594],
       device='cuda:0'),
indices=tensor([19278, 19518, 19756, 19992, 19517], device='cuda:0'))
titles: nlwrs_0 (W/m²), t=9 (27 h)
vmin: -4465790.5, vmax: 742982.625
topk samples: torch.return_types.topk(
values=tensor([[419345.1562, 339631.3438, 303047.9375, 224782.1562, 224228.4062],
        [742982.6250, 369018.5312, 283943.2812, 275792.5938, 241949.1250],
        [260390.1562, 248056.3438, 222800.2812, 210066.3438, 205064.8125],
        [411894.9688, 301619.2812, 281249.7812, 253831.0000, 240431.5938],
        [318830.7188, 258890.9062, 255182.0000, 237806.5000, 216534.2812]],
       device='cuda:0'),
indices=tensor([[25114,  8375, 28149, 22434, 36525],
        [51806, 17874, 26485, 27015, 27676],
        [28893, 24335, 28913, 31391, 26013],
        [27669, 14573, 30451, 29139, 27431],
        [27204, 25307, 20326, 27192, 26482]], device='cuda:0'))
target.shape: torch.Size([63784])
topk target: torch.return_types.topk(
values=tensor([49266., 42354., 33650., 33394., 33138.], device='cuda:0'),
indices=tensor([44624, 44625, 42480, 25398, 24919], device='cuda:0'))
titles: nswrs_0 (W/m²), t=9 (27 h)
vmin: -1787079.75, vmax: 1965760.75
topk samples: torch.return_types.topk(
values=tensor([[1888073.7500, 1856009.0000, 1778849.2500, 1772674.5000, 1764675.2500],
        [1934207.5000, 1857261.0000, 1807987.7500, 1766654.0000, 1755427.2500],
        [1864046.0000, 1796124.2500, 1777320.0000, 1748212.5000, 1716043.0000],
        [1810617.5000, 1786535.7500, 1724010.2500, 1720407.5000, 1720121.2500],
        [1965760.7500, 1840218.0000, 1808440.5000, 1806976.2500, 1802266.5000]],
       device='cuda:0'),
indices=tensor([[22141, 23562, 21664, 21660, 21665],
        [25944, 27132, 22853, 26182, 27628],
        [23800, 24278, 24992, 24514, 21898],
        [21189, 20713, 25228, 25466, 27371],
        [  474, 29751, 25704, 25942, 30226]], device='cuda:0'))
target.shape: torch.Size([63784])
topk target: torch.return_types.topk(
values=tensor([1589867., 1581675., 1566827., 1563243., 1554539.], device='cuda:0'),
indices=tensor([63071, 63309, 62833, 63310, 63072], device='cuda:0'))
titles: r_2 (-), t=9 (27 h)
vmin: -0.49391645193099976, vmax: 1.2727609872817993
topk samples: torch.return_types.topk(
values=tensor([[1.1834, 1.1699, 1.1569, 1.1559, 1.1502],
        [1.2728, 1.2416, 1.2048, 1.1993, 1.1960],
        [1.2277, 1.2094, 1.1855, 1.1748, 1.1689],
        [1.1934, 1.1921, 1.1727, 1.1653, 1.1619],
        [1.2021, 1.1829, 1.1774, 1.1721, 1.1714]], device='cuda:0'),
indices=tensor([[28855, 55953, 14852, 26012, 31036],
        [15250, 53749, 17874, 24099, 28618],
        [23392, 24587, 20530, 23872, 24335],
        [ 9593, 28154, 27681, 27664, 27203],
        [ 3150, 25294, 28775, 24587, 25771]], device='cuda:0'))
target.shape: torch.Size([63784])
topk target: torch.return_types.topk(
values=tensor([1.0000, 1.0000, 1.0000, 1.0000, 1.0000], device='cuda:0'),
indices=tensor([1352, 1048, 2728, 4968, 4926], device='cuda:0'))
titles: r_65 (-), t=9 (27 h)
vmin: -0.31111979484558105, vmax: 1.3130667209625244
topk samples: torch.return_types.topk(
values=tensor([[1.2251, 1.2075, 1.1961, 1.1944, 1.1929],
        [1.2838, 1.2519, 1.2363, 1.2114, 1.2105],
        [1.3030, 1.2462, 1.2339, 1.2326, 1.2277],
        [1.2604, 1.2509, 1.2344, 1.2321, 1.2211],
        [1.3131, 1.2941, 1.2804, 1.2306, 1.2239]], device='cuda:0'),
indices=tensor([[28855, 26012, 27117, 31506, 55953],
        [28618, 26008, 24099, 33889, 27015],
        [23392, 24587, 20530, 30780, 24335],
        [57137, 28154, 14573, 27681, 28148],
        [57113, 25294, 27204, 25771, 24587]], device='cuda:0'))
target.shape: torch.Size([63784])
topk target: torch.return_types.topk(
values=tensor([1.0000, 1.0000, 1.0000, 1.0000, 1.0000], device='cuda:0'),
indices=tensor([ 6644,  5682,  8021, 21479,  8022], device='cuda:0'))
titles: t_2 (K), t=9 (27 h)
vmin: 253.331298828125, vmax: 309.7914123535156
topk samples: torch.return_types.topk(
values=tensor([[297.5555, 295.4559, 295.3210, 295.0884, 294.9593],
        [297.2544, 296.1443, 296.1049, 296.0876, 295.6297],
        [296.3537, 296.1787, 296.1687, 296.1493, 295.9626],
        [296.7456, 296.5070, 296.2335, 296.1667, 295.7581],
        [309.7914, 298.0368, 296.8134, 296.5656, 296.5586]], device='cuda:0'),
indices=tensor([[ 5615,  2995,   331,   569,  5087],
        [ 1847,  5855,   286,  7521,    48],
        [   86,   569,   570,    94,   334],
        [ 9593,   294,  5602,  5124,  7987],
        [  474, 10811,  7510,  5104,  3438]], device='cuda:0'))
target.shape: torch.Size([63784])
topk target: torch.return_types.topk(
values=tensor([293.7007, 293.6919, 293.6606, 293.6425, 293.6250], device='cuda:0'),
indices=tensor([2765,  830,  831,  828, 3704], device='cuda:0'))
titles: t_65 (K), t=9 (27 h)
vmin: 259.49981689453125, vmax: 307.21856689453125
topk samples: torch.return_types.topk(
values=tensor([[298.5993, 296.1041, 296.0809, 295.9760, 295.9728],
        [298.6005, 297.5956, 297.0926, 296.7468, 296.5471],
        [296.7909, 296.7309, 296.5297, 296.4643, 296.3831],
        [297.1258, 296.8248, 296.5723, 296.3706, 296.2253],
        [307.2186, 300.5672, 297.9395, 297.7510, 297.7147]], device='cuda:0'),
indices=tensor([[ 2995,  5087,  7985,  8223,   331],
        [ 1847,  7521,  5855,  3488,   286],
        [   86,   800,   324,  1039,    87],
        [ 5124,  5602,  2199,  7275,  7034],
        [  474, 10811,  5104,  3439,  3440]], device='cuda:0'))
target.shape: torch.Size([63784])
topk target: torch.return_types.topk(
values=tensor([294.3204, 294.1334, 293.8517, 293.8487, 293.8390], device='cuda:0'),
indices=tensor([3004, 4488, 2827, 2766, 2588], device='cuda:0'))
titles: t_500 (K), t=9 (27 h)
vmin: 230.0079345703125, vmax: 282.880615234375
topk samples: torch.return_types.topk(
values=tensor([[274.8394, 274.4747, 268.9875, 266.3870, 265.3875],
        [282.8806, 271.4667, 268.1307, 267.6162, 267.1396],
        [269.7628, 263.5117, 263.4931, 263.4287, 263.3954],
        [274.5215, 273.0180, 269.4524, 267.4435, 267.1680],
        [278.7149, 274.0862, 269.0093, 268.0685, 265.8983]], device='cuda:0'),
indices=tensor([[18794,  8615, 51189,  9932, 33307],
        [17874, 54188, 15250, 27015, 51806],
        [30088, 16912, 17152, 16914, 17151],
        [44685, 14573, 12148,  9593, 13616],
        [  474, 10811, 45668, 13807, 20737]], device='cuda:0'))
target.shape: torch.Size([63784])
topk target: torch.return_types.topk(
values=tensor([260.5466, 260.5427, 260.5354, 260.5285, 260.5266], device='cuda:0'),
indices=tensor([338, 339, 337, 340, 336], device='cuda:0'))
titles: t_850 (K), t=9 (27 h)
vmin: 247.0837860107422, vmax: 297.34332275390625
topk samples: torch.return_types.topk(
values=tensor([[289.4818, 287.7182, 286.7742, 286.7387, 286.6829],
        [295.4757, 290.8206, 289.2527, 289.1102, 289.0862],
        [292.1644, 288.6428, 288.2557, 288.2173, 288.2112],
        [291.4895, 290.9748, 289.6245, 289.1989, 288.5574],
        [297.3433, 296.7138, 288.8136, 287.5898, 287.5038]], device='cuda:0'),
indices=tensor([[ 2995, 51189,   331,    68,   568],
        [15250, 17874,  5855, 27015,   348],
        [30088,   341,  1055,  1056,   343],
        [44685,  9593, 14573,  2311, 13942],
        [10811,   474, 45668,  1063,  2487]], device='cuda:0'))
target.shape: torch.Size([63784])
topk target: torch.return_types.topk(
values=tensor([285.5482, 285.5316, 285.5252, 285.5228, 285.5091], device='cuda:0'),
indices=tensor([15220, 15933, 15457, 16171, 15459], device='cuda:0'))
titles: u_65 (m/s), t=9 (27 h)
vmin: -22.12615394592285, vmax: 16.718862533569336
topk samples: torch.return_types.topk(
values=tensor([[16.7189, 16.2538, 16.0564, 15.9129, 15.8860],
        [13.9556, 13.2750, 13.1020, 12.5717, 12.2427],
        [ 8.8545,  8.8275,  8.5702,  8.4278,  8.3649],
        [15.3745, 15.0792, 14.6813, 14.3569, 14.1086],
        [11.6073, 11.3123, 11.2494, 11.0873, 10.9525]], device='cuda:0'),
indices=tensor([[58038, 58753, 57808, 58991, 59228],
        [50467, 49758, 49761, 49754, 50465],
        [60435, 59960, 57347, 60437, 59009],
        [    4,   242,   477,     2, 59000],
        [43329, 43804, 45946, 43568, 41920]], device='cuda:0'))
target.shape: torch.Size([63784])
topk target: torch.return_types.topk(
values=tensor([16.4416, 16.1496, 16.0666, 16.0500, 15.9670], device='cuda:0'),
indices=tensor([46960, 49586, 46722, 49578, 48868], device='cuda:0'))
titles: u_850 (m/s), t=9 (27 h)
vmin: -36.013607025146484, vmax: 19.688987731933594
topk samples: torch.return_types.topk(
values=tensor([[13.9832, 13.5026, 13.3249, 13.3041, 13.0281],
        [ 8.9476,  8.3929,  8.2775,  8.1840,  8.0796],
        [ 7.6850,  7.5363,  7.4721,  7.0604,  7.0309],
        [11.4680, 10.9746, 10.9695, 10.6586, 10.5876],
        [10.4630,  9.9334,  9.8821,  8.4494,  8.1276]], device='cuda:0'),
indices=tensor([[57563, 57566, 58040, 57567, 58042],
        [49278, 60174, 60413, 49043, 60175],
        [58063, 58052, 58309, 58057, 57822],
        [  481,     4,   242,   243, 57811],
        [56391, 56641, 57118, 45231,   316]], device='cuda:0'))
target.shape: torch.Size([63784])
topk target: torch.return_types.topk(
values=tensor([19.6890, 18.8784, 18.8306, 18.7359, 18.7017], device='cuda:0'),
indices=tensor([46958, 47202, 46720, 23072, 46959], device='cuda:0'))
titles: v_65 (m/s), t=9 (27 h)
vmin: -26.970924377441406, vmax: 24.574848175048828
topk samples: torch.return_types.topk(
values=tensor([[17.9321, 17.5990, 16.7056, 16.6813, 16.5870],
        [24.5748, 16.8305, 16.3524, 16.2217, 16.1383],
        [17.0658, 16.3551, 16.1639, 16.0075, 15.9978],
        [17.1754, 16.4791, 15.9015, 15.8623, 15.8365],
        [24.4077, 18.8545, 17.3242, 16.9829, 16.7302]], device='cuda:0'),
indices=tensor([[62416, 63409, 59310, 59312, 61285],
        [47968, 63176, 63652, 55495, 53826],
        [60024, 44540, 44538, 42871, 63661],
        [63633, 62016, 34753, 34513, 60530],
        [  474, 57710, 60209, 63401, 61257]], device='cuda:0'))
target.shape: torch.Size([63784])
topk target: torch.return_types.topk(
values=tensor([11.2410, 11.1404, 10.6384, 10.4919,  9.6111], device='cuda:0'),
indices=tensor([49162, 49161, 51307, 50360, 49397], device='cuda:0'))
titles: v_850 (m/s), t=9 (27 h)
vmin: -36.65849304199219, vmax: 22.76318359375
topk samples: torch.return_types.topk(
values=tensor([[21.8055, 21.4205, 20.6151, 20.5700, 20.5330],
        [22.7632, 19.7476, 19.6152, 19.4980, 19.3980],
        [22.5000, 20.2824, 20.0312, 19.9119, 19.8951],
        [21.9980, 21.0596, 20.4168, 20.3700, 20.1556],
        [21.9368, 21.8138, 21.7872, 21.7752, 21.5254]], device='cuda:0'),
indices=tensor([[25114,  2995, 63183, 22975, 22023],
        [47968, 60505, 62225, 58353, 59083],
        [41285, 25701, 41049, 25224, 36049],
        [20848,  7480, 61772, 20849,  7475],
        [63168, 63405, 62927, 42481, 13403]], device='cuda:0'))
target.shape: torch.Size([63784])
topk target: torch.return_types.topk(
values=tensor([14.4765, 13.9706, 13.6777, 13.3466, 13.1845], device='cuda:0'),
indices=tensor([11848, 24973, 23785, 25212, 11610], device='cuda:0'))
titles: wvint_0 (kg/m²), t=9 (27 h)
vmin: 4.6158647537231445, vmax: 47.46772766113281
topk samples: torch.return_types.topk(
values=tensor([[41.5570, 39.5665, 39.4249, 39.0209, 38.9614],
        [38.4247, 38.1614, 37.9101, 37.8900, 37.7803],
        [37.1746, 37.1664, 36.8253, 36.6327, 36.5890],
        [47.4677, 39.7172, 38.9140, 36.8307, 36.5669],
        [45.8463, 37.8366, 37.6787, 37.5415, 37.4203]], device='cuda:0'),
indices=tensor([[ 2965,  8375,   111,   332,   570],
        [ 1191,  1429,  1430,  1192,  1432],
        [ 4836,   817,  6034,   592,  6272],
        [18361,   967, 14573,  4624,  6531],
        [10811,  9604, 11995, 12472, 12234]], device='cuda:0'))
target.shape: torch.Size([63784])
topk target: torch.return_types.topk(
values=tensor([38.8826, 38.7274, 38.7059, 38.6619, 38.1043], device='cuda:0'),
indices=tensor([21640, 24262, 22835, 14705, 21880], device='cuda:0'))
titles: z_1000 (m²/s²), t=9 (27 h)
vmin: -3090.53271484375, vmax: 2924.7373046875
topk samples: torch.return_types.topk(
values=tensor([[1971.2939, 1616.2666, 1340.2366, 1338.1954, 1318.3204],
        [2886.5269, 1772.6106, 1457.2954, 1403.6954, 1360.2513],
        [1307.0986, 1265.1689, 1239.7205, 1234.7407, 1223.1075],
        [2924.7373, 1484.5339, 1289.4761, 1289.1683, 1275.5117],
        [1706.2300, 1537.3511, 1441.2212, 1425.1592, 1396.8774]],
       device='cuda:0'),
indices=tensor([[26435, 18794,  6663,  6662,  6900],
        [51806, 50263,   206,   205,   200],
        [ 5187,   454,  3807,   217,   218],
        [44685, 12148,  4037,  4038,  3797],
        [ 7510, 10811,  1403,   455,   456]], device='cuda:0'))
target.shape: torch.Size([63784])
topk target: torch.return_types.topk(
values=tensor([1770.5543, 1764.7418, 1764.1168, 1763.3981, 1763.1481],
       device='cuda:0'),
indices=tensor([19516, 20232, 20470, 20708, 19994], device='cuda:0'))
titles: z_500 (m²/s²), t=9 (27 h)
vmin: 44918.75, vmax: 61490.06640625
topk samples: torch.return_types.topk(
values=tensor([[58817.5000, 58612.9805, 58400.6680, 56949.8320, 56785.1016],
        [59243.6992, 58005.7812, 57848.1797, 57700.4258, 57602.6562],
        [57495.6914, 56789.8398, 56672.5234, 56588.5586, 56564.1836],
        [61490.0664, 57562.8906, 57509.2695, 56372.0078, 56356.0820],
        [61072.5234, 58165.0586, 57756.2266, 57662.3242, 57380.1953]],
       device='cuda:0'),
indices=tensor([[18794, 51189,  2965,  8615,  2995],
        [17874, 50263, 51806,  7521,  1405],
        [30088,  5187,  2331,   809,   422],
        [44685, 12148,  2311,  4045,  5843],
        [10811,   474,  8024, 45668,  7510]], device='cuda:0'))
target.shape: torch.Size([63784])
topk target: torch.return_types.topk(
values=tensor([56354.9375, 56354.5625, 56354.4375, 56354.1875, 56353.9375],
       device='cuda:0'),
indices=tensor([268, 269, 267, 265, 264], device='cuda:0'))
titles: pres_0g (Pa), t=10 (30 h)
vmin: 78749.265625, vmax: 115314.734375
topk samples: torch.return_types.topk(
values=tensor([[108806.6641, 107241.7109, 106088.4531, 105571.7031, 103984.9219],
        [112068.4766, 109515.9531, 106269.4922, 105286.5938, 103035.8672],
        [106412.1406, 105201.1562, 103710.7109, 102512.2656, 102504.1562],
        [109342.9531, 104581.9531, 104472.5938, 104457.8047, 103040.3438],
        [115314.7344, 109848.2578, 108868.5625, 106879.4375, 106038.8828]],
       device='cuda:0'),
indices=tensor([[26435,  8615, 18794,  4145,  3457],
        [ 1847, 54188, 53048, 15250, 58257],
        [41942, 21263, 42839, 60024, 33142],
        [44685, 50296, 29451, 50885, 52031],
        [45804, 63109, 57710, 10811, 45668]], device='cuda:0'))
target.shape: torch.Size([63784])
topk target: torch.return_types.topk(
values=tensor([102270.2500, 102213.7500, 102212.2500, 102209.7500, 102209.7500],
       device='cuda:0'),
indices=tensor([18329, 23087, 24044, 23092, 21182], device='cuda:0'))
titles: pres_0s (Pa), t=10 (30 h)
vmin: 96105.3125, vmax: 103687.75
topk samples: torch.return_types.topk(
values=tensor([[102908.6094, 102067.7734, 101654.2422, 101350.5156, 101324.7188],
        [103687.7500, 102418.0156, 101803.6875, 101497.2578, 101409.8984],
        [101234.9062, 101213.7969, 101205.5469, 101205.2109, 101200.1484],
        [103429.4375, 101749.9609, 101382.4375, 101234.2031, 101227.1484],
        [102070.9531, 101831.3281, 101794.9062, 101628.1172, 101529.7734]],
       device='cuda:0'),
indices=tensor([[18794,  3457,  2596,  8615,  6663],
        [51806, 17874, 50263,   206,   200],
        [  454,  2855,  3806,  3807,   218],
        [44685, 12148,  2311,  3569,  3806],
        [63109, 10811,  9238,  7510, 57710]], device='cuda:0'))
target.shape: torch.Size([63784])
topk target: torch.return_types.topk(
values=tensor([102258.6953, 102253.1953, 102252.3828, 102251.3828, 102244.1328],
       device='cuda:0'),
indices=tensor([19278, 18802, 19040, 18564, 18326], device='cuda:0'))
titles: nlwrs_0 (W/m²), t=10 (30 h)
vmin: -4033814.5, vmax: 584234.625
topk samples: torch.return_types.topk(
values=tensor([[332432.5938, 315723.9375, 258913.4062, 250002.2812, 248344.3438],
        [584234.6250, 437033.0938, 254701.9375, 246793.5625, 239659.5000],
        [338150.5938, 294117.3125, 264946.8438, 246063.6562, 237847.9688],
        [335501.7188, 278297.2500, 268793.1250, 247349.5625, 230597.7188],
        [345076.6875, 318595.0938, 318266.5938, 304240.1875, 298570.0312]],
       device='cuda:0'),
indices=tensor([[28149, 25287, 51189, 27681, 31276],
        [51806, 17874, 28144, 29350, 31891],
        [28205, 26487, 21490, 28148, 19844],
        [62809, 31871, 28148, 12148, 24108],
        [23860, 57113, 20053, 27204, 30782]], device='cuda:0'))
target.shape: torch.Size([63784])
topk target: torch.return_types.topk(
values=tensor([56401., 45393., 40529., 38737., 33105.], device='cuda:0'),
indices=tensor([24919, 24679, 24680, 28618, 24678], device='cuda:0'))
titles: nswrs_0 (W/m²), t=10 (30 h)
vmin: -2391989.25, vmax: 1603656.75
topk samples: torch.return_types.topk(
values=tensor([[1207150.5000,  698484.6250,  624291.3750,  582050.2500,  568098.6250],
        [ 851498.7500,  757421.8125,  727906.2500,  589965.0000,  490711.2500],
        [ 816034.6250,  762049.1250,  715010.8125,  689036.1250,  576402.5625],
        [ 719012.2500,  501352.4375,  495284.0625,  473946.5000,  468549.5938],
        [1603656.7500,  740849.3125,  646740.9375,  637684.8750,  623674.7500]],
       device='cuda:0'),
indices=tensor([[27308,  8926,  6004, 28215,  3963],
        [55812, 37693, 51168,  1847, 13367],
        [58651, 16296,  7292, 29013, 25936],
        [52031,  8992, 12846, 18361, 44066],
        [  474, 42149, 57113, 37986, 28294]], device='cuda:0'))
target.shape: torch.Size([63784])
topk target: torch.return_types.topk(
values=tensor([76288., 74240., 73728., 72704., 71680.], device='cuda:0'),
indices=tensor([63309, 63071, 63310, 62833, 63072], device='cuda:0'))
titles: r_2 (-), t=10 (30 h)
vmin: -0.31368154287338257, vmax: 1.2294349670410156
topk samples: torch.return_types.topk(
values=tensor([[1.2151, 1.1878, 1.1875, 1.1745, 1.1722],
        [1.2267, 1.1942, 1.1831, 1.1803, 1.1794],
        [1.1672, 1.1504, 1.1499, 1.1425, 1.1422],
        [1.2294, 1.2049, 1.1811, 1.1803, 1.1795],
        [1.1888, 1.1775, 1.1721, 1.1681, 1.1576]], device='cuda:0'),
indices=tensor([[28154, 29588, 27308, 51189, 12402],
        [17874, 21960, 28392, 23632, 34117],
        [24335, 28148, 23159, 29587, 24112],
        [27441, 27440, 27674, 28148, 28157],
        [26014, 20433, 24340, 24591,   148]], device='cuda:0'))
target.shape: torch.Size([63784])
topk target: torch.return_types.topk(
values=tensor([1.0000, 1.0000, 1.0000, 1.0000, 1.0000], device='cuda:0'),
indices=tensor([1355,  818, 3036, 3979, 3275], device='cuda:0'))
titles: r_65 (-), t=10 (30 h)
vmin: -0.212263822555542, vmax: 1.2972214221954346
topk samples: torch.return_types.topk(
values=tensor([[1.2612, 1.2502, 1.2390, 1.2345, 1.2335],
        [1.2607, 1.2339, 1.2113, 1.2111, 1.2084],
        [1.2341, 1.2029, 1.1996, 1.1961, 1.1939],
        [1.2972, 1.2888, 1.2632, 1.2515, 1.2492],
        [1.2271, 1.2163, 1.2133, 1.2079, 1.2035]], device='cuda:0'),
indices=tensor([[28154, 51189, 27681, 27918, 28392],
        [28392, 23632, 26258, 21960, 25766],
        [24335, 28156,   821, 23392, 27440],
        [28148, 27441, 28637, 14573, 27440],
        [26014, 24591, 55953, 25294, 57113]], device='cuda:0'))
target.shape: torch.Size([63784])
topk target: torch.return_types.topk(
values=tensor([1.0000, 1.0000, 1.0000, 1.0000, 1.0000], device='cuda:0'),
indices=tensor([5682, 1355, 7316, 7792, 7554], device='cuda:0'))
titles: t_2 (K), t=10 (30 h)
vmin: 255.98916625976562, vmax: 310.13262939453125
topk samples: torch.return_types.topk(
values=tensor([[295.1465, 294.2392, 294.1258, 294.0068, 293.8348],
        [296.0701, 294.5741, 293.9437, 293.8825, 293.8262],
        [294.6981, 294.6593, 294.5474, 294.4554, 294.3533],
        [296.1078, 295.5125, 295.1518, 295.1372, 295.0957],
        [310.1326, 301.0421, 295.2721, 295.1358, 294.9675]], device='cuda:0'),
indices=tensor([[  357,  5615,  2976,  3213,  8222],
        [ 7521,  1847,   103,  7748,  1927],
        [  570,    93,   569,   334,   331],
        [ 9593,  7513,  7987,   294,  7988],
        [  474, 10811,  1305,  4626,   104]], device='cuda:0'))
target.shape: torch.Size([63784])
topk target: torch.return_types.topk(
values=tensor([292.4323, 292.3786, 292.2448, 292.2404, 292.1730], device='cuda:0'),
indices=tensor([3305, 3065, 3066, 3706, 3189], device='cuda:0'))
titles: t_65 (K), t=10 (30 h)
vmin: 258.32342529296875, vmax: 308.0007629394531
topk samples: torch.return_types.topk(
values=tensor([[295.9800, 295.8144, 295.7850, 295.6080, 295.4588],
        [296.2797, 295.9498, 295.8506, 295.1912, 294.6004],
        [295.5873, 295.4003, 295.0139, 294.9365, 294.8152],
        [296.2121, 295.7098, 295.6673, 295.6212, 295.4647],
        [308.0008, 302.2986, 296.4115, 296.3308, 296.1901]], device='cuda:0'),
indices=tensor([[ 2965,  2995,  2596,  8223,   357],
        [ 7521,  1847,  1405,  3068,  8223],
        [ 5187,   335,   331,    93,   569],
        [ 7513,  7987,  7988,  7749,  7510],
        [  474, 10811,  1305,  3440,  4148]], device='cuda:0'))
target.shape: torch.Size([63784])
topk target: torch.return_types.topk(
values=tensor([292.7610, 292.7487, 292.6921, 292.5066, 292.4807], device='cuda:0'),
indices=tensor([3304, 3066, 3305, 3065, 2828], device='cuda:0'))
titles: t_500 (K), t=10 (30 h)
vmin: 228.6119384765625, vmax: 283.3714599609375
topk samples: torch.return_types.topk(
values=tensor([[273.9294, 273.6981, 271.5392, 269.9279, 267.3427],
        [283.3715, 273.9526, 270.6709, 269.1450, 266.7545],
        [269.2394, 263.6171, 263.4710, 263.4297, 263.3242],
        [276.5485, 273.5518, 269.0116, 267.1166, 266.4875],
        [277.8071, 276.7706, 271.6004, 268.9831, 268.2252]], device='cuda:0'),
indices=tensor([[18794,  8615, 51189,  2965,  2596],
        [17874, 54188, 51806,  7521, 50263],
        [30088, 14290, 16914, 11665, 16915],
        [44685, 14573, 12148, 13616,  9593],
        [  474, 10811, 13807, 45668, 20737]], device='cuda:0'))
target.shape: torch.Size([63784])
topk target: torch.return_types.topk(
values=tensor([260.9308, 260.9216, 260.9147, 260.9142, 260.9064], device='cuda:0'),
indices=tensor([23086, 23325, 23087, 23324, 23563], device='cuda:0'))
titles: t_850 (K), t=10 (30 h)
vmin: 245.01287841796875, vmax: 298.4258728027344
topk samples: torch.return_types.topk(
values=tensor([[292.2697, 290.8730, 290.8722, 287.1176, 286.9747],
        [293.3353, 289.3480, 288.8032, 288.7518, 288.6226],
        [291.6513, 289.0327, 288.8879, 288.7774, 288.7378],
        [291.0195, 290.5370, 290.4854, 289.5593, 288.2841],
        [298.4259, 294.7908, 289.7297, 288.9885, 286.8541]], device='cuda:0'),
indices=tensor([[ 2965, 51189,  2995,  4137,   551],
        [17874,  7521,   102,   108,   101],
        [30088,   341,   579,   580,   343],
        [44685,  9593, 14573,  2311,  8202],
        [10811,   474, 45668,  8024,   324]], device='cuda:0'))
target.shape: torch.Size([63784])
topk target: torch.return_types.topk(
values=tensor([285.3127, 285.2614, 285.2097, 285.2072, 285.2072], device='cuda:0'),
indices=tensor([17607, 17369, 17130, 17845, 17131], device='cuda:0'))
titles: u_65 (m/s), t=10 (30 h)
vmin: -26.289337158203125, vmax: 19.581756591796875
topk samples: torch.return_types.topk(
values=tensor([[19.5818, 16.7306, 16.1250, 15.8559, 15.7976],
        [14.4527, 13.0774, 12.7164, 12.4121, 12.3872],
        [ 8.5458,  8.2815,  8.1322,  8.1314,  8.0593],
        [13.8970, 13.5977, 12.8122, 12.5602, 12.4325],
        [11.5364, 10.3649, 10.3633, 10.1874, 10.1647]], device='cuda:0'),
indices=tensor([[59936, 58991, 59697, 59466, 59460],
        [50467, 50705, 50233, 50472, 32428],
        [58054, 63765, 58298, 63742, 62576],
        [  477,   241,   715,     2,   480],
        [44043, 44042, 43329, 44280, 12868]], device='cuda:0'))
target.shape: torch.Size([63784])
topk target: torch.return_types.topk(
values=tensor([17.2593, 16.7905, 16.6723, 15.9780, 15.7641], device='cuda:0'),
indices=tensor([47439, 46265, 47677, 47201, 45780], device='cuda:0'))
titles: u_850 (m/s), t=10 (30 h)
vmin: -55.24082946777344, vmax: 20.746456146240234
topk samples: torch.return_types.topk(
values=tensor([[12.4819, 12.4729, 12.2846, 11.9762, 11.4921],
        [ 9.2613,  7.5364,  7.4830,  7.2763,  7.2194],
        [ 7.0560,  6.4563,  6.0599,  5.8426,  5.6339],
        [14.8514, 13.7012, 13.4480, 13.3808, 13.0175],
        [12.1413,  9.0447,  8.9128,  8.2041,  8.1731]], device='cuda:0'),
indices=tensor([[59937, 59458, 58515, 58043, 59699],
        [59471, 32901, 50476, 31952, 31950],
        [58052, 59975, 57339, 58995, 57578],
        [  242,   481,   243,     4,  1668],
        [56391, 56629, 56867, 55916, 56866]], device='cuda:0'))
target.shape: torch.Size([63784])
topk target: torch.return_types.topk(
values=tensor([20.7465, 20.0023, 19.6761, 19.6420, 19.5404], device='cuda:0'),
indices=tensor([46014, 47437, 47199, 46962, 47200], device='cuda:0'))
titles: v_65 (m/s), t=10 (30 h)
vmin: -28.25164222717285, vmax: 24.276214599609375
topk samples: torch.return_types.topk(
values=tensor([[15.7528, 15.7362, 15.6475, 15.5177, 15.4977],
        [24.2762, 21.1333, 17.9843, 16.8162, 15.9918],
        [16.5638, 16.0060, 15.9138, 15.6603, 15.4944],
        [18.6700, 18.1236, 17.4046, 17.0115, 16.9708],
        [23.5357, 17.6387, 16.2588, 16.1001, 15.7268]], device='cuda:0'),
indices=tensor([[61285, 60026, 51435, 61756, 60997],
        [59365, 51168, 55009, 53586, 60270],
        [63421, 55492, 44540, 63661, 55267],
        [63173, 24651, 36423, 36425, 35469],
        [  474, 57710, 61973, 60927, 60548]], device='cuda:0'))
target.shape: torch.Size([63784])
topk target: torch.return_types.topk(
values=tensor([12.9160, 11.5078, 10.6650, 10.4472, 10.2412], device='cuda:0'),
indices=tensor([51544, 51307, 49162, 53698, 53461], device='cuda:0'))
titles: v_850 (m/s), t=10 (30 h)
vmin: -37.980224609375, vmax: 25.137147903442383
topk samples: torch.return_types.topk(
values=tensor([[24.1650, 22.5767, 22.0830, 21.5609, 21.0959],
        [22.6660, 22.1663, 21.7884, 21.7593, 21.7487],
        [23.4347, 23.0098, 22.3730, 22.3241, 22.0002],
        [25.1371, 24.6473, 22.6697, 22.5011, 22.5010],
        [22.9782, 22.7434, 22.1608, 21.6028, 21.4775]], device='cuda:0'),
indices=tensor([[25114,  2596, 32009, 25370, 31527],
        [18209, 21548, 37693, 18686, 24393],
        [41285, 40809, 30088, 32948, 41757],
        [21556, 12475, 24654, 12237, 20853],
        [10811,  7763, 31177, 31176, 63406]], device='cuda:0'))
target.shape: torch.Size([63784])
topk target: torch.return_types.topk(
values=tensor([13.4953, 13.3703, 13.3527, 13.3449, 13.1857], device='cuda:0'),
indices=tensor([13523, 16616, 16855, 13761, 26653], device='cuda:0'))
titles: wvint_0 (kg/m²), t=10 (30 h)
vmin: 2.9864425659179688, vmax: 46.456207275390625
topk samples: torch.return_types.topk(
values=tensor([[42.4822, 38.9687, 38.8790, 38.1287, 38.0694],
        [40.0215, 39.4855, 39.1135, 39.0471, 38.9016],
        [37.6729, 37.4773, 37.4356, 37.3177, 37.2113],
        [38.8488, 38.4442, 38.2754, 38.0116, 37.8522],
        [46.4562, 36.5799, 35.7758, 35.4340, 35.3837]], device='cuda:0'),
indices=tensor([[ 2965,  4145,   569,  7228,  7466],
        [  564,  2860,   568,   817,   570],
        [ 1301,   828,  1061,  1066,  1780],
        [ 5577,  5103,  5102,  7707,  5341],
        [10811,  7715,  7718,  8665,  8426]], device='cuda:0'))
target.shape: torch.Size([63784])
topk target: torch.return_types.topk(
values=tensor([38.7745, 37.4816, 37.3487, 37.2560, 36.6271], device='cuda:0'),
indices=tensor([18048, 21381, 17811, 17810,  8448], device='cuda:0'))
titles: z_1000 (m²/s²), t=10 (30 h)
vmin: -3342.50927734375, vmax: 2984.95703125
topk samples: torch.return_types.topk(
values=tensor([[1743.1764, 1625.3539, 1536.2859, 1293.2410, 1290.4812],
        [2984.9570, 1622.5283, 1451.9685, 1398.1509, 1388.8796],
        [1224.2612, 1215.8809, 1202.9263, 1191.6217, 1178.5840],
        [2780.6699, 1268.4585, 1264.1862, 1260.7841, 1257.2737],
        [1648.7996, 1517.1074, 1455.5972, 1443.1033, 1413.7695]],
       device='cuda:0'),
indices=tensor([[26435,  2596, 18794,  6663,  6662],
        [51806, 50263,   206,   205,  1393],
        [  454,  5187,  3807,   218,   217],
        [44685,  4037,  4038,   222,  1893],
        [ 7510, 10811,  1403,   455,   456]], device='cuda:0'))
target.shape: torch.Size([63784])
topk target: torch.return_types.topk(
values=tensor([1793.9846, 1788.1409, 1786.3596, 1784.4534, 1781.9534],
       device='cuda:0'),
indices=tensor([19516, 19040, 18802, 20230, 18564], device='cuda:0'))
titles: z_500 (m²/s²), t=10 (30 h)
vmin: 44407.6171875, vmax: 61420.91796875
topk samples: torch.return_types.topk(
values=tensor([[59086.6992, 58733.8555, 58396.0898, 56787.4883, 56768.6992],
        [58996.3438, 58543.8945, 58112.0156, 57729.0938, 57713.8516],
        [57200.3789, 56707.4922, 56565.8086, 56496.0352, 56478.1055],
        [61420.9180, 57490.8242, 57303.6172, 56428.6914, 56421.1094],
        [61051.9062, 58038.1328, 57887.6250, 57503.2031, 57282.0312]],
       device='cuda:0'),
indices=tensor([[ 2965, 18794, 51189,  8615,  2995],
        [17874, 51806,  7521,  1405, 50263],
        [30088,  5187,  2331,   422,  1139],
        [44685,  2311, 12148,  4045,  3090],
        [10811,   474,  8024, 45668,  7510]], device='cuda:0'))
target.shape: torch.Size([63784])
topk target: torch.return_types.topk(
values=tensor([56377.0977, 56376.4727, 56375.5977, 56375.4727, 56375.0977],
       device='cuda:0'),
indices=tensor([265, 264, 262, 263, 261], device='cuda:0'))
titles: pres_0g (Pa), t=11 (33 h)
vmin: 78508.515625, vmax: 114882.8203125
topk samples: torch.return_types.topk(
values=tensor([[108374.7031, 107065.3906, 105916.6094, 105522.7344, 103913.9453],
        [112097.9531, 109382.3594, 106018.4062, 104935.7578, 103768.6016],
        [106120.1328, 104980.9375, 103450.7578, 103257.8359, 102354.6484],
        [109103.6562, 104378.8203, 104358.6797, 104258.7969, 102986.8750],
        [114882.8203, 109888.3750, 108588.6094, 106750.5938, 105911.6875]],
       device='cuda:0'),
indices=tensor([[26435,  8615, 18794,  4145,  3457],
        [ 1847, 54188, 53048, 15250, 56070],
        [41942, 21263, 42839, 56792, 60024],
        [44685, 50296, 29451, 50885, 62809],
        [45804, 63109, 57710, 10811, 45668]], device='cuda:0'))
target.shape: torch.Size([63784])
topk target: torch.return_types.topk(
values=tensor([102219.2578, 102153.2578, 102147.7578, 102142.7578, 102136.7578],
       device='cuda:0'),
indices=tensor([18329, 19045, 17853, 18568, 19046], device='cuda:0'))
titles: pres_0s (Pa), t=11 (33 h)
vmin: 95779.203125, vmax: 103604.796875
topk samples: torch.return_types.topk(
values=tensor([[102666.1562, 101918.7188, 101422.0234, 101266.7500, 101262.2578],
        [103604.7969, 102104.0469, 101499.6797, 101458.3438, 101354.2656],
        [101160.6328, 101113.1953, 101107.3516, 101104.9141, 101102.0469],
        [103211.7812, 101448.7188, 101322.4375, 101190.3047, 101185.7734],
        [102058.1328, 101682.9297, 101595.6797, 101460.5078, 101447.9141]],
       device='cuda:0'),
indices=tensor([[18794,  3457,  2596,  6424,  6663],
        [51806, 17874, 50263,   206,   205],
        [  234,  2855,   474,  3807,  3806],
        [44685, 12148,  2311,  4044,  3569],
        [63109, 10811,  9238,  7510,   214]], device='cuda:0'))
target.shape: torch.Size([63784])
topk target: torch.return_types.topk(
values=tensor([102201.8984, 102197.3359, 102197.1484, 102194.6484, 102187.1484],
       device='cuda:0'),
indices=tensor([19278, 19040, 18802, 18564, 18326], device='cuda:0'))
titles: nlwrs_0 (W/m²), t=11 (33 h)
vmin: -3904223.5, vmax: 438806.84375
topk samples: torch.return_types.topk(
values=tensor([[331565.0312, 248972.2188, 234779.8438, 225759.8125, 209795.6562],
        [438806.8438, 347309.3438, 232221.0312, 230010.0625, 226623.8125],
        [391880.7812, 312280.7188, 279369.8438, 244171.7500, 241368.7188],
        [303214.7500, 288588.8125, 252058.5000, 246006.8438, 209235.7188],
        [346419.4062, 327312.7188, 278559.1250, 250968.8125, 234079.9062]],
       device='cuda:0'),
indices=tensor([[51189, 38182, 22675, 23623, 23861],
        [17874, 30556, 27002,  7384, 22199],
        [28205, 27440, 21490, 21721, 27921],
        [24103, 62809, 28154, 12148, 23147],
        [35138, 57113, 23860, 23865, 28065]], device='cuda:0'))
target.shape: torch.Size([63784])
topk target: torch.return_types.topk(
values=tensor([80788.0156, 69268.0000, 67220.0000, 64660.0000, 58004.0000],
       device='cuda:0'),
indices=tensor([42995, 43473, 43472, 43233, 44437], device='cuda:0'))
titles: nswrs_0 (W/m²), t=11 (33 h)
vmin: -2246125.75, vmax: 1432182.25
topk samples: torch.return_types.topk(
values=tensor([[ 699491.2500,  661393.5000,  529499.9375,  419848.8125,  414819.9062],
        [1066703.6250,  870457.9375,  586769.8750,  570686.0000,  533158.0000],
        [1009042.6875,  559301.6875,  536021.1875,  499515.8750,  444471.2188],
        [ 590276.8750,  579609.3750,  566374.5625,  531582.3750,  526333.7500],
        [1432182.2500,  746210.3125,  635293.0000,  546367.6250,  480712.2188]],
       device='cuda:0'),
indices=tensor([[58965,  2965, 18794, 11702, 47858],
        [56070, 12781, 41194, 20956, 52414],
        [46798, 22012, 20564,  8759, 42236],
        [60817, 52187, 16044,  9107, 27672],
        [  474, 63109, 19757, 50049, 32331]], device='cuda:0'))
target.shape: torch.Size([63784])
topk target: torch.return_types.topk(
values=tensor([0., 0., 0., 0., 0.], device='cuda:0'),
indices=tensor([1, 0, 2, 4, 3], device='cuda:0'))
titles: r_2 (-), t=11 (33 h)
vmin: -0.05225014686584473, vmax: 1.358262062072754
topk samples: torch.return_types.topk(
values=tensor([[1.1725, 1.1698, 1.1517, 1.1430, 1.1400],
        [1.3583, 1.2305, 1.2004, 1.1760, 1.1757],
        [1.1664, 1.1603, 1.1424, 1.1350, 1.1298],
        [1.1522, 1.1390, 1.1349, 1.1323, 1.1308],
        [1.1649, 1.1426, 1.1387, 1.1330, 1.1319]], device='cuda:0'),
indices=tensor([[27308, 33508, 51189, 29100, 30309],
        [21722, 28388, 17874, 27918,  1990],
        [27476, 29898, 23624,  4313,    61],
        [28157, 28400, 13616, 27681, 24121],
        [21971, 31040,  4288, 21123, 33896]], device='cuda:0'))
target.shape: torch.Size([63784])
topk target: torch.return_types.topk(
values=tensor([1.0000, 1.0000, 1.0000, 1.0000, 1.0000], device='cuda:0'),
indices=tensor([ 59,  11, 161, 168, 167], device='cuda:0'))
titles: r_65 (-), t=11 (33 h)
vmin: -0.015920639038085938, vmax: 1.4375104904174805
topk samples: torch.return_types.topk(
values=tensor([[1.2178, 1.2121, 1.2094, 1.1818, 1.1767],
        [1.4375, 1.2496, 1.2383, 1.2379, 1.2301],
        [1.2191, 1.2091, 1.2012, 1.1988, 1.1837],
        [1.2231, 1.2205, 1.2033, 1.2017, 1.1993],
        [1.1919, 1.1806, 1.1735, 1.1699, 1.1626]], device='cuda:0'),
indices=tensor([[51189, 28392, 27918, 29100, 26257],
        [21722, 29821,  1990, 28388, 27918],
        [26122, 23624, 30780, 27476, 26246],
        [14573, 22432, 13616,  1504, 27681],
        [21123, 57113, 24591, 20737, 24335]], device='cuda:0'))
target.shape: torch.Size([63784])
topk target: torch.return_types.topk(
values=tensor([1.0000, 1.0000, 1.0000, 1.0000, 1.0000], device='cuda:0'),
indices=tensor([ 733,  732, 4116, 4450, 4117], device='cuda:0'))
titles: t_2 (K), t=11 (33 h)
vmin: 256.24249267578125, vmax: 306.8408203125
topk samples: torch.return_types.topk(
values=tensor([[295.9524, 293.5391, 293.3705, 293.0426, 293.0193],
        [294.3342, 294.3245, 294.1249, 294.0920, 294.0033],
        [294.4333, 293.4713, 293.3830, 293.3414, 293.3329],
        [295.9619, 293.9813, 293.8287, 293.7817, 293.4809],
        [306.8408, 301.3419, 294.2867, 294.2432, 294.0569]], device='cuda:0'),
indices=tensor([[ 2965,  4145,  4350,  3876,    92],
        [  346,   340,   343,   816,   336],
        [ 4612,  5187,   570,   565,   331],
        [ 9593,  5124,  5599,   516,  5838],
        [  474, 10811,   336,  3199,  2011]], device='cuda:0'))
target.shape: torch.Size([63784])
topk target: torch.return_types.topk(
values=tensor([291.4627, 291.3645, 291.3382, 291.3333, 291.3333], device='cuda:0'),
indices=tensor([ 2246, 10602, 11323, 11322, 10126], device='cuda:0'))
titles: t_65 (K), t=11 (33 h)
vmin: 256.5823059082031, vmax: 304.5096740722656
topk samples: torch.return_types.topk(
values=tensor([[297.5985, 294.7832, 294.2094, 293.9288, 293.7751],
        [294.6887, 294.5256, 294.5203, 294.2207, 294.1949],
        [294.6266, 293.8767, 293.7138, 293.6666, 293.6665],
        [295.5253, 295.1775, 294.9397, 294.7812, 294.6644],
        [304.5097, 302.7540, 295.3075, 295.1579, 295.1524]], device='cuda:0'),
indices=tensor([[ 2965,  2995,  4145,  6266,  5123],
        [  346,   340,   580,  7748,   336],
        [ 5187,  5370,   331,  4836,  2237],
        [ 5602,  5601,  5124,  5599,  5604],
        [  474, 10811,  4148,  5103,  3437]], device='cuda:0'))
target.shape: torch.Size([63784])
topk target: torch.return_types.topk(
values=tensor([291.6003, 291.3254, 291.3141, 291.2917, 291.2829], device='cuda:0'),
indices=tensor([ 2246, 10602,  2576, 11323, 11322], device='cuda:0'))
titles: t_500 (K), t=11 (33 h)
vmin: 227.79383850097656, vmax: 283.3406982421875
topk samples: torch.return_types.topk(
values=tensor([[273.0995, 272.8076, 272.0107, 271.8341, 267.0751],
        [283.3407, 275.5513, 271.6242, 270.7950, 266.3751],
        [267.8407, 267.3943, 263.4269, 263.3439, 263.3279],
        [277.5862, 272.0434, 268.7467, 266.0626, 266.0006],
        [277.0363, 275.7934, 272.4431, 269.3345, 267.8808]], device='cuda:0'),
indices=tensor([[18794,  2965,  8615, 51189,  2596],
        [17874, 54188, 51806,  7521,  1405],
        [12621, 30088, 14980, 17865, 15454],
        [44685, 14573, 12148, 13616,  9593],
        [10811,   474, 13807, 45668, 20737]], device='cuda:0'))
target.shape: torch.Size([63784])
topk target: torch.return_types.topk(
values=tensor([261.7241, 261.7236, 261.7046, 261.6836, 261.6621], device='cuda:0'),
indices=tensor([21658, 21896, 21420, 21182, 20944], device='cuda:0'))
titles: t_850 (K), t=11 (33 h)
vmin: 241.7096710205078, vmax: 300.50830078125
topk samples: torch.return_types.topk(
values=tensor([[296.5011, 291.2733, 290.5447, 287.6261, 287.1826],
        [291.9395, 291.5094, 289.5880, 289.4433, 289.4050],
        [290.5146, 288.9117, 288.8725, 288.8629, 288.8508],
        [291.2528, 290.3977, 290.1991, 288.8694, 287.1603],
        [300.5083, 295.6635, 289.7993, 287.7381, 286.4301]], device='cuda:0'),
indices=tensor([[ 2965, 51189,  2995,  1976,  8375],
        [17874,  7521,   339,   340,   101],
        [30088,   583,   343,  1062,   823],
        [44685, 14573,  9593,  2311,  8202],
        [10811,   474, 45668,  8024,   287]], device='cuda:0'))
target.shape: torch.Size([63784])
topk target: torch.return_types.topk(
values=tensor([284.6835, 284.6596, 284.6293, 284.6142, 284.5961], device='cuda:0'),
indices=tensor([19035, 17844, 19036, 17606, 16651], device='cuda:0'))
titles: u_65 (m/s), t=11 (33 h)
vmin: -22.861112594604492, vmax: 18.381622314453125
topk samples: torch.return_types.topk(
values=tensor([[18.3816, 17.6705, 16.9521, 16.9408, 16.7844],
        [14.6620, 13.9289, 13.4613, 12.9974, 12.9318],
        [ 6.7153,  6.6445,  6.5897,  6.5877,  6.5848],
        [12.7574, 12.4723, 11.6115, 11.3614, 11.2897],
        [10.2387, 10.0996,  9.9609,  9.6897,  9.5941]], device='cuda:0'),
indices=tensor([[59698, 59936, 59939, 59699, 59703],
        [49269, 49745, 63731, 50233, 49758],
        [59000, 58054, 61603, 58297, 62576],
        [  480,     2,   477,   715,   241],
        [45706, 45230, 45468,   716,     0]], device='cuda:0'))
target.shape: torch.Size([63784])
topk target: torch.return_types.topk(
values=tensor([15.9654, 15.4136, 15.1128, 15.0308, 14.9995], device='cuda:0'),
indices=tensor([42720, 46251, 45063, 43178, 44118], device='cuda:0'))
titles: u_850 (m/s), t=11 (33 h)
vmin: -47.290855407714844, vmax: 18.722442626953125
topk samples: torch.return_types.topk(
values=tensor([[14.3662, 13.2301, 13.2133, 13.0534, 12.8387],
        [ 8.0347,  7.5871,  7.1619,  6.9216,  6.8063],
        [ 6.4378,  6.3189,  5.8098,  5.6931,  5.5181],
        [14.0365, 13.0288, 12.8618, 12.3747, 12.2475],
        [ 9.2327,  8.8298,  8.6175,  8.0548,  8.0313]], device='cuda:0'),
indices=tensor([[59698, 59703, 59937, 58510, 58508],
        [49037, 48557, 49278, 49272, 49032],
        [57804, 58052, 63738, 58757,  2202],
        [ 1668,  1667,   245,   240,   242],
        [  240,   477,   241,   480,   478]], device='cuda:0'))
target.shape: torch.Size([63784])
topk target: torch.return_types.topk(
values=tensor([18.7224, 18.7195, 18.7097, 18.6892, 18.6717], device='cuda:0'),
indices=tensor([44354, 44350, 24016, 11102, 11339], device='cuda:0'))
titles: v_65 (m/s), t=11 (33 h)
vmin: -29.045507431030273, vmax: 24.397506713867188
topk samples: torch.return_types.topk(
values=tensor([[17.5085, 16.3925, 16.3596, 16.1797, 15.9496],
        [23.4217, 16.9015, 16.4787, 16.3875, 16.1683],
        [16.3460, 16.1800, 15.9777, 15.9417, 15.7464],
        [22.3775, 19.2147, 17.9170, 17.7531, 17.7332],
        [24.3975, 16.2455, 15.9686, 15.8988, 15.7566]], device='cuda:0'),
indices=tensor([[63429, 50006, 63409, 63190, 63187],
        [59365, 54291, 55009, 54773, 60212],
        [57947, 63661, 62711, 61042, 63423],
        [43187, 39752, 24651, 62963, 39993],
        [  474, 61019, 60548, 60549, 57710]], device='cuda:0'))
target.shape: torch.Size([63784])
topk target: torch.return_types.topk(
values=tensor([8.7004, 8.6159, 8.5598, 8.5417, 8.5227], device='cuda:0'),
indices=tensor([53691, 39986, 53928, 53454, 39748], device='cuda:0'))
titles: v_850 (m/s), t=11 (33 h)
vmin: -41.646812438964844, vmax: 28.06950569152832
topk samples: torch.return_types.topk(
values=tensor([[27.8019, 24.1339, 23.8168, 22.9182, 22.5327],
        [25.8479, 25.6827, 25.0858, 24.5706, 24.3020],
        [23.9415, 22.7983, 22.6279, 22.4049, 22.2052],
        [27.4855, 24.1726, 24.1579, 23.8392, 23.6642],
        [28.0695, 23.0228, 22.8020, 22.7267, 22.5627]], device='cuda:0'),
indices=tensor([[25114, 63658, 63191, 43436, 27725],
        [25350, 24393, 38567, 23916, 57486],
        [37704, 31512, 41045, 41520, 31274],
        [17242, 21062, 23700, 14858, 23933],
        [12447, 15306, 12694, 16028, 13164]], device='cuda:0'))
target.shape: torch.Size([63784])
topk target: torch.return_types.topk(
values=tensor([17.5321, 17.4618, 15.9979, 15.9871, 15.7196], device='cuda:0'),
indices=tensor([20678, 20916, 20920, 21158, 20681], device='cuda:0'))
titles: wvint_0 (kg/m²), t=11 (33 h)
vmin: -2.2544631958007812, vmax: 47.0258903503418
topk samples: torch.return_types.topk(
values=tensor([[44.4610, 39.5571, 39.4477, 38.8140, 38.6781],
        [39.9683, 39.2024, 39.0720, 38.7825, 38.5048],
        [36.6303, 35.9583, 35.9265, 35.9210, 35.8925],
        [37.7997, 37.7210, 37.4693, 37.4471, 37.3492],
        [47.0259, 33.4563, 33.4447, 33.3783, 33.3545]], device='cuda:0'),
indices=tensor([[ 2965,   334,   335,   569,   331],
        [  348,   568,   586,   584,   347],
        [ 2964,  6761,  5528,  3199,  2966],
        [ 5103,  5104,  5577,  4868,  5102],
        [10811, 12709, 11995, 12232, 10818]], device='cuda:0'))
target.shape: torch.Size([63784])
topk target: torch.return_types.topk(
values=tensor([36.0189, 35.9789, 35.8334, 35.6146, 35.5931], device='cuda:0'),
indices=tensor([20914,  1586, 21152,  1827, 21155], device='cuda:0'))
titles: z_1000 (m²/s²), t=11 (33 h)
vmin: -3609.03857421875, vmax: 2869.618408203125
topk samples: torch.return_types.topk(
values=tensor([[1450.8160, 1420.3344, 1388.0836, 1253.8230, 1235.8550],
        [2869.6184, 1402.8127, 1370.4869, 1342.2316, 1337.2144],
        [1212.5985, 1106.7939, 1103.8414, 1096.6108, 1091.5975],
        [2589.7283, 1217.2952, 1211.1255, 1207.1375, 1202.9136],
        [1503.4462, 1437.4829, 1414.5264, 1405.0847, 1405.0601]],
       device='cuda:0'),
indices=tensor([[ 2596, 18794, 26435,   200,  6662],
        [51806,   206, 50263,   205,  1393],
        [  234,  4045,  3807,   236,   454],
        [44685,  4037,  4038,   222,  1887],
        [ 7510,  1403,   455,   232, 10811]], device='cuda:0'))
target.shape: torch.Size([63784])
topk target: torch.return_types.topk(
values=tensor([1735.3801, 1733.8489, 1732.9739, 1731.8801, 1730.1301],
       device='cuda:0'),
indices=tensor([19040, 19516, 18802, 19519, 19279], device='cuda:0'))
titles: z_500 (m²/s²), t=11 (33 h)
vmin: 43973.08203125, vmax: 61157.0390625
topk samples: torch.return_types.topk(
values=tensor([[59175.4805, 58536.3242, 57971.4258, 56692.4883, 56574.4102],
        [58646.1992, 58573.4062, 58124.7070, 57724.1289, 57418.4062],
        [56861.7500, 56509.9102, 56362.5000, 56315.5742, 56312.1797],
        [61157.0391, 57356.3945, 56967.5352, 56435.7852, 56429.6289],
        [60836.6328, 57910.6797, 57837.6758, 57443.9922, 57307.0352]],
       device='cuda:0'),
indices=tensor([[ 2965, 18794, 51189,  2995,  8615],
        [51806, 17874,  7521,  1405, 54188],
        [30088,  5187,  2331,  3566,   340],
        [44685,  2311, 12148,  3090,  4044],
        [10811,   474,  8024, 20433, 45668]], device='cuda:0'))
target.shape: torch.Size([63784])
topk target: torch.return_types.topk(
values=tensor([56317.8711, 56317.7461, 56317.6211, 56317.1211, 56316.4961],
       device='cuda:0'),
indices=tensor([275, 276, 274, 273, 277], device='cuda:0'))
titles: pres_0g (Pa), t=12 (36 h)
vmin: 78284.1953125, vmax: 114533.7109375
topk samples: torch.return_types.topk(
values=tensor([[107823.6484, 106817.2578, 105697.0000, 105425.4688, 103782.3828],
        [112058.8750, 109209.9062, 105812.5312, 104554.3594, 103702.4844],
        [105790.5469, 104769.9688, 103285.8047, 103202.7969, 102236.7969],
        [108892.7109, 107100.8125, 104134.6094, 104121.0312, 104071.6875],
        [114533.7109, 109485.4062, 108285.1875, 106555.0547, 105772.9219]],
       device='cuda:0'),
indices=tensor([[26435,  8615, 18794,  4145,  3457],
        [ 1847, 54188, 53048, 15250, 56070],
        [41942, 21263, 42839, 56792, 60024],
        [44685, 30702, 29451, 50296, 50885],
        [45804, 63109, 57710, 10811, 45668]], device='cuda:0'))
target.shape: torch.Size([63784])
topk target: torch.return_types.topk(
values=tensor([102118.6016, 102053.1016, 102046.1016, 102043.6016, 102040.6016],
       device='cuda:0'),
indices=tensor([18329, 19045, 17853, 19046, 18568], device='cuda:0'))
titles: pres_0s (Pa), t=12 (36 h)
vmin: 95514.15625, vmax: 103407.4375
topk samples: torch.return_types.topk(
values=tensor([[102406.3516, 101717.4922, 101191.1719, 101184.6016, 101182.6016],
        [103407.4375, 101670.4609, 101345.1562, 101231.9297, 101228.0781],
        [101038.2656, 101017.9531, 101000.6875, 100969.7969, 100968.1719],
        [103010.0156, 101237.3828, 101192.1016, 101172.7266, 101159.5391],
        [101479.8984, 101468.3438, 101421.4766, 101344.0312, 101339.1172]],
       device='cuda:0'),
indices=tensor([[18794,  3457,   201,  2596,  6662],
        [51806, 17874,   206,   205,   200],
        [  454,   234,   218,   474,   216],
        [44685,  2311,  4044,  3569,   222],
        [63109, 10811,  9238,   214,   213]], device='cuda:0'))
target.shape: torch.Size([63784])
topk target: torch.return_types.topk(
values=tensor([102090.6484, 102088.2109, 102085.1484, 102084.8984, 102083.3984],
       device='cuda:0'),
indices=tensor([18326, 18564, 19278, 18802, 19040], device='cuda:0'))
titles: nlwrs_0 (W/m²), t=12 (36 h)
vmin: -3868188.25, vmax: 383650.34375
topk samples: torch.return_types.topk(
values=tensor([[270013.9688, 248070.6250, 213179.4688, 212178.8125, 206289.6250],
        [383650.3438, 263564.5938, 233201.9688, 222039.5938, 220140.4062],
        [344223.2812, 267109.0312, 262026.8125, 250974.7500, 242425.4688],
        [314660.5000, 313474.9688, 246255.5000, 208518.4375, 198220.9375],
        [284570.8438, 251676.7812, 234729.0312, 227264.4688, 226002.7812]],
       device='cuda:0'),
indices=tensor([[51189, 10549, 28068,  1906, 21006],
        [17874, 22680, 36761, 26485, 28153],
        [28205, 23665, 27669, 28148, 25055],
        [62809, 36543, 43673, 23387, 26727],
        [26009, 16749, 27442, 28294, 27202]], device='cuda:0'))
target.shape: torch.Size([63784])
topk target: torch.return_types.topk(
values=tensor([39378., 33746., 32722., 31186., 30674.], device='cuda:0'),
indices=tensor([44423, 44422, 45135, 44192, 44667], device='cuda:0'))
titles: nswrs_0 (W/m²), t=12 (36 h)
vmin: -1053555.5, vmax: 2451721.0
topk samples: torch.return_types.topk(
values=tensor([[2128019.0000,  853261.3750,  806241.9375,  761667.2500,  760152.3125],
        [ 782120.3750,  732039.5000,  728638.0625,  719767.0000,  719614.6875],
        [ 984921.8125,  963051.0625,  720589.3750,  677044.8125,  668379.2500],
        [ 956323.4375,  732962.4375,  712696.5000,  698297.5000,  696830.0625],
        [2451721.0000,  854785.0000,  782699.2500,  713363.1250,  681839.0000]],
       device='cuda:0'),
indices=tensor([[45933, 47045, 14566, 55893, 18794],
        [53048,  8262, 52597, 63719, 54025],
        [53495, 46105, 46798, 50353, 53272],
        [ 2028, 42986, 48305, 55215, 59731],
        [  474, 49726, 35138, 18745, 42598]], device='cuda:0'))
target.shape: torch.Size([63784])
topk target: torch.return_types.topk(
values=tensor([381440., 379392., 374784., 374272., 374272.], device='cuda:0'),
indices=tensor([51403, 50930, 51168, 49502, 49264], device='cuda:0'))
titles: r_2 (-), t=12 (36 h)
vmin: 0.1620771884918213, vmax: 1.2269554138183594
topk samples: torch.return_types.topk(
values=tensor([[1.1749, 1.1449, 1.1358, 1.1237, 1.1163],
        [1.1972, 1.1743, 1.1650, 1.1578, 1.1529],
        [1.1335, 1.1319, 1.1301, 1.1222, 1.1214],
        [1.1642, 1.1439, 1.1350, 1.1331, 1.1330],
        [1.2270, 1.1911, 1.1748, 1.1656, 1.1498]], device='cuda:0'),
indices=tensor([[27308, 51189, 29596,  8573,  6910],
        [14825, 28388, 17874,  1262,  1266],
        [ 2659,   774,   295,  1201,  3808],
        [29593, 30702, 27206,  1504,  7446],
        [24335, 18329,    61, 20231, 30073]], device='cuda:0'))
target.shape: torch.Size([63784])
topk target: torch.return_types.topk(
values=tensor([1.0000, 1.0000, 1.0000, 1.0000, 1.0000], device='cuda:0'),
indices=tensor([12, 11, 45, 59, 58], device='cuda:0'))
titles: r_65 (-), t=12 (36 h)
vmin: 0.1357402801513672, vmax: 1.2670422792434692
topk samples: torch.return_types.topk(
values=tensor([[1.1950, 1.1925, 1.1793, 1.1583, 1.1573],
        [1.2246, 1.2160, 1.2092, 1.2033, 1.1990],
        [1.2076, 1.1761, 1.1594, 1.1578, 1.1572],
        [1.2242, 1.2192, 1.1905, 1.1832, 1.1753],
        [1.2670, 1.2424, 1.2159, 1.1920, 1.1759]], device='cuda:0'),
indices=tensor([[51189, 29596, 28143, 26251,  6426],
        [ 1262, 14825, 29102,  1266,    72],
        [42006, 25779, 25533, 20534, 30780],
        [ 1504, 29593, 28148, 29353,  4832],
        [24335, 30073, 18329,    61, 29915]], device='cuda:0'))
target.shape: torch.Size([63784])
topk target: torch.return_types.topk(
values=tensor([1.0000, 1.0000, 1.0000, 1.0000, 1.0000], device='cuda:0'),
indices=tensor([17, 16, 18, 36, 35], device='cuda:0'))
titles: t_2 (K), t=12 (36 h)
vmin: 253.72427368164062, vmax: 304.8194885253906
topk samples: torch.return_types.topk(
values=tensor([[297.3564, 295.0049, 294.3493, 294.1834, 294.0898],
        [293.9916, 293.8753, 293.8153, 293.6970, 293.3606],
        [293.5303, 293.4265, 293.1147, 292.8700, 292.5779],
        [295.1957, 293.5320, 293.4402, 293.3869, 293.2987],
        [304.8195, 300.5935, 296.4115, 293.6524, 293.6308]], device='cuda:0'),
indices=tensor([[ 2965,  4145,  6265,  5789,  5554],
        [  101,   340,   339,   333,   336],
        [  346,    96,   584,    91,   331],
        [ 9593,  1462,   511, 44685,    32],
        [  474, 10811, 45668,  2010,  2011]], device='cuda:0'))
target.shape: torch.Size([63784])
topk target: torch.return_types.topk(
values=tensor([291.4724, 291.4456, 291.4456, 291.4231, 291.3967], device='cuda:0'),
indices=tensor([10613, 10134,  9895,  9418,  9657], device='cuda:0'))
titles: t_65 (K), t=12 (36 h)
vmin: 255.90570068359375, vmax: 302.0508728027344
topk samples: torch.return_types.topk(
values=tensor([[298.5169, 295.5912, 295.1943, 294.9793, 294.8130],
        [295.0068, 294.6121, 294.4873, 294.3826, 294.2899],
        [293.9982, 293.8984, 293.7465, 293.6540, 293.2433],
        [294.9951, 294.3996, 294.2880, 294.1597, 294.0923],
        [302.0509, 301.9809, 296.7132, 294.6742, 294.5463]], device='cuda:0'),
indices=tensor([[ 2965,  4145,  6265,  5791,  6266],
        [ 1332,   333,   340,   101,   339],
        [  346,  4836,    96,   584,  5187],
        [ 2028,  1462,  1535, 44685,   511],
        [  474, 10811, 45668,  4148,  2011]], device='cuda:0'))
target.shape: torch.Size([63784])
topk target: torch.return_types.topk(
values=tensor([291.4308, 291.4084, 291.3849, 291.3590, 291.3542], device='cuda:0'),
indices=tensor([10613, 10134,  9895,  9657,  9418], device='cuda:0'))
titles: t_500 (K), t=12 (36 h)
vmin: 227.02064514160156, vmax: 283.52984619140625
topk samples: torch.return_types.topk(
values=tensor([[273.2455, 271.7154, 271.7057, 271.6987, 265.8543],
        [283.5298, 274.9886, 271.3422, 270.5560, 266.5181],
        [268.3087, 267.0609, 263.1665, 262.9848, 262.8152],
        [277.8992, 271.1290, 268.9270, 268.4808, 266.2916],
        [277.2274, 276.5844, 272.1127, 269.6198, 267.5807]], device='cuda:0'),
indices=tensor([[ 2965, 18794, 51189,  8615,  2596],
        [17874, 54188, 51806,  7521, 17378],
        [12621, 30088, 14290, 18776, 13567],
        [44685, 14573, 41588, 12148, 13616],
        [  474, 10811, 13807, 45668, 20737]], device='cuda:0'))
target.shape: torch.Size([63784])
topk target: torch.return_types.topk(
values=tensor([261.8773, 261.8617, 261.8441, 261.8417, 261.8271], device='cuda:0'),
indices=tensor([19279, 19516, 19755, 19754, 19517], device='cuda:0'))
titles: t_850 (K), t=12 (36 h)
vmin: 236.81398010253906, vmax: 299.5086364746094
topk samples: torch.return_types.topk(
values=tensor([[298.9501, 292.2898, 289.2549, 288.1407, 287.6904],
        [290.8823, 290.4395, 288.7672, 288.6060, 288.4437],
        [287.5630, 287.3985, 287.3025, 287.2820, 287.2577],
        [289.4330, 289.3732, 289.3730, 288.9121, 287.3487],
        [299.5086, 296.4790, 289.0663, 287.9994, 286.1565]], device='cuda:0'),
indices=tensor([[ 2965, 51189,  2995,  2469,   306],
        [ 7521, 17874,   333,   570,  1048],
        [  341,   343,   103,   105,  1055],
        [ 9593, 14573, 44685,  2028,  2311],
        [10811,   474, 45668,  8024, 20433]], device='cuda:0'))
target.shape: torch.Size([63784])
topk target: torch.return_types.topk(
values=tensor([284.1718, 284.1459, 284.1307, 284.1234, 284.1190], device='cuda:0'),
indices=tensor([3537, 3775, 3536, 3299, 2581], device='cuda:0'))
titles: u_65 (m/s), t=12 (36 h)
vmin: -24.19617462158203, vmax: 17.149560928344727
topk samples: torch.return_types.topk(
values=tensor([[17.1496, 16.5298, 16.4250, 16.1008, 15.8445],
        [12.7890, 12.6422, 12.3081, 12.1284, 12.0855],
        [ 6.1293,  5.7700,  5.5410,  5.5161,  5.3829],
        [12.2098, 11.8087, 11.5983, 11.5628, 10.8165],
        [12.6977, 11.4657, 10.5930, 10.3437, 10.0204]], device='cuda:0'),
indices=tensor([[59939, 59468, 59701, 59461, 59936],
        [50467, 50699, 49757, 49269, 49513],
        [61603,     6, 61370, 61363,  5020],
        [  477,   953,   480,     3,   246],
        [10245, 45697, 10721,  9294, 45470]], device='cuda:0'))
target.shape: torch.Size([63784])
topk target: torch.return_types.topk(
values=tensor([15.2489, 15.0985, 15.0301, 14.6864, 14.5897], device='cuda:0'),
indices=tensor([43647, 43178, 43409, 44123, 45068], device='cuda:0'))
titles: u_850 (m/s), t=12 (36 h)
vmin: -37.904232025146484, vmax: 21.719043731689453
topk samples: torch.return_types.topk(
values=tensor([[14.0031, 13.5699, 13.2137, 12.9738, 12.7961],
        [10.6071,  7.5014,  5.9833,  5.6277,  5.6178],
        [ 4.9582,  4.8735,  4.8660,  4.7247,  4.7166],
        [13.3592, 11.3202, 11.0465, 10.7339, 10.6693],
        [ 8.8027,  8.7188,  8.1641,  7.7758,  7.7315]], device='cuda:0'),
indices=tensor([[58751, 59699, 59225, 59700, 60176],
        [37604, 49752, 49037, 49028, 49268],
        [  482, 60893, 61133, 60419, 60895],
        [  729,   242,     2,   479,   256],
        [45473,   477, 45474,   714, 45949]], device='cuda:0'))
target.shape: torch.Size([63784])
topk target: torch.return_types.topk(
values=tensor([21.7190, 21.3694, 21.3079, 21.1995, 21.1966], device='cuda:0'),
indices=tensor([12300, 12299, 12537, 12062, 12301], device='cuda:0'))
titles: v_65 (m/s), t=12 (36 h)
vmin: -28.559335708618164, vmax: 25.42951202392578
topk samples: torch.return_types.topk(
values=tensor([[20.7165, 16.4927, 16.4104, 16.2551, 16.1367],
        [19.6447, 18.7105, 16.7409, 16.5715, 16.1679],
        [19.3948, 17.8745, 16.5462, 16.0881, 15.8560],
        [18.3867, 18.3770, 18.1338, 18.1057, 17.9862],
        [25.4295, 17.4181, 17.3239, 17.1300, 16.9470]], device='cuda:0'),
indices=tensor([[15522, 61622, 50006, 62459, 63187],
        [59365, 11585, 60212, 62110, 57486],
        [58837, 60572, 60100, 63185, 61036],
        [32606, 39752, 50957, 39513, 39280],
        [  474,  7159,  7633,  7874,  7397]], device='cuda:0'))
target.shape: torch.Size([63784])
topk target: torch.return_types.topk(
values=tensor([10.3793, 10.3358, 10.2948, 10.2079, 10.2050], device='cuda:0'),
indices=tensor([41414, 41652, 41176, 41653, 41415], device='cuda:0'))
titles: v_850 (m/s), t=12 (36 h)
vmin: -36.111446380615234, vmax: 34.37788009643555
topk samples: torch.return_types.topk(
values=tensor([[28.0866, 26.0567, 25.9109, 25.8249, 25.1343],
        [25.4416, 25.3724, 25.1538, 25.1516, 24.8549],
        [34.3779, 24.2847, 24.1440, 23.6957, 23.6484],
        [28.4602, 27.4000, 26.1579, 26.1155, 26.0167],
        [24.3349, 22.9233, 22.9060, 22.2445, 22.1130]], device='cuda:0'),
indices=tensor([[25114, 22018, 27961, 25823, 24162],
        [25102, 24149, 24389, 21770, 19869],
        [58837, 50735, 31175, 16761, 35460],
        [14151, 21761, 17242, 24398, 14370],
        [19581, 15307, 19103, 15546,  9605]], device='cuda:0'))
target.shape: torch.Size([63784])
topk target: torch.return_types.topk(
values=tensor([19.6097, 19.4925, 19.4339, 19.3743, 18.8978], device='cuda:0'),
indices=tensor([41343, 41105, 41106, 41107, 40867], device='cuda:0'))
titles: wvint_0 (kg/m²), t=12 (36 h)
vmin: 1.2081031799316406, vmax: 45.694705963134766
topk samples: torch.return_types.topk(
values=tensor([[45.6947, 39.3215, 39.0801, 38.9519, 38.4839],
        [39.6428, 39.0125, 38.5236, 38.4945, 38.4360],
        [35.1294, 34.7703, 34.6035, 34.5837, 34.5680],
        [36.4887, 35.2196, 35.1799, 35.1646, 34.8155],
        [45.1802, 32.1614, 30.9898, 30.9862, 30.9852]], device='cuda:0'),
indices=tensor([[ 2965,   331,   569,   332,   799],
        [  564,   329,  1280,  1040,  1041],
        [ 6480,  5091,  4146,  3850,  6035],
        [14573,  5339,  9593,  4865,  2028],
        [10811, 45668,  3424,  2947, 25197]], device='cuda:0'))
target.shape: torch.Size([63784])
topk target: torch.return_types.topk(
values=tensor([36.4888, 36.2467, 35.2125, 35.0113, 34.8765], device='cuda:0'),
indices=tensor([2316, 2080, 2555, 1839, 2078], device='cuda:0'))
titles: z_1000 (m²/s²), t=12 (36 h)
vmin: -3819.8291015625, vmax: 2681.20166015625
topk samples: torch.return_types.topk(
values=tensor([[1270.3323, 1269.7139, 1185.4196, 1153.4146, 1152.9236],
        [2681.2017, 1296.8657, 1232.7415, 1232.3182, 1225.7996],
        [1069.7924, 1031.4753, 1007.9985,  988.5916,  980.5811],
        [2411.2402, 1187.7942, 1179.0585, 1178.6888, 1174.0415],
        [1363.6364, 1360.6676, 1341.5938, 1339.4042, 1338.0525]],
       device='cuda:0'),
indices=tensor([[ 2596, 18794,   200,   201,  6662],
        [51806,   206,   205,  1393,  1394],
        [  234,   454,   218,   141,   455],
        [44685,  4044,  4038,  4037,   222],
        [  471,   232,   233,   473,  1403]], device='cuda:0'))
target.shape: torch.Size([63784])
topk target: torch.return_types.topk(
values=tensor([1651.0759, 1650.0447, 1649.2009, 1649.1697, 1648.4197],
       device='cuda:0'),
indices=tensor([17854, 18810, 18091, 18811, 17855], device='cuda:0'))
titles: z_500 (m²/s²), t=12 (36 h)
vmin: 43662.0625, vmax: 60875.78125
topk samples: torch.return_types.topk(
values=tensor([[58986.5469, 58298.6328, 57355.9453, 56580.0547, 56571.5117],
        [58573.9727, 58068.2383, 58008.6484, 57672.2852, 57163.2852],
        [56566.3516, 56345.6680, 56250.4180, 56233.5469, 56224.4258],
        [60875.7812, 57205.6797, 56820.6133, 56582.0938, 56435.3398],
        [60461.2227, 57876.8359, 57727.1523, 57586.8594, 57059.2227]],
       device='cuda:0'),
indices=tensor([[ 2965, 18794, 51189,  2995,  3942],
        [51806, 17874,  7521,  1405, 54188],
        [30088,  5187,  3566,  3807,  3567],
        [44685,  2311, 41588, 12148,  3090],
        [10811,   474,  8024, 20433, 45668]], device='cuda:0'))
target.shape: torch.Size([63784])
topk target: torch.return_types.topk(
values=tensor([56251.3945, 56251.3945, 56250.8945, 56250.5195, 56250.3945],
       device='cuda:0'),
indices=tensor([283, 284, 285, 282, 278], device='cuda:0'))
titles: pres_0g (Pa), t=13 (39 h)
vmin: 78073.5703125, vmax: 114161.5625
topk samples: torch.return_types.topk(
values=tensor([[107275.1016, 107225.4531, 106477.9688, 105533.3047, 105311.3750],
        [112062.4219, 108969.8906, 105559.8750, 104257.8359, 103527.2109],
        [107736.1094, 105481.2500, 104649.3672, 103073.4453, 102984.4375],
        [108662.8906, 106899.5547, 103951.4766, 103899.1719, 103878.6328],
        [114161.5625, 108984.7969, 108077.5625, 106405.4922, 105600.0547]],
       device='cuda:0'),
indices=tensor([[26435, 42582,  8615, 18794,  4145],
        [ 1847, 54188, 53048, 15250, 12273],
        [60654, 41942, 21263, 56792, 42839],
        [44685, 30702, 50296, 50885, 29451],
        [45804, 63109, 57710, 10811, 45668]], device='cuda:0'))
target.shape: torch.Size([63784])
topk target: torch.return_types.topk(
values=tensor([102113.7578, 102058.7578, 102057.7578, 102047.2578, 102046.7578],
       device='cuda:0'),
indices=tensor([18329, 19045, 28851, 24056, 24055], device='cuda:0'))
titles: pres_0s (Pa), t=13 (39 h)
vmin: 95393.140625, vmax: 103209.4140625
topk samples: torch.return_types.topk(
values=tensor([[102179.4609, 101548.7422, 101144.5234, 101123.8359, 101120.5156],
        [103209.4141, 101337.0547, 101285.6172, 101195.4297, 101184.3594],
        [100981.6641, 100947.5234, 100916.2344, 100902.0312, 100892.5781],
        [102763.9844, 101197.9062, 101152.5703, 101118.0859, 101115.5156],
        [101319.8672, 101298.4297, 101293.0469, 101279.8125, 101274.6406]],
       device='cuda:0'),
indices=tensor([[18794,  3457,  6662,  6663,  6424],
        [51806, 17874,   206,   205,   441],
        [  454,   218,   141,   455,   693],
        [44685,  2311,  4044,  3569,  4045],
        [  213,   214, 10811,   216,   220]], device='cuda:0'))
target.shape: torch.Size([63784])
topk target: torch.return_types.topk(
values=tensor([102097.5078, 102092.6953, 102086.5078, 102086.2578, 102083.6953],
       device='cuda:0'),
indices=tensor([18326, 18564, 19278, 18802, 19040], device='cuda:0'))
titles: nlwrs_0 (W/m²), t=13 (39 h)
vmin: -4074496.5, vmax: 335527.375
topk samples: torch.return_types.topk(
values=tensor([[331832.5312, 278027.0000, 274588.3750, 273761.7500, 242838.5000],
        [304944.5000, 271665.3438, 249303.4688, 241581.8438, 238468.0938],
        [335527.3750, 261627.1250, 247827.6250, 239600.8438, 238627.0000],
        [297764.7500, 257181.8438, 246586.1562, 239012.7188, 216554.0625],
        [307525.7812, 264958.2500, 258389.9688, 229604.7500, 228706.6250]],
       device='cuda:0'),
indices=tensor([[51189, 23858, 40808, 27518,  5715],
        [17874, 14109, 27015, 27672, 30797],
        [28205, 20776,  4534, 27202, 26965],
        [62809, 26275, 29588, 27679, 11187],
        [27669, 31401, 23871, 28875, 27680]], device='cuda:0'))
target.shape: torch.Size([63784])
topk target: torch.return_types.topk(
values=tensor([40350., 34206., 32670., 32158., 28062.], device='cuda:0'),
indices=tensor([29000, 28999, 29236, 29238, 28763], device='cuda:0'))
titles: nswrs_0 (W/m²), t=13 (39 h)
vmin: -2285121.25, vmax: 6386753.5
topk samples: torch.return_types.topk(
values=tensor([[3299451.7500, 3184347.2500, 3051031.0000, 3038819.7500, 3005666.7500],
        [2907096.5000, 2825884.7500, 2815811.2500, 2801579.0000, 2796074.5000],
        [2829831.7500, 2828733.7500, 2819511.5000, 2737450.0000, 2737145.2500],
        [2999777.5000, 2901765.5000, 2896973.0000, 2825364.0000, 2790002.7500],
        [6386753.5000, 3392169.0000, 3018162.0000, 2988265.5000, 2946467.5000]],
       device='cuda:0'),
indices=tensor([[  475, 46406, 46643, 46171,   233],
        [17610, 14279, 14274, 52358, 13799],
        [ 4759, 46409, 45694, 46169, 45692],
        [16419, 15945, 16654, 45695, 14517],
        [  474,   237,  5711, 10946,  4276]], device='cuda:0'))
target.shape: torch.Size([63784])
topk target: torch.return_types.topk(
values=tensor([2803095., 2801559., 2792855., 2791831., 2790807.], device='cuda:0'),
indices=tensor([51168, 50930, 50216, 50692, 50454], device='cuda:0'))
titles: r_2 (-), t=13 (39 h)
vmin: -0.07067906856536865, vmax: 1.198046088218689
topk samples: torch.return_types.topk(
values=tensor([[1.1694, 1.1653, 1.1295, 1.1277, 1.1257],
        [1.1941, 1.1714, 1.1633, 1.1493, 1.1485],
        [1.1980, 1.1563, 1.1562, 1.1458, 1.1338],
        [1.1231, 1.1154, 1.1140, 1.1082, 1.1066],
        [1.1490, 1.1412, 1.1326, 1.1324, 1.1250]], device='cuda:0'),
indices=tensor([[25778,  9289,  2622,  8813,    12],
        [28392, 17874,    81, 27191,    77],
        [26739,    59,  3098,  3334, 17414],
        [11427, 11497,  1503,  4291, 28628],
        [ 5712,  8105, 38995,  6194, 30616]], device='cuda:0'))
target.shape: torch.Size([63784])
topk target: torch.return_types.topk(
values=tensor([1.0000, 1.0000, 1.0000, 1.0000, 1.0000], device='cuda:0'),
indices=tensor([ 962,  724, 1201, 1203, 1202], device='cuda:0'))
titles: r_65 (-), t=13 (39 h)
vmin: 0.12221699953079224, vmax: 1.3274822235107422
topk samples: torch.return_types.topk(
values=tensor([[1.3275, 1.2377, 1.1956, 1.1725, 1.1647],
        [1.2923, 1.2482, 1.1960, 1.1844, 1.1692],
        [1.2298, 1.2019, 1.1982, 1.1950, 1.1882],
        [1.1749, 1.1639, 1.1583, 1.1566, 1.1476],
        [1.2016, 1.1711, 1.1614, 1.1552, 1.1429]], device='cuda:0'),
indices=tensor([[42582, 25778,  9289,    12,  6426],
        [11585, 28392,    81,    77,   793],
        [26739, 27909,  3334,    59,  3098],
        [28156, 10950, 11497, 11427, 12449],
        [ 5712,  8105, 30155,  6188, 19516]], device='cuda:0'))
target.shape: torch.Size([63784])
topk target: torch.return_types.topk(
values=tensor([1.0000, 1.0000, 1.0000, 1.0000, 1.0000], device='cuda:0'),
indices=tensor([32, 31, 35, 37, 36], device='cuda:0'))
titles: t_2 (K), t=13 (39 h)
vmin: 251.53985595703125, vmax: 307.3801574707031
topk samples: torch.return_types.topk(
values=tensor([[301.6045, 296.3846, 295.4556, 295.3907, 295.3350],
        [296.7320, 296.5861, 295.6857, 295.4171, 295.3515],
        [294.8861, 294.1409, 293.8589, 293.8485, 293.7306],
        [296.3930, 295.0381, 295.0185, 294.5917, 294.5358],
        [307.3802, 300.3998, 299.8808, 296.1942, 296.1029]], device='cuda:0'),
indices=tensor([[ 2965,  3942,  4145,  5314,  2995],
        [13739,  1405,  7521,   343,   339],
        [14516,   346,   100,   326,   347],
        [44685,   584,   471,   472,    38],
        [  474, 10811, 45668,   822,   108]], device='cuda:0'))
target.shape: torch.Size([63784])
topk target: torch.return_types.topk(
values=tensor([294.0683, 293.9873, 293.9785, 293.9599, 293.9599], device='cuda:0'),
indices=tensor([1187, 1170,  949, 1424,  948], device='cuda:0'))
titles: t_65 (K), t=13 (39 h)
vmin: 249.999267578125, vmax: 303.3256530761719
topk samples: torch.return_types.topk(
values=tensor([[301.9336, 296.2256, 295.7878, 295.6901, 295.6676],
        [296.3878, 295.5699, 295.3931, 295.1860, 295.1761],
        [294.1261, 293.9611, 293.8566, 293.8547, 293.7835],
        [296.0706, 295.8530, 295.4695, 295.2821, 295.2497],
        [303.3257, 301.6182, 299.5537, 296.2727, 296.0698]], device='cuda:0'),
indices=tensor([[ 2965,  2995,  5314,  4145,  5790],
        [ 1405,   339,  7521,   343,   333],
        [  346,    30,   326,   584,   347],
        [44685,   584,   283,   524,   822],
        [  474, 10811, 45668,   822,   108]], device='cuda:0'))
target.shape: torch.Size([63784])
topk target: torch.return_types.topk(
values=tensor([293.1994, 293.1930, 293.1764, 293.1564, 293.1374], device='cuda:0'),
indices=tensor([4007, 3767, 3766, 3768, 1170], device='cuda:0'))
titles: t_500 (K), t=13 (39 h)
vmin: 227.0870361328125, vmax: 281.9156494140625
topk samples: torch.return_types.topk(
values=tensor([[274.1044, 271.3256, 271.2891, 270.8620, 269.4733],
        [281.9156, 274.5950, 271.1764, 269.7032, 268.1971],
        [268.4876, 266.7497, 264.8031, 264.3112, 264.0605],
        [277.6478, 270.5226, 269.5715, 268.5337, 264.9924],
        [277.0862, 276.0692, 272.3085, 269.7341, 269.0957]], device='cuda:0'),
indices=tensor([[ 2965, 42582, 18794,  8615, 51189],
        [17874, 54188, 51806,  7521,  1405],
        [12621, 30088, 17414, 14516, 12617],
        [44685, 41588, 14573, 12148, 13616],
        [  474, 10811, 13807, 45668, 20433]], device='cuda:0'))
target.shape: torch.Size([63784])
topk target: torch.return_types.topk(
values=tensor([262.6512, 262.6429, 262.6409, 262.6375, 262.6297], device='cuda:0'),
indices=tensor([20469, 20468, 19992, 19754, 20231], device='cuda:0'))
titles: t_850 (K), t=13 (39 h)
vmin: 234.0277099609375, vmax: 300.9870300292969
topk samples: torch.return_types.topk(
values=tensor([[300.9870, 290.5192, 290.0276, 288.5288, 288.3698],
        [290.3183, 289.9942, 289.9523, 289.9492, 289.9129],
        [288.2590, 288.1368, 287.9576, 287.9492, 287.7714],
        [288.9952, 288.6546, 288.0766, 285.8038, 285.7906],
        [298.0414, 293.8321, 287.7536, 286.9036, 286.3482]], device='cuda:0'),
indices=tensor([[ 2965, 51189,  2995,   306,   307],
        [  337,   339,    97,  7521,   575],
        [  429,   669,   905,   666,   431],
        [ 9593, 44685, 14573,   475,   706],
        [10811,   474, 45668,  8024, 20433]], device='cuda:0'))
target.shape: torch.Size([63784])
topk target: torch.return_types.topk(
values=tensor([284.1745, 284.1662, 284.1652, 284.1623, 284.1613], device='cuda:0'),
indices=tensor([3543, 3066, 3781, 3304, 3305], device='cuda:0'))
titles: u_65 (m/s), t=13 (39 h)
vmin: -23.765525817871094, vmax: 14.973382949829102
topk samples: torch.return_types.topk(
values=tensor([[13.9641, 13.9486, 13.8888, 13.7107, 13.5274],
        [13.2891, 12.5861, 12.2942, 12.0327, 12.0130],
        [13.3626,  6.1583,  6.1556,  6.1330,  5.1492],
        [12.9572, 12.8342, 12.1659, 12.0100, 11.6384],
        [13.2221, 11.4898, 11.4659, 11.2502, 11.1260]], device='cuda:0'),
indices=tensor([[60180, 60418, 61837, 59705, 60655],
        [50225, 50462, 49983, 50699, 50936],
        [60654,     0, 63290,   952, 63765],
        [  714,   239,   238,   477,     3],
        [ 8581,  9294,   716,  8578,  8341]], device='cuda:0'))
target.shape: torch.Size([63784])
topk target: torch.return_types.topk(
values=tensor([14.9734, 14.3572, 14.2107, 14.1887, 14.1536], device='cuda:0'),
indices=tensor([41278, 42697, 41043, 41750, 41988], device='cuda:0'))
titles: u_850 (m/s), t=13 (39 h)
vmin: -51.0157356262207, vmax: 20.775758743286133
topk samples: torch.return_types.topk(
values=tensor([[10.8465, 10.8101, 10.1313,  9.4944,  9.2248],
        [ 6.6067,  6.5054,  6.2538,  6.2090,  5.8927],
        [ 3.4232,  3.4208,  3.1489,  3.0285,  2.9966],
        [13.2559, 12.1713, 11.9829, 11.9246, 11.8346],
        [ 8.0270,  7.3487,  7.0319,  6.8030,  6.6214]], device='cuda:0'),
indices=tensor([[59225, 60178, 60181, 60417, 59224],
        [49269, 50697, 50460, 49743, 49506],
        [62565, 59943, 62323,  3334, 60891],
        [  953,     2,   239,   716,  1666],
        [  721,   239,     7, 45474,   479]], device='cuda:0'))
target.shape: torch.Size([63784])
topk target: torch.return_types.topk(
values=tensor([20.7758, 20.6244, 20.2260, 19.6400, 19.6381], device='cuda:0'),
indices=tensor([11604, 12789, 11603, 12552, 12788], device='cuda:0'))
titles: v_65 (m/s), t=13 (39 h)
vmin: -29.89049530029297, vmax: 30.45550537109375
topk samples: torch.return_types.topk(
values=tensor([[26.7831, 22.1637, 18.2012, 17.4715, 16.6170],
        [20.5743, 16.9910, 16.9492, 16.6554, 16.5030],
        [20.9320, 19.4476, 19.1119, 16.5534, 16.4393],
        [22.5422, 17.9970, 17.6121, 17.3571, 17.3223],
        [30.4555, 18.6404, 18.1497, 17.4595, 17.3961]], device='cuda:0'),
indices=tensor([[ 4225, 42232, 61622, 50239, 61624],
        [59365, 59580, 37611, 11585, 33321],
        [58837, 60654, 26779, 62474, 49874],
        [51130, 39752, 43089, 39753, 59493],
        [  474,  9304,  7633,  9067,  8828]], device='cuda:0'))
target.shape: torch.Size([63784])
topk target: torch.return_types.topk(
values=tensor([11.6199, 11.5877, 11.4910, 11.4315, 11.3768], device='cuda:0'),
indices=tensor([43556, 43318, 43794, 43080, 43792], device='cuda:0'))
titles: v_850 (m/s), t=13 (39 h)
vmin: -36.730369567871094, vmax: 35.63517761230469
topk samples: torch.return_types.topk(
values=tensor([[35.6352, 27.5679, 27.1925, 27.1873, 26.6984],
        [29.2372, 28.3643, 25.9346, 25.6940, 25.6933],
        [32.6611, 27.5957, 27.2338, 25.9130, 24.2385],
        [26.7067, 26.3730, 26.3183, 26.1403, 26.1149],
        [24.5125, 24.3124, 24.2121, 24.1109, 23.8519]], device='cuda:0'),
indices=tensor([[42582, 27248, 27244, 25114, 27961],
        [38065, 11801, 15814, 17957, 26760],
        [14516,  5932, 26052, 30141, 18801],
        [17242, 15104, 14869, 15344, 14156],
        [17720, 17722, 15544, 16532, 26296]], device='cuda:0'))
target.shape: torch.Size([63784])
topk target: torch.return_types.topk(
values=tensor([22.2731, 22.0788, 22.0358, 21.8532, 21.4753], device='cuda:0'),
indices=tensor([44197, 43959, 44435, 43484, 43722], device='cuda:0'))
titles: wvint_0 (kg/m²), t=13 (39 h)
vmin: 0.11940383911132812, vmax: 44.892669677734375
topk samples: torch.return_types.topk(
values=tensor([[44.8927, 41.3517, 39.5998, 39.1939, 39.0522],
        [40.5133, 40.1629, 40.0375, 39.8275, 39.6679],
        [34.5857, 34.4657, 34.1956, 33.9969, 33.9784],
        [36.2790, 33.2068, 33.1613, 33.1286, 33.0780],
        [44.4910, 34.1619, 32.5479, 31.0598, 30.8382]], device='cuda:0'),
indices=tensor([[ 2965,  1741,  2455,  2695,  2694],
        [  343,   584,  1056,  1057,   817],
        [ 7902,  7665,  7190,  7429,  8381],
        [14573, 11724,  9623, 13616,  7249],
        [10811, 45668,  6984,  3428,  1720]], device='cuda:0'))
target.shape: torch.Size([63784])
topk target: torch.return_types.topk(
values=tensor([36.4077, 35.3872, 35.2085, 35.0170, 34.8696], device='cuda:0'),
indices=tensor([2563, 1365, 1849, 2326, 2802], device='cuda:0'))
titles: z_1000 (m²/s²), t=13 (39 h)
vmin: -3909.75341796875, vmax: 2478.13427734375
topk samples: torch.return_types.topk(
values=tensor([[1179.3958, 1149.4321, 1114.1649, 1091.9453, 1090.9314],
        [2478.1343, 1230.0774, 1201.0205, 1197.2791, 1191.9614],
        [ 988.7570,  978.4119,  960.0212,  955.6569,  953.9890],
        [2229.3740, 1153.3783, 1129.7919, 1127.3876, 1123.1523],
        [1340.5393, 1330.2828, 1319.1907, 1315.9177, 1314.7617]],
       device='cuda:0'),
indices=tensor([[ 2596, 18794,  6662,  6663,  6424],
        [51806,   206,  1394,  1393,   205],
        [  141,   454,   218,   144,   377],
        [44685,  4044,  2311,  4045,  3569],
        [  471,   232,   233,   213,  1403]], device='cuda:0'))
target.shape: torch.Size([63784])
topk target: torch.return_types.topk(
values=tensor([1658.7092, 1658.0217, 1657.9592, 1657.6467, 1657.5217],
       device='cuda:0'),
indices=tensor([19528, 19291, 19529, 20243, 19766], device='cuda:0'))
titles: z_500 (m²/s²), t=13 (39 h)
vmin: 43520.07421875, vmax: 60592.5859375
topk samples: torch.return_types.topk(
values=tensor([[58886.0352, 58077.5312, 56810.3477, 56727.9219, 56521.1992],
        [58366.7734, 57890.9609, 57631.6094, 57557.2734, 56854.5078],
        [56487.4609, 56236.6172, 56206.7539, 56199.1211, 56190.9609],
        [60592.5859, 57043.6094, 56944.5859, 56486.9688, 56458.5508],
        [60148.8242, 57837.4219, 57665.8594, 57524.6367, 56832.1836]],
       device='cuda:0'),
indices=tensor([[ 2965, 18794,  3942, 51189,  2995],
        [51806,  7521,  1405, 17874, 12781],
        [14516,  5187, 30088,  3467,  4419],
        [44685,  2311, 41588,  3090,  4044],
        [10811,   474,  8024, 20433, 45668]], device='cuda:0'))
target.shape: torch.Size([63784])
topk target: torch.return_types.topk(
values=tensor([56311.4375, 56311.1875, 56311.0625, 56310.8125, 56310.3125],
       device='cuda:0'),
indices=tensor([278, 277, 279, 280, 281], device='cuda:0'))
titles: pres_0g (Pa), t=14 (42 h)
vmin: 77872.15625, vmax: 113844.84375
topk samples: torch.return_types.topk(
values=tensor([[107176.0469, 106817.6016, 106121.5625, 105363.7422, 105121.3828],
        [111772.7578, 108720.7266, 108075.8828, 105267.4297, 104013.7188],
        [107978.7734, 105191.2578, 104566.3828, 102881.6328, 102694.7578],
        [108339.9453, 106617.8516, 103762.9062, 103658.5312, 103621.3438],
        [113844.8438, 108658.8438, 108130.4531, 107858.5625, 106154.1406]],
       device='cuda:0'),
indices=tensor([[42582, 26435,  8615, 18794,  4145],
        [ 1847, 54188, 59735, 53048, 15250],
        [60654, 41942, 21263, 56792, 42839],
        [44685, 30702, 50296, 29451, 50885],
        [45804, 63109, 12968, 57710, 10811]], device='cuda:0'))
target.shape: torch.Size([63784])
topk target: torch.return_types.topk(
values=tensor([102127.0312, 102109.0312, 102086.0312, 102084.5312, 102084.0312],
       device='cuda:0'),
indices=tensor([18329, 28851, 18106, 18343, 17392], device='cuda:0'))
titles: pres_0s (Pa), t=14 (42 h)
vmin: 95335.5078125, vmax: 102964.6484375
topk samples: torch.return_types.topk(
values=tensor([[101933.9531, 101305.8438, 100970.3672, 100947.4375, 100907.6016],
        [102964.6484, 101102.0156, 101006.2188, 101001.0078, 100998.1172],
        [101966.8594, 100892.9375, 100839.1875, 100814.3047, 100806.4219],
        [102449.7422, 100982.2734, 100961.1172, 100961.0078, 100958.3594],
        [101210.5547, 101164.7500, 101164.4141, 101140.9062, 101139.6562]],
       device='cuda:0'),
indices=tensor([[18794,  3457,  6662,  6424,  6663],
        [51806,   206, 17874,   200,   441],
        [54427,   454,   218,   141,   455],
        [44685,  4044,  2311,  3569,  8803],
        [  213,  1402,   214,   220,   216]], device='cuda:0'))
target.shape: torch.Size([63784])
topk target: torch.return_types.topk(
values=tensor([102081.8672, 102081.8047, 102081.2422, 102081.1797, 102081.0547],
       device='cuda:0'),
indices=tensor([18344, 17392, 18106, 18105, 17868], device='cuda:0'))
titles: nlwrs_0 (W/m²), t=14 (42 h)
vmin: -4122153.25, vmax: 371629.15625
topk samples: torch.return_types.topk(
values=tensor([[299479.1562, 277056.4688, 248784.3438, 193035.3750, 191391.9062],
        [371629.1562, 250037.7500, 245778.9062, 216283.8750, 210905.4062],
        [353249.4062, 343613.8125, 303776.0625, 297260.7188, 259933.0312],
        [251695.8125, 229206.3438, 226245.1875, 225670.8750, 212689.9062],
        [307406.9375, 274322.6562, 258714.3125, 253177.8125, 238184.0312]],
       device='cuda:0'),
indices=tensor([[21478, 17958, 23157,  7384, 27114],
        [38228, 10234, 17874, 26485,  1509],
        [17414,  4774, 28205, 27204, 20291],
        [44066, 30067, 41285, 25877,  6474],
        [25770, 30374, 24750, 26738, 30085]], device='cuda:0'))
target.shape: torch.Size([63784])
topk target: torch.return_types.topk(
values=tensor([36028., 26812., 18620., 15548., 15548.], device='cuda:0'),
indices=tensor([28790, 30461, 30937, 31175, 31174], device='cuda:0'))
titles: nswrs_0 (W/m²), t=14 (42 h)
vmin: -1905028.25, vmax: 9849498.0
topk samples: torch.return_types.topk(
values=tensor([[6675933.5000, 6572387.0000, 6352470.0000, 6129005.0000, 6116125.5000],
        [5932774.0000, 5910288.0000, 5858964.0000, 5851195.5000, 5792665.5000],
        [5796887.0000, 5622706.0000, 5608247.5000, 5599173.5000, 5573041.5000],
        [6141077.5000, 6117682.0000, 5966293.5000, 5893015.0000, 5888436.5000],
        [9849498.0000, 6606115.5000, 6362325.0000, 6341547.5000, 6337822.0000]],
       device='cuda:0'),
indices=tensor([[  475,   233,   185,   236,  4747],
        [17134, 13089, 16162, 15944, 11661],
        [  697,  1787,  3217,   236,  3931],
        [  405,   641,   638,   702, 15706],
        [  474,   935,   211,   214,   219]], device='cuda:0'))
target.shape: torch.Size([63784])
topk target: torch.return_types.topk(
values=tensor([5930446., 5887950., 5805006., 5759950., 5753294.], device='cuda:0'),
indices=tensor([ 220,  221,  457, 1419,  222], device='cuda:0'))
titles: r_2 (-), t=14 (42 h)
vmin: -0.07057207822799683, vmax: 1.215980887413025
topk samples: torch.return_types.topk(
values=tensor([[1.1764, 1.1659, 1.1408, 1.1320, 1.1305],
        [1.2144, 1.1734, 1.1581, 1.1498, 1.1381],
        [1.2160, 1.1755, 1.1697, 1.1642, 1.1399],
        [1.1319, 1.1129, 1.1082, 1.1068, 1.1011],
        [1.1384, 1.1078, 1.0985, 1.0931, 1.0892]], device='cuda:0'),
indices=tensor([[ 9289,  9051,  6909,  9052,  8574],
        [17874, 28388,    77, 29095, 10952],
        [16209, 27231, 23386,  5484,  2384],
        [27447, 29107,  9593,  6716,  2392],
        [ 7390, 22920,  8330,  6188,  1265]], device='cuda:0'))
target.shape: torch.Size([63784])
topk target: torch.return_types.topk(
values=tensor([1.0000, 1.0000, 1.0000, 1.0000, 1.0000], device='cuda:0'),
indices=tensor([30194, 30193, 30195, 30197, 30196], device='cuda:0'))
titles: r_65 (-), t=14 (42 h)
vmin: 0.030170559883117676, vmax: 1.2157928943634033
topk samples: torch.return_types.topk(
values=tensor([[1.1966, 1.1760, 1.1567, 1.1559, 1.1546],
        [1.2158, 1.2139, 1.1775, 1.1701, 1.1641],
        [1.2005, 1.1924, 1.1904, 1.1578, 1.1565],
        [1.1452, 1.1435, 1.1211, 1.1206, 1.1170],
        [1.1481, 1.1349, 1.1296, 1.1191, 1.1161]], device='cuda:0'),
indices=tensor([[ 9289,  9051,  8573,  8574,  9048],
        [20288, 17874, 10474, 28388, 25531],
        [27231,  5484, 23386,  4769, 28205],
        [27453, 14280, 11427, 29107, 25294],
        [ 7390,  6188, 22920,  8330,  6426]], device='cuda:0'))
target.shape: torch.Size([63784])
topk target: torch.return_types.topk(
values=tensor([1.0000, 1.0000, 1.0000, 1.0000, 1.0000], device='cuda:0'),
indices=tensor([30671, 30436, 30672, 30674, 30673], device='cuda:0'))
titles: t_2 (K), t=14 (42 h)
vmin: 249.52830505371094, vmax: 311.4881896972656
topk samples: torch.return_types.topk(
values=tensor([[308.3099, 301.3992, 300.5621, 299.7555, 299.6879],
        [299.9570, 299.6242, 299.4202, 299.3912, 299.2686],
        [298.3095, 298.1577, 298.1145, 298.0156, 297.9604],
        [302.5692, 299.9455, 299.5286, 299.5020, 299.4922],
        [311.4882, 302.1208, 301.1850, 300.1978, 299.6905]], device='cuda:0'),
indices=tensor([[ 2965,  2995,  3942,  3213,  2976],
        [ 1405,   703,   231,   227,   466],
        [ 2262,  2742, 14516,  1296,   346],
        [44685,   234,   472,   237,   475],
        [  474, 45668, 10811,   108,   346]], device='cuda:0'))
target.shape: torch.Size([63784])
topk target: torch.return_types.topk(
values=tensor([298.6890, 298.6665, 298.6069, 298.5708, 298.5620], device='cuda:0'),
indices=tensor([1639, 1878, 2345, 1643, 2347], device='cuda:0'))
titles: t_65 (K), t=14 (42 h)
vmin: 253.41070556640625, vmax: 307.8959655761719
topk samples: torch.return_types.topk(
values=tensor([[307.8960, 300.6511, 299.3526, 299.0863, 298.8279],
        [299.1960, 298.9243, 298.3762, 298.3730, 298.2896],
        [298.0471, 297.6691, 297.4289, 297.4251, 297.4214],
        [301.5472, 298.5442, 298.5208, 298.5078, 298.4645],
        [307.3941, 302.2659, 301.5804, 299.2159, 299.0791]], device='cuda:0'),
indices=tensor([[ 2965,  2995,  2976,  3213,  2737],
        [ 1405,   703,  1847,  1283,   466],
        [ 2262,  2263,  3440,  2026,  2742],
        [44685,   470,   234,   472,    38],
        [  474, 10811, 45668,   108,  1297]], device='cuda:0'))
target.shape: torch.Size([63784])
topk target: torch.return_types.topk(
values=tensor([297.2271, 297.1392, 297.1329, 297.1241, 297.1143], device='cuda:0'),
indices=tensor([1639, 1878, 2117, 1400, 1879], device='cuda:0'))
titles: t_500 (K), t=14 (42 h)
vmin: 226.66160583496094, vmax: 281.1199645996094
topk samples: torch.return_types.topk(
values=tensor([[273.9567, 270.8956, 270.5943, 270.3276, 267.8550],
        [281.1200, 273.7286, 270.3362, 270.2045, 268.1146],
        [267.6937, 267.5064, 267.4614, 265.2287, 264.0297],
        [278.4050, 271.8436, 268.8484, 268.7608, 264.6628],
        [277.0272, 276.3468, 271.3820, 269.4519, 269.4378]], device='cuda:0'),
indices=tensor([[ 2965, 18794,  8615, 42582, 51189],
        [17874, 54188, 51806,  7521,  1405],
        [17414, 12621, 14516, 30088,  8759],
        [44685, 41588, 12148, 14573, 13616],
        [  474, 10811, 13807, 20433, 45668]], device='cuda:0'))
target.shape: torch.Size([63784])
topk target: torch.return_types.topk(
values=tensor([262.9250, 262.9177, 262.8654, 262.8635, 262.8386], device='cuda:0'),
indices=tensor([19754, 19516, 19755, 19992, 19993], device='cuda:0'))
titles: t_850 (K), t=14 (42 h)
vmin: 231.0234375, vmax: 301.8584289550781
topk samples: torch.return_types.topk(
values=tensor([[301.8584, 289.8871, 288.5436, 288.4923, 288.4663],
        [290.9432, 290.5749, 290.4854, 290.3761, 290.3754],
        [287.2375, 287.2107, 287.1051, 287.0617, 286.9843],
        [290.2251, 287.4423, 287.3353, 287.2033, 287.1972],
        [298.5277, 295.3353, 287.7444, 286.7989, 286.3650]], device='cuda:0'),
indices=tensor([[ 2965,  2995, 51189,   306,    68],
        [  339,   815,   579,   573,   814],
        [  905,   666,   431,   657,   192],
        [44685,  1185,  1662,  1186,   234],
        [10811,   474,  8024, 45668, 20433]], device='cuda:0'))
target.shape: torch.Size([63784])
topk target: torch.return_types.topk(
values=tensor([284.0868, 284.0731, 284.0536, 284.0536, 284.0419], device='cuda:0'),
indices=tensor([9106, 9343, 9580, 9342, 9105], device='cuda:0'))
titles: u_65 (m/s), t=14 (42 h)
vmin: -23.412508010864258, vmax: 14.40833854675293
topk samples: torch.return_types.topk(
values=tensor([[11.5329, 11.4165, 11.2975, 11.1701, 11.0931],
        [11.8950, 11.7332, 11.3357, 11.2728, 11.1699],
        [10.3893,  6.5198,  6.2599,  5.9224,  5.9035],
        [13.0953, 12.9964, 12.6841, 12.6775, 12.5681],
        [12.5067, 12.2042, 11.9532, 11.9107, 11.6533]], device='cuda:0'),
indices=tensor([[61837, 49744, 59939, 63028, 60885],
        [52366, 50941, 50704, 50225, 52128],
        [60654,   952,   714,     3,   240],
        [  478,   239,     3,   241,   238],
        [  716,   478,   239,   717,   242]], device='cuda:0'))
target.shape: torch.Size([63784])
topk target: torch.return_types.topk(
values=tensor([14.4083, 14.2169, 14.0495, 13.9259, 13.8912], device='cuda:0'),
indices=tensor([42934, 40561, 41278, 37464, 37228], device='cuda:0'))
titles: u_850 (m/s), t=14 (42 h)
vmin: -45.911712646484375, vmax: 20.086563110351562
topk samples: torch.return_types.topk(
values=tensor([[ 8.1062,  7.8238,  7.6913,  7.5978,  7.4589],
        [ 7.1653,  7.0493,  6.9078,  6.8093,  5.9575],
        [ 3.0897,  3.0776,  3.0149,  2.5658,  2.5104],
        [13.6009, 13.3558, 12.4802, 12.2288, 12.2223],
        [12.9398, 11.2942, 10.7749, 10.1683, 10.0924]], device='cuda:0'),
indices=tensor([[58751, 59223, 59703, 58983, 59228],
        [50938, 50460, 50700, 50937, 50699],
        [    3,   779,   258,  1212,   286],
        [    4,     2,   715,   239,   716],
        [  241,   239,   479,   246,   484]], device='cuda:0'))
target.shape: torch.Size([63784])
topk target: torch.return_types.topk(
values=tensor([20.0866, 19.6188, 19.4616, 19.3151, 19.3131], device='cuda:0'),
indices=tensor([18500, 34378, 36993, 18739, 18977], device='cuda:0'))
titles: v_65 (m/s), t=14 (42 h)
vmin: -26.96497344970703, vmax: 30.158153533935547
topk samples: torch.return_types.topk(
values=tensor([[21.6585, 20.5807, 17.3748, 17.3006, 16.9185],
        [24.1093, 17.5266, 17.3436, 17.2154, 17.1728],
        [19.6248, 16.5289, 16.4546, 15.9668, 15.9660],
        [21.2282, 19.9425, 19.2444, 18.5895, 18.5614],
        [30.1582, 18.3966, 17.1603, 17.0863, 17.0056]], device='cuda:0'),
indices=tensor([[ 4225, 42232, 62117, 61622, 61620],
        [63279, 39281, 37130, 30704, 59365],
        [58837, 60572, 61036, 62470, 49049],
        [51130,  8803, 42842, 42605, 39990],
        [  474,  7633, 10731, 55265,  9541]], device='cuda:0'))
target.shape: torch.Size([63784])
topk target: torch.return_types.topk(
values=tensor([13.5417, 13.4689, 13.4543, 13.3835, 13.3249], device='cuda:0'),
indices=tensor([46650, 46888, 46412, 47126, 46174], device='cuda:0'))
titles: v_850 (m/s), t=14 (42 h)
vmin: -35.747432708740234, vmax: 35.21103286743164
topk samples: torch.return_types.topk(
values=tensor([[35.2110, 27.0310, 27.0184, 26.7585, 25.7461],
        [29.1652, 28.1720, 26.7590, 26.7526, 26.6275],
        [26.3726, 24.9924, 24.9284, 24.8953, 24.5482],
        [27.1319, 27.1230, 26.5939, 26.1054, 25.9871],
        [33.9967, 25.7598, 25.0285, 24.9657, 24.6430]], device='cuda:0'),
indices=tensor([[22531, 23686, 24162, 25114, 25108],
        [ 6769, 63279, 21536, 15814, 15338],
        [20841, 31175,  6040, 25848, 33550],
        [14156, 22009, 22977, 17242, 19973],
        [12968, 24100, 10811,  9130, 15544]], device='cuda:0'))
target.shape: torch.Size([63784])
topk target: torch.return_types.topk(
values=tensor([20.2587, 20.1669, 19.3583, 19.0946, 19.0800], device='cuda:0'),
indices=tensor([45149, 45624, 45387, 45150, 44912], device='cuda:0'))
titles: wvint_0 (kg/m²), t=14 (42 h)
vmin: 0.10033321380615234, vmax: 46.589595794677734
topk samples: torch.return_types.topk(
values=tensor([[46.5896, 40.8966, 40.7431, 40.4117, 40.0359],
        [40.4839, 40.1785, 40.1587, 40.1106, 40.0067],
        [36.3479, 35.6716, 34.3558, 34.1434, 34.1342],
        [35.0256, 32.7830, 32.6181, 32.6068, 32.4148],
        [44.5634, 34.3469, 32.0579, 31.5693, 30.7202]], device='cuda:0'),
indices=tensor([[ 2965,  2705,   570,  1741,  2466],
        [  954,  1192,   570,  1429,   811],
        [  654,   183,   655,   896,   895],
        [14573,  2413,  2651, 13616,  2650],
        [10811, 45668, 12968,  5342,  5577]], device='cuda:0'))
target.shape: torch.Size([63784])
topk target: torch.return_types.topk(
values=tensor([34.7208, 34.3790, 34.2628, 34.0309, 33.9493], device='cuda:0'),
indices=tensor([2098, 2809, 2332, 2097, 2571], device='cuda:0'))
titles: z_1000 (m²/s²), t=14 (42 h)
vmin: -3936.64697265625, vmax: 2264.55859375
topk samples: torch.return_types.topk(
values=tensor([[1029.4965, 1026.8154,  974.0922,  959.4831,  942.2369],
        [2264.5586, 1086.7305, 1046.2947, 1039.7109, 1030.6309],
        [ 921.6143,  915.9711,  907.3012,  900.0483,  887.7628],
        [2000.9143, 1363.9634, 1019.3983, 1017.8713, 1007.0356],
        [1238.0225, 1232.1086, 1221.0865, 1219.8127, 1206.1704]],
       device='cuda:0'),
indices=tensor([[18794,  2596,  6662,  6424,   212],
        [51806,   206,  1393,  1394,  1629],
        [  454,   141,   377,  2989,   376],
        [44685, 43110,  4044,  4037,  4038],
        [  213,  1403,   471,   233,  1402]], device='cuda:0'))
target.shape: torch.Size([63784])
topk target: torch.return_types.topk(
values=tensor([1697.7961, 1697.5461, 1697.4836, 1696.9211, 1696.8586],
       device='cuda:0'),
indices=tensor([17392, 17868, 18105, 18344, 18106], device='cuda:0'))
titles: z_500 (m²/s²), t=14 (42 h)
vmin: 43333.72265625, vmax: 60385.375
topk samples: torch.return_types.topk(
values=tensor([[58759.7969, 57923.4531, 56925.4492, 56489.5703, 56197.5117],
        [58037.1797, 57714.1172, 57580.4570, 57095.2812, 56705.9688],
        [56469.0000, 56238.4805, 56234.4883, 56219.3203, 56212.6680],
        [60385.3750, 56964.8672, 56922.5586, 56554.8047, 56539.0039],
        [59909.2148, 57815.2188, 57688.7578, 57413.0664, 57338.5039]],
       device='cuda:0'),
indices=tensor([[ 2965, 18794,  3942,  2995, 27308],
        [51806,  7521,  1405, 17874, 12781],
        [14516,  3467,  4419,  1329,  1331],
        [44685,  2311, 41588,  3090,  3563],
        [10811,   474,  8024, 20433, 12968]], device='cuda:0'))
target.shape: torch.Size([63784])
topk target: torch.return_types.topk(
values=tensor([56397.9141, 56397.6641, 56396.9141, 56396.9141, 56395.6641],
       device='cuda:0'),
indices=tensor([273, 272, 274, 271, 270], device='cuda:0'))
titles: pres_0g (Pa), t=15 (45 h)
vmin: 77704.2265625, vmax: 113524.5859375
topk samples: torch.return_types.topk(
values=tensor([[106813.3281, 106257.2656, 105778.6484, 105263.8438, 104882.1406],
        [111611.1641, 108758.3750, 108411.1094, 104934.3047, 103731.8047],
        [107784.8516, 104898.8047, 104433.9531, 102625.6797, 102447.3594],
        [108063.7109, 106321.9922, 103547.2188, 103421.0938, 103417.0703],
        [113524.5859, 108429.7969, 108334.7891, 107614.2656, 105752.8359]],
       device='cuda:0'),
indices=tensor([[42582, 26435,  8615, 18794,  4145],
        [ 1847, 59735, 54188, 53048, 15250],
        [60654, 41942, 21263, 56792, 42839],
        [44685, 30702, 50296, 50885, 29451],
        [45804, 12968, 63109, 57710, 10811]], device='cuda:0'))
target.shape: torch.Size([63784])
topk target: torch.return_types.topk(
values=tensor([102067.1797, 102026.1797, 101988.1797, 101982.1797, 101978.6797],
       device='cuda:0'),
indices=tensor([28851, 29329, 29568, 18329, 20496], device='cuda:0'))
titles: pres_0s (Pa), t=15 (45 h)
vmin: 95257.4453125, vmax: 102657.4765625
topk samples: torch.return_types.topk(
values=tensor([[101768.9297, 100988.7969, 100782.8047, 100739.2266, 100721.7578],
        [102657.4766, 100926.1250, 100823.3281, 100814.5156, 100813.3125],
        [102091.3359, 101135.2188, 100664.2969, 100610.9766, 100562.9297],
        [102175.8047, 101057.0781, 100808.3594, 100802.6797, 100796.6641],
        [101053.0000, 100999.1016, 100995.1719, 100953.1562, 100952.4062]],
       device='cuda:0'),
indices=tensor([[18794,  3457,   204,  6662,   201],
        [51806,   206,   441,  1393,   205],
        [54427, 22801,   454,   218,   216],
        [44685, 23570,  3087,   195,  2850],
        [  213,  1402,   214,   215,   451]], device='cuda:0'))
target.shape: torch.Size([63784])
topk target: torch.return_types.topk(
values=tensor([101969.8906, 101969.3906, 101969.3906, 101969.2656, 101968.7656],
       device='cuda:0'),
indices=tensor([19302, 19540, 19064, 20016, 19778], device='cuda:0'))
titles: nlwrs_0 (W/m²), t=15 (45 h)
vmin: -4493764.5, vmax: 371229.40625
topk samples: torch.return_types.topk(
values=tensor([[278781.4062, 245547.2500, 240207.9375, 229585.8438, 221173.7188],
        [243602.0312, 210069.6875, 160647.8125, 157620.7188, 152972.1875],
        [371229.4062, 342086.7500, 240221.8750, 226266.7812, 220067.0625],
        [321545.0938, 158116.2500, 156926.0938, 149732.8125, 148487.4375],
        [254189.9688, 186731.3750, 184514.1562, 173484.3438, 160835.7812]],
       device='cuda:0'),
indices=tensor([[23390, 14566,  5247, 26008, 28640],
        [17874, 25294,   718, 38228,   956],
        [ 4774, 17414, 40830, 26963, 27203],
        [25877, 43110, 30795, 39134,  6710],
        [28157, 30556, 30791, 29841, 39142]], device='cuda:0'))
target.shape: torch.Size([63784])
topk target: torch.return_types.topk(
values=tensor([4268., 3756., 2220., 1708.,  684.], device='cuda:0'),
indices=tensor([31888, 32602, 32126, 31634, 30929], device='cuda:0'))
titles: nswrs_0 (W/m²), t=15 (45 h)
vmin: -3428790.0, vmax: 10317622.0
topk samples: torch.return_types.topk(
values=tensor([[ 6518416.5000,  6463245.5000,  6462830.5000,  6432206.0000,
          6417741.0000],
        [ 6825380.0000,  6738489.0000,  6673258.5000,  6660573.5000,
          6629328.5000],
        [ 7009473.0000,  6788814.0000,  6699319.5000,  6679198.5000,
          6646188.5000],
        [ 6772272.0000,  6700081.0000,  6686869.5000,  6675456.5000,
          6660061.0000],
        [10317622.0000,  6843147.0000,  6627840.5000,  6609083.5000,
          6549996.5000]], device='cuda:0'),
indices=tensor([[3840, 2881,  503,   27, 1927],
        [  89,   44,  365,   40,   43],
        [ 275,  276,  261,   41,  280],
        [ 530,   45,   53,  284,  716],
        [ 474,   54,  990,   86, 1957]], device='cuda:0'))
target.shape: torch.Size([63784])
topk target: torch.return_types.topk(
values=tensor([6490726., 6489190., 6484070., 6482022., 6481510.], device='cuda:0'),
indices=tensor([0, 1, 7, 2, 6], device='cuda:0'))
titles: r_2 (-), t=15 (45 h)
vmin: -0.060224711894989014, vmax: 1.2660224437713623
topk samples: torch.return_types.topk(
values=tensor([[1.1211, 1.1180, 1.1153, 1.1146, 1.1118],
        [1.1993, 1.1789, 1.1373, 1.1328, 1.1269],
        [1.1569, 1.1453, 1.1301, 1.1285, 1.1246],
        [1.1317, 1.1267, 1.1015, 1.1003, 1.1002],
        [1.2660, 1.1574, 1.1497, 1.1422, 1.1366]], device='cuda:0'),
indices=tensor([[ 6902, 11428,  6903,  7141,  9289],
        [17874, 24348, 29106, 28387,  9761],
        [ 6231,  3152,  3151,   299, 29586],
        [ 4805, 23570,  9593, 29585,  7143],
        [ 7617, 11188,  8097,  6430, 10953]], device='cuda:0'))
target.shape: torch.Size([63784])
topk target: torch.return_types.topk(
values=tensor([1.0000, 1.0000, 1.0000, 1.0000, 1.0000], device='cuda:0'),
indices=tensor([30668, 28148, 30906, 30930, 30907], device='cuda:0'))
titles: r_65 (-), t=15 (45 h)
vmin: 0.06709533929824829, vmax: 1.2290635108947754
topk samples: torch.return_types.topk(
values=tensor([[1.1576, 1.1493, 1.1386, 1.1360, 1.1294],
        [1.2291, 1.1900, 1.1652, 1.1626, 1.1518],
        [1.2007, 1.1782, 1.1554, 1.1478, 1.1420],
        [1.1329, 1.1237, 1.1194, 1.1144, 1.1109],
        [1.2221, 1.1674, 1.1575, 1.1545, 1.1441]], device='cuda:0'),
indices=tensor([[29108, 27681,  6903,  6902,  9286],
        [24348, 17874, 29106, 28387, 10234],
        [28148,  6231,  4774,  3151, 36753],
        [26493, 41766, 24113, 27441, 25877],
        [ 7617,  7140,  8097,  6430,  2701]], device='cuda:0'))
target.shape: torch.Size([63784])
topk target: torch.return_types.topk(
values=tensor([1.0000, 1.0000, 1.0000, 1.0000, 1.0000], device='cuda:0'),
indices=tensor([30668, 28148, 30906, 31400, 31145], device='cuda:0'))
titles: t_2 (K), t=15 (45 h)
vmin: 248.93153381347656, vmax: 312.6068420410156
topk samples: torch.return_types.topk(
values=tensor([[311.8473, 302.9765, 302.1036, 301.5551, 300.5289],
        [302.3846, 300.3077, 299.8546, 299.5686, 299.4859],
        [304.1341, 300.1599, 300.1333, 299.9569, 299.7493],
        [304.1758, 301.1464, 301.0039, 300.8948, 300.3630],
        [312.6068, 301.8322, 301.6780, 301.5914, 300.9593]], device='cuda:0'),
indices=tensor([[ 2965,  2995,  4145,  3942,  3450],
        [ 1405,   329,  1847,  7521,   725],
        [22801,  1296,  2263,  1058,  2262],
        [44685,   475,   234,   237,   472],
        [  474,  2244, 10811, 45668,  2246]], device='cuda:0'))
target.shape: torch.Size([63784])
topk target: torch.return_types.topk(
values=tensor([299.4583, 299.4261, 299.3988, 299.3949, 299.3714], device='cuda:0'),
indices=tensor([2130, 1891, 1654, 2370, 2368], device='cuda:0'))
titles: t_65 (K), t=15 (45 h)
vmin: 251.38609313964844, vmax: 311.3084716796875
topk samples: torch.return_types.topk(
values=tensor([[311.3085, 302.4905, 301.7388, 300.1227, 300.0232],
        [301.8275, 299.6694, 299.3250, 299.2566, 299.1239],
        [299.9362, 299.7529, 299.5615, 299.4869, 299.4084],
        [303.2570, 300.4075, 300.0992, 300.0328, 299.9605],
        [309.0324, 302.6312, 301.3589, 300.9622, 300.6076]], device='cuda:0'),
indices=tensor([[ 2965,  2995,  4145,  3450,  3213],
        [ 1405,   329,  7521,   725,  2492],
        [ 2263,  3205,  2262,  1296,  2496],
        [44685,   475,   234,   237,   472],
        [  474, 10811, 45668,  2244,  2011]], device='cuda:0'))
target.shape: torch.Size([63784])
topk target: torch.return_types.topk(
values=tensor([298.2949, 298.2822, 298.2685, 298.2446, 298.2309], device='cuda:0'),
indices=tensor([1643, 1878, 2119, 1881, 1884], device='cuda:0'))
titles: t_500 (K), t=15 (45 h)
vmin: 226.49058532714844, vmax: 280.8802490234375
topk samples: torch.return_types.topk(
values=tensor([[274.1945, 270.1803, 269.8142, 269.5337, 268.8922],
        [280.8802, 272.6371, 270.0836, 269.1892, 267.4534],
        [275.4338, 268.6576, 266.8656, 266.3904, 266.0491],
        [279.1841, 272.5493, 269.3157, 266.9603, 265.5303],
        [277.7104, 276.3992, 271.4482, 268.8365, 268.7506]], device='cuda:0'),
indices=tensor([[ 2965, 18794, 42582,  8615, 22531],
        [17874, 54188, 51806,  7521, 12781],
        [40830, 17414, 12621, 54427, 14516],
        [44685, 41588, 12148, 14573, 34236],
        [  474, 10811, 13807, 20433, 45668]], device='cuda:0'))
target.shape: torch.Size([63784])
topk target: torch.return_types.topk(
values=tensor([262.4850, 262.4840, 262.4821, 262.4821, 262.4816], device='cuda:0'),
indices=tensor([23087, 23086, 22849, 22611, 22610], device='cuda:0'))
titles: t_850 (K), t=15 (45 h)
vmin: 231.58453369140625, vmax: 303.0224609375
topk samples: torch.return_types.topk(
values=tensor([[303.0225, 290.3692, 289.4789, 289.0066, 288.9962],
        [290.8206, 290.6916, 290.5995, 290.5102, 290.4201],
        [288.4909, 288.3221, 288.2539, 288.1566, 288.1269],
        [290.3828, 289.2273, 287.2024, 287.1633, 287.1623],
        [301.0800, 298.3569, 288.4726, 288.1764, 286.7591]], device='cuda:0'),
indices=tensor([[ 2965,  2995,   312,    68,   306],
        [  339,   103,   579,   105,   341],
        [  103,  1295,   341,   578,  1058],
        [44685,  3833,  1656,  1182,  2139],
        [10811,   474,  8024, 12968,  4633]], device='cuda:0'))
target.shape: torch.Size([63784])
topk target: torch.return_types.topk(
values=tensor([284.7310, 284.7144, 284.7144, 284.7057, 284.7042], device='cuda:0'),
indices=tensor([1879, 1880, 1878, 1640, 1881], device='cuda:0'))
titles: u_65 (m/s), t=15 (45 h)
vmin: -33.25716781616211, vmax: 16.24600601196289
topk samples: torch.return_types.topk(
values=tensor([[10.8853, 10.8301, 10.8140, 10.6551, 10.6187],
        [ 7.8604,  7.8530,  7.8310,  7.6522,  7.4921],
        [ 9.2968,  9.1910,  8.3833,  8.0644,  7.9951],
        [16.2460, 15.3585, 15.1777, 15.1167, 14.9707],
        [15.7322, 14.4821, 14.2353, 13.8265, 13.2902]], device='cuda:0'),
indices=tensor([[11903, 51408, 12140, 12139, 12379],
        [50225, 50462, 51415, 51889, 52598],
        [    3,   722,   483,   242,   953],
        [    0,   239,   477,     3,  1192],
        [  243,   476,   716,   717,   242]], device='cuda:0'))
target.shape: torch.Size([63784])
topk target: torch.return_types.topk(
values=tensor([13.5936, 13.4994, 13.3993, 13.2704, 13.0018], device='cuda:0'),
indices=tensor([28993, 33738, 43198, 38896, 34846], device='cuda:0'))
titles: u_850 (m/s), t=15 (45 h)
vmin: -46.7867546081543, vmax: 20.670778274536133
topk samples: torch.return_types.topk(
values=tensor([[ 9.1931,  6.4421,  6.2163,  6.1450,  5.9431],
        [ 5.1626,  5.1056,  4.9481,  4.6243,  4.5841],
        [ 6.0161,  5.3228,  5.0456,  5.0318,  4.5541],
        [15.8551, 15.5509, 15.3708, 15.2812, 14.9832],
        [11.1440, 10.5891, 10.5323,  9.5092,  9.3655]], device='cuda:0'),
indices=tensor([[49743, 49505, 62074, 50457, 50218],
        [  791,   316,    73,    79,   238],
        [  251,  1437,  2381,   250,   490],
        [  247,   723,   484,   961,   483],
        [    5,   241,   480,   239,     9]], device='cuda:0'))
target.shape: torch.Size([63784])
topk target: torch.return_types.topk(
values=tensor([20.6708, 20.6346, 20.4930, 20.3505, 19.8895], device='cuda:0'),
indices=tensor([20425, 20662, 22090, 21138, 20424], device='cuda:0'))
titles: v_65 (m/s), t=15 (45 h)
vmin: -26.351415634155273, vmax: 27.970661163330078
topk samples: torch.return_types.topk(
values=tensor([[19.2560, 19.0482, 18.1965, 17.6431, 16.6706],
        [18.6800, 18.4677, 18.4353, 18.1262, 18.1164],
        [19.5779, 18.0612, 17.7297, 17.0903, 16.1278],
        [20.0442, 19.9730, 18.8113, 18.6223, 18.5212],
        [27.9707, 18.2017, 17.6721, 17.6054, 17.4436]], device='cuda:0'),
indices=tensor([[55237, 42232,  4225, 50239, 61616],
        [63279, 35463, 35703, 37366, 37607],
        [48810, 58837, 60654, 60276, 60572],
        [42603, 42605, 38795,  5970, 40460],
        [  474,  9066, 11207,  9541,  9304]], device='cuda:0'))
target.shape: torch.Size([63784])
topk target: torch.return_types.topk(
values=tensor([13.0536, 13.0340, 13.0169, 13.0116, 13.0086], device='cuda:0'),
indices=tensor([48318, 48081, 48555, 48080, 48319], device='cuda:0'))
titles: v_850 (m/s), t=15 (45 h)
vmin: -35.940895080566406, vmax: 33.13885498046875
topk samples: torch.return_types.topk(
values=tensor([[26.3208, 26.0508, 24.9382, 24.8243, 24.6306],
        [33.1389, 32.1375, 28.5112, 25.8267, 25.6690],
        [25.1383, 24.7628, 24.4780, 24.3944, 23.9081],
        [26.6027, 26.4872, 26.4095, 25.2011, 25.1526],
        [25.3245, 25.2115, 25.1758, 25.1585, 24.7634]], device='cuda:0'),
indices=tensor([[27248, 25102, 22973, 26532, 26057],
        [ 2492,  5577,  6769, 16766, 17703],
        [  665, 34744, 35221, 34745, 39262],
        [19150, 11536, 22744, 14630, 14370],
        [14122, 13166, 15546, 10811, 13169]], device='cuda:0'))
target.shape: torch.Size([63784])
topk target: torch.return_types.topk(
values=tensor([17.4299, 16.8918, 16.6584, 16.6545, 16.4768], device='cuda:0'),
indices=tensor([39692, 41114, 37559, 37796, 40877], device='cuda:0'))
titles: wvint_0 (kg/m²), t=15 (45 h)
vmin: -0.8075408935546875, vmax: 45.368865966796875
topk samples: torch.return_types.topk(
values=tensor([[45.2902, 40.9997, 40.8027, 40.7648, 40.7476],
        [39.2469, 38.7538, 38.7478, 38.5998, 38.4112],
        [35.3479, 35.2567, 34.8058, 34.7250, 34.7230],
        [34.3292, 33.3464, 33.1332, 32.0835, 32.0688],
        [45.3689, 36.2287, 33.9845, 33.5809, 33.4861]], device='cuda:0'),
indices=tensor([[ 2965,  5080,  4604,  3890,  4128],
        [  570,   718,   478,   462,    97],
        [  662,   660,   898,  1135,   899],
        [   35, 44685,   512,    34,   275],
        [10811, 45668,   477,   481,   482]], device='cuda:0'))
target.shape: torch.Size([63784])
topk target: torch.return_types.topk(
values=tensor([37.9074, 37.3674, 37.2453, 36.6994, 36.6584], device='cuda:0'),
indices=tensor([ 909,  912,  911, 1152, 2107], device='cuda:0'))
titles: z_1000 (m²/s²), t=15 (45 h)
vmin: -3970.84619140625, vmax: 2020.53515625
topk samples: torch.return_types.topk(
values=tensor([[ 960.6360,  866.2068,  832.9396,  820.2401,  819.6487],
        [2020.5352, 1016.9950,  964.3201,  928.0145,  926.0881],
        [ 749.1822,  728.0385,  726.1531,  724.5143,  716.3239],
        [1813.8298,  938.0444,  937.6791,  916.2961,  915.7338],
        [1163.8589, 1134.7421, 1126.6005, 1096.9858, 1095.6881]],
       device='cuda:0'),
indices=tensor([[18794,  2596,   204,   212,  3309],
        [51806, 12158,   206,  1394,  1393],
        [  454,   377,   218,  2989,   455],
        [44685,   195,   192,   435, 43110],
        [  213,  1403,  1402,   927,   233]], device='cuda:0'))
target.shape: torch.Size([63784])
topk target: torch.return_types.topk(
values=tensor([1608.5746, 1608.4496, 1608.3246, 1608.1371, 1608.1371],
       device='cuda:0'),
indices=tensor([19302, 16206, 14062, 19064, 14300], device='cuda:0'))
titles: z_500 (m²/s²), t=15 (45 h)
vmin: 43247.8671875, vmax: 60148.88671875
topk samples: torch.return_types.topk(
values=tensor([[58553.8398, 57734.1328, 56875.9648, 56368.6484, 56159.3203],
        [57735.4180, 57520.0508, 57437.3945, 56652.5938, 56613.0312],
        [57101.1953, 56306.4219, 56257.5859, 56232.7266, 56226.9453],
        [60148.8867, 56831.6055, 56731.1641, 56589.0938, 56574.8477],
        [59615.5586, 58151.0039, 57791.4180, 57602.6680, 57247.4961]],
       device='cuda:0'),
indices=tensor([[ 2965, 18794,  3942,  2995,  3309],
        [51806,  7521,  1405, 17874,   940],
        [54427, 14516,  1329,  1331,  3467],
        [44685,  2311, 41588,  3090,  2850],
        [10811, 12968,   474,  8024, 20433]], device='cuda:0'))
target.shape: torch.Size([63784])
topk target: torch.return_types.topk(
values=tensor([56408.0547, 56407.6797, 56407.3047, 56407.3047, 56407.1797],
       device='cuda:0'),
indices=tensor([282, 283, 281, 277, 278], device='cuda:0'))
titles: pres_0g (Pa), t=16 (48 h)
vmin: 77540.140625, vmax: 113197.09375
topk samples: torch.return_types.topk(
values=tensor([[106430.5078, 105806.3203, 105455.8438, 105116.7578, 104826.4062],
        [111486.9219, 108795.4062, 108158.8125, 104648.8906, 103415.0312],
        [107564.7266, 104582.2109, 104217.8125, 102932.8828, 102384.2891],
        [107791.5000, 106064.9609, 103814.3750, 103307.3984, 103262.0000],
        [113197.0938, 108481.5156, 108042.8125, 107383.8906, 105408.6406]],
       device='cuda:0'),
indices=tensor([[42582, 26435,  8615, 18794,  4145],
        [ 1847, 59735, 54188, 53048, 15250],
        [60654, 41942, 21263, 11191, 56792],
        [44685, 30702, 26460, 50296, 50885],
        [45804, 12968, 63109, 57710, 10811]], device='cuda:0'))
target.shape: torch.Size([63784])
topk target: torch.return_types.topk(
values=tensor([102007.2969, 101962.7969, 101933.7969, 101915.2969, 101910.7969],
       device='cuda:0'),
indices=tensor([28851, 29329, 29568, 29327, 23835], device='cuda:0'))
titles: pres_0s (Pa), t=16 (48 h)
vmin: 95116.734375, vmax: 102370.84375
topk samples: torch.return_types.topk(
values=tensor([[101548.0547, 100721.9766, 100671.8906, 100667.9688, 100659.0938],
        [102370.8438, 100792.0391, 100710.9219, 100622.7500, 100610.5156],
        [101934.4141, 101260.9297, 100479.1953, 100428.7188, 100381.5312],
        [101869.0156, 100730.1953, 100728.4062, 100711.9297, 100710.0234],
        [100905.5859, 100862.0156, 100854.3984, 100843.5547, 100838.6406]],
       device='cuda:0'),
indices=tensor([[18794,  3457,   206,   204,   201],
        [51806,  2492,   206,   200,  1393],
        [54427, 22801,   454,   218,   455],
        [44685,  4044,  3087,  4045,  3568],
        [  213,  1402,   215,   233,   214]], device='cuda:0'))
target.shape: torch.Size([63784])
topk target: torch.return_types.topk(
values=tensor([101883.6094, 101883.4844, 101883.3594, 101883.2344, 101883.2344],
       device='cuda:0'),
indices=tensor([15497, 22165, 15735, 22164, 14783], device='cuda:0'))
titles: nlwrs_0 (W/m²), t=16 (48 h)
vmin: -4536358.0, vmax: 309132.59375
topk samples: torch.return_types.topk(
values=tensor([[223985.9062, 172646.7812, 159072.4688, 157274.7500, 157048.8125],
        [193467.2188, 144687.8750, 137868.4062, 132676.4688, 123482.7188],
        [309132.5938, 245494.9688, 227257.2812, 212895.7188, 204058.5312],
        [189891.8438, 184107.6250, 179509.3438, 134337.3438, 114123.1562],
        [171773.0312, 151115.8438, 150647.0312, 133447.2812, 130923.2188]],
       device='cuda:0'),
indices=tensor([[26009, 14566, 29260, 27452, 24106],
        [ 2857, 27443, 24591,  9597,  9359],
        [24338, 17414,  4774, 28148, 41290],
        [25877, 34611, 42244, 40807, 43198],
        [ 2395,  2872, 27679, 27668, 31040]], device='cuda:0'))
target.shape: torch.Size([63784])
topk target: torch.return_types.topk(
values=tensor([26128., 16912., 15888., 15376., 12816.], device='cuda:0'),
indices=tensor([31400, 31637, 31639, 31638, 32110], device='cuda:0'))
titles: nswrs_0 (W/m²), t=16 (48 h)
vmin: -816300.0625, vmax: 5971700.5
topk samples: torch.return_types.topk(
values=tensor([[4750238.5000, 4430221.0000, 4386768.0000, 4378999.5000, 4367205.0000],
        [5066013.0000, 5039825.0000, 4970175.0000, 4965011.0000, 4935594.0000],
        [4695799.0000, 4636468.0000, 4596825.0000, 4589946.0000, 4500174.0000],
        [5300455.5000, 5286854.0000, 5254479.0000, 5228551.5000, 5201694.0000],
        [5971700.5000, 4457086.5000, 4384221.5000, 4372371.5000, 4359956.5000]],
       device='cuda:0'),
indices=tensor([[   34,  3123,     7,   266,    36],
        [ 1442,    11,    24, 23087, 28084],
        [  276,   512,   476,    36,   274],
        [  239,   714,  1192,   481,   952],
        [  474,    49, 30702,    50,    31]], device='cuda:0'))
target.shape: torch.Size([63784])
topk target: torch.return_types.topk(
values=tensor([4913420., 4911372., 4908300., 4906252., 4905228.], device='cuda:0'),
indices=tensor([241, 239, 242, 240,   2], device='cuda:0'))
titles: r_2 (-), t=16 (48 h)
vmin: 0.15417492389678955, vmax: 1.2417709827423096
topk samples: torch.return_types.topk(
values=tensor([[1.1730, 1.1656, 1.1539, 1.1499, 1.1345],
        [1.2418, 1.2055, 1.1525, 1.1377, 1.1252],
        [1.1737, 1.1347, 1.1234, 1.1214, 1.1158],
        [1.1324, 1.1248, 1.1195, 1.1159, 1.1117],
        [1.1482, 1.1422, 1.1409, 1.1379, 1.1305]], device='cuda:0'),
indices=tensor([[ 6902, 27681, 11188, 46242, 11428],
        [29106, 17874, 26488, 24348, 11188],
        [25775,  6437, 25535, 11189, 11188],
        [ 5288, 20654, 29106, 11427,  6664],
        [19516, 11188,  7617, 10953, 41976]], device='cuda:0'))
target.shape: torch.Size([63784])
topk target: torch.return_types.topk(
values=tensor([1.0000, 1.0000, 1.0000, 1.0000, 1.0000], device='cuda:0'),
indices=tensor([27669,  7373, 28148, 28618, 28387], device='cuda:0'))
titles: r_65 (-), t=16 (48 h)
vmin: 0.17805582284927368, vmax: 1.2660512924194336
topk samples: torch.return_types.topk(
values=tensor([[1.2661, 1.1748, 1.1455, 1.1402, 1.1313],
        [1.2185, 1.1960, 1.1958, 1.1873, 1.1593],
        [1.2476, 1.1952, 1.1718, 1.1515, 1.1506],
        [1.1859, 1.1828, 1.1434, 1.1398, 1.1253],
        [1.1748, 1.1738, 1.1409, 1.1406, 1.1312]], device='cuda:0'),
indices=tensor([[27681,  6902, 11188,  8333, 11187],
        [29106, 24348, 17874, 26488, 26728],
        [28148, 25535, 30792, 29829,  6437],
        [39380, 29106, 28148,  5288, 25533],
        [19516, 27204, 13578, 18564, 29821]], device='cuda:0'))
target.shape: torch.Size([63784])
topk target: torch.return_types.topk(
values=tensor([1.0000, 1.0000, 1.0000, 1.0000, 1.0000], device='cuda:0'),
indices=tensor([28148, 27669, 28387, 28624, 28618], device='cuda:0'))
titles: t_2 (K), t=16 (48 h)
vmin: 248.0380096435547, vmax: 310.7466735839844
topk samples: torch.return_types.topk(
values=tensor([[310.7467, 302.1444, 301.0341, 300.2864, 298.2726],
        [299.4671, 299.2124, 299.1719, 298.7279, 298.7097],
        [301.4880, 299.0706, 299.0303, 298.8058, 298.7157],
        [302.6413, 299.2344, 298.8686, 298.7960, 298.7609],
        [305.6542, 301.4262, 300.2590, 299.4919, 299.3305]], device='cuda:0'),
indices=tensor([[ 2965,  2995,  4145,  3942,  3213],
        [ 1405,    13,   329,   967,    42],
        [22801,  3203,  2727,    37,  3205],
        [44685,   237,    49,  1238,   761],
        [  474, 10811,  2244, 45668,  2246]], device='cuda:0'))
target.shape: torch.Size([63784])
topk target: torch.return_types.topk(
values=tensor([297.4908, 297.3409, 297.3317, 297.3268, 297.3087], device='cuda:0'),
indices=tensor([1884, 2133, 2120, 1886, 1644], device='cuda:0'))
titles: t_65 (K), t=16 (48 h)
vmin: 249.9026336669922, vmax: 310.97589111328125
topk samples: torch.return_types.topk(
values=tensor([[310.9759, 302.5216, 301.5399, 299.3258, 299.1648],
        [299.6752, 299.3474, 299.1346, 299.1298, 298.9552],
        [299.8437, 299.8336, 299.5677, 299.5529, 299.4464],
        [302.4102, 299.7167, 299.1384, 299.0484, 299.0056],
        [304.4569, 302.2273, 300.6961, 299.9167, 299.7732]], device='cuda:0'),
indices=tensor([[ 2965,  2995,  4145,  3942,  2499],
        [ 1405,   329,    13,   967,   487],
        [ 3203,  3205,  3440,  2727,  2966],
        [44685,  1238,    49,   237,   761],
        [  474, 10811,  2244,  3198,  2246]], device='cuda:0'))
target.shape: torch.Size([63784])
topk target: torch.return_types.topk(
values=tensor([297.6231, 297.5957, 297.4468, 297.3907, 297.3731], device='cuda:0'),
indices=tensor([1884, 1882, 2133, 2125, 2120], device='cuda:0'))
titles: t_500 (K), t=16 (48 h)
vmin: 226.57235717773438, vmax: 280.46783447265625
topk samples: torch.return_types.topk(
values=tensor([[272.7042, 269.2621, 268.5682, 268.4775, 268.0447],
        [280.4678, 271.3711, 269.2861, 268.4086, 267.0933],
        [275.8198, 272.4691, 268.1285, 266.7372, 265.6782],
        [278.0581, 272.5765, 268.8574, 266.2150, 265.8337],
        [277.4709, 276.2020, 270.7073, 268.6562, 268.2823]], device='cuda:0'),
indices=tensor([[ 2965, 22531,  8615, 18794, 42582],
        [17874, 54188, 51806,  7521, 12781],
        [40830, 54427, 17414, 12621,  8759],
        [44685, 41588, 12148, 23343, 34236],
        [  474, 10811, 13807, 20433, 45668]], device='cuda:0'))
target.shape: torch.Size([63784])
topk target: torch.return_types.topk(
values=tensor([262.8572, 262.8431, 262.8265, 262.8172, 262.8104], device='cuda:0'),
indices=tensor([22611, 22849, 22373, 23087, 22613], device='cuda:0'))
titles: t_850 (K), t=16 (48 h)
vmin: 231.848388671875, vmax: 302.5721435546875
topk samples: torch.return_types.topk(
values=tensor([[302.5721, 290.0651, 289.7110, 289.5403, 289.2945],
        [290.8698, 290.7003, 290.0253, 290.0128, 290.0044],
        [288.2889, 288.2100, 288.1880, 288.1786, 288.1258],
        [289.8019, 287.4969, 287.4562, 287.4137, 287.3717],
        [300.9395, 296.3481, 296.1044, 288.5844, 287.4561]], device='cuda:0'),
indices=tensor([[ 2965,  2995,  8375,  8615,  3942],
        [ 7521, 12781,  1405,   102,   339],
        [  341,   100,   901,   816,   579],
        [44685,  2611,  1181,  1660,   946],
        [10811,   474, 12968,  8024,   367]], device='cuda:0'))
target.shape: torch.Size([63784])
topk target: torch.return_types.topk(
values=tensor([284.9652, 284.9164, 284.9134, 284.9002, 284.8993], device='cuda:0'),
indices=tensor([2135, 2373, 1897, 2136, 2850], device='cuda:0'))
titles: u_65 (m/s), t=16 (48 h)
vmin: -23.533193588256836, vmax: 15.964811325073242
topk samples: torch.return_types.topk(
values=tensor([[12.4879, 12.2871, 12.1811, 11.1274, 10.8268],
        [ 9.4098,  7.8248,  7.6706,  7.2698,  6.9965],
        [11.1859,  9.6717,  9.6510,  9.6492,  9.3045],
        [14.7826, 13.6548, 13.6131, 13.3064, 13.2749],
        [15.8311, 15.0282, 14.9382, 14.7394, 14.6927]], device='cuda:0'),
indices=tensor([[14049, 12140, 15241,     4, 13094],
        [33604,     2,   478,   479,   476],
        [  484,     8,     6,   483,   957],
        [  724,   481,   480,   239,   241],
        [  243,     1,   479,   717,   714]], device='cuda:0'))
target.shape: torch.Size([63784])
topk target: torch.return_types.topk(
values=tensor([15.9648, 15.8838, 15.8232, 15.7509, 15.6709], device='cuda:0'),
indices=tensor([28520, 28281, 28282, 28519, 28757], device='cuda:0'))
titles: u_850 (m/s), t=16 (48 h)
vmin: -61.09535217285156, vmax: 23.889827728271484
topk samples: torch.return_types.topk(
values=tensor([[ 7.3188,  6.3704,  5.9815,  5.8381,  5.8004],
        [ 5.1781,  5.1447,  4.6854,  4.5426,  3.9338],
        [ 8.1527,  6.9909,  6.7457,  6.5864,  6.0287],
        [16.8656, 16.2240, 16.0654, 16.0324, 15.8339],
        [14.9664, 14.6951, 14.4351, 13.2134, 12.7604]], device='cuda:0'),
indices=tensor([[49743,   477, 10949, 12614,   479],
        [ 3332,   238,   476,  1741,   478],
        [  239,  3334,     3,  2619,    10],
        [  247,   248,   485,   487,     4],
        [    9,   723,   245,    11,     7]], device='cuda:0'))
target.shape: torch.Size([63784])
topk target: torch.return_types.topk(
values=tensor([23.8898, 22.6769, 22.2336, 22.0637, 21.9875], device='cuda:0'),
indices=tensor([20679, 20917, 19963, 36828, 37065], device='cuda:0'))
titles: v_65 (m/s), t=16 (48 h)
vmin: -26.46990966796875, vmax: 24.582073211669922
topk samples: torch.return_types.topk(
values=tensor([[21.5003, 19.7130, 18.7395, 17.0108, 16.7054],
        [19.8659, 19.2828, 19.0443, 18.8980, 18.6489],
        [17.3423, 17.3179, 16.4763, 16.2569, 16.2240],
        [18.7922, 18.4587, 18.3483, 18.2835, 18.2500],
        [24.5821, 20.9597, 18.2443, 18.0594, 18.0114]], device='cuda:0'),
indices=tensor([[42232, 55237, 17414, 50239, 61853],
        [37606, 37610, 37607, 36653, 35703],
        [58837,  3314, 40830, 60654, 49768],
        [38795,  6210, 37606,  5970,  5732],
        [  474,  3121,  9069,  9070,  8826]], device='cuda:0'))
target.shape: torch.Size([63784])
topk target: torch.return_types.topk(
values=tensor([13.2836, 13.1967, 13.1474, 13.1259, 13.0683], device='cuda:0'),
indices=tensor([49513, 49274, 49275, 49512, 50698], device='cuda:0'))
titles: v_850 (m/s), t=16 (48 h)
vmin: -38.54313659667969, vmax: 30.190092086791992
topk samples: torch.return_types.topk(
values=tensor([[25.2167, 25.0035, 24.2564, 24.2070, 24.0762],
        [30.1901, 29.5730, 28.8448, 26.5171, 25.5878],
        [25.0430, 24.5994, 24.3137, 24.0736, 24.0000],
        [27.2744, 27.2636, 26.0394, 25.7705, 25.6900],
        [25.2021, 24.8175, 24.1097, 23.9293, 23.8831]], device='cuda:0'),
indices=tensor([[11953, 10057, 10534, 10286, 10047],
        [ 2492,  6769,  5577, 36416,  8671],
        [ 2564,  3519,  2089,   662,  2326],
        [ 7393, 16058, 17482, 17246, 14630],
        [41976, 10319, 28557, 21879, 11033]], device='cuda:0'))
target.shape: torch.Size([63784])
topk target: torch.return_types.topk(
values=tensor([15.7687, 15.6681, 15.6056, 15.5763, 15.5685], device='cuda:0'),
indices=tensor([50224, 49986, 50462, 50223, 51886], device='cuda:0'))
titles: wvint_0 (kg/m²), t=16 (48 h)
vmin: -1.9232940673828125, vmax: 47.10322570800781
topk samples: torch.return_types.topk(
values=tensor([[44.5645, 39.9789, 39.8530, 39.7709, 39.7608],
        [40.8534, 39.6863, 39.3057, 38.4995, 38.4140],
        [36.2782, 35.9553, 35.4574, 35.3093, 35.3051],
        [34.9951, 34.3319, 33.2049, 32.7684, 32.2699],
        [47.1032, 34.8498, 34.5105, 34.0935, 33.8667]], device='cuda:0'),
indices=tensor([[ 2965,  5553,  5079,  5311,  8615],
        [ 2857,  3100,  2861,  2860,  2622],
        [  629,   743,   872,   393,   870],
        [44685,   275,    37,    35,   512],
        [10811, 45668, 12968,   590,  1200]], device='cuda:0'))
target.shape: torch.Size([63784])
topk target: torch.return_types.topk(
values=tensor([37.8006, 37.0955, 36.3826, 36.0398, 35.9090], device='cuda:0'),
indices=tensor([1639, 4029, 2593, 1638, 1402], device='cuda:0'))
titles: z_1000 (m²/s²), t=16 (48 h)
vmin: -4000.8583984375, vmax: 1803.2479248046875
topk samples: torch.return_types.topk(
values=tensor([[ 857.1251,  814.1927,  809.6982,  807.7422,  792.4341],
        [1803.2479, 1009.5199,  899.6300,  823.5968,  809.9592],
        [ 611.9822,  608.4130,  593.0483,  577.1644,  559.2173],
        [1617.0352,  890.9155,  888.7336,  882.6756,  880.8484],
        [1104.5426, 1090.9839, 1086.2490, 1078.0634, 1070.0394]],
       device='cuda:0'),
indices=tensor([[18794,   212,  2596,   206,  3309],
        [51806, 12158,  2492,  4997,   206],
        [  218,   454,   455,  2989,  2748],
        [44685,   227,   192,  2128,   466],
        [  213,   471,  1402,  1403,   233]], device='cuda:0'))
target.shape: torch.Size([63784])
topk target: torch.return_types.topk(
values=tensor([1548.4563, 1548.3938, 1548.3313, 1548.2063, 1548.1438],
       device='cuda:0'),
indices=tensor([9310, 9311, 9073, 9548, 9074], device='cuda:0'))
titles: z_500 (m²/s²), t=16 (48 h)
vmin: 43164.23046875, vmax: 59851.4609375
topk samples: torch.return_types.topk(
values=tensor([[58326.2383, 57516.3047, 56712.2109, 56198.7930, 56102.9375],
        [57450.5586, 57342.1328, 57306.4375, 56505.2969, 56500.1797],
        [57172.9648, 56473.5664, 56258.2344, 56228.3906, 56221.3555],
        [59851.4609, 56676.6953, 56518.5820, 56513.3633, 56508.9219],
        [59226.7305, 58345.4844, 57638.4961, 57498.7539, 57133.3984]],
       device='cuda:0'),
indices=tensor([[ 2965, 18794,  3942,  2995,  3309],
        [51806,  7521,  1405,  1892,   940],
        [54427, 22801,  1329,  1331,   377],
        [44685,  2311,  3090,  2373,  2612],
        [10811, 12968,   474,  8024, 20433]], device='cuda:0'))
target.shape: torch.Size([63784])
topk target: torch.return_types.topk(
values=tensor([56431.8711, 56431.4961, 56431.3711, 56431.3711, 56431.1211],
       device='cuda:0'),
indices=tensor([529, 292, 530, 291, 531], device='cuda:0'))
titles: pres_0g (Pa), t=17 (51 h)
vmin: 77323.625, vmax: 112952.7734375
topk samples: torch.return_types.topk(
values=tensor([[106087.4062, 105422.8828, 105306.0156, 105098.2031, 104872.8672],
        [111464.5859, 108684.5078, 107948.2500, 104423.3594, 103113.4375],
        [107383.9375, 104314.6875, 104107.1797, 103191.8516, 102192.0000],
        [107531.8984, 105887.4062, 104023.2422, 103178.3672, 103109.3984],
        [112952.7734, 108523.9844, 107780.8438, 107237.5703, 106938.5000]],
       device='cuda:0'),
indices=tensor([[42582, 26435,  8615, 18794,  4145],
        [ 1847, 59735, 54188, 53048, 15250],
        [60654, 41942, 21263, 11191, 56792],
        [44685, 30702, 26460, 50296, 50885],
        [45804, 12968, 63109, 57710, 46986]], device='cuda:0'))
target.shape: torch.Size([63784])
topk target: torch.return_types.topk(
values=tensor([101987.9375, 101950.9375, 101926.9375, 101923.4375, 101902.9375],
       device='cuda:0'),
indices=tensor([28851, 29329, 29568, 24811, 29327], device='cuda:0'))
titles: pres_0s (Pa), t=17 (51 h)
vmin: 94775.03125, vmax: 102055.625
topk samples: torch.return_types.topk(
values=tensor([[101457.9688, 100625.9141, 100611.5703, 100610.0859, 100598.9297],
        [102055.6250, 101450.6016, 100749.3438, 100659.7031, 100654.6953],
        [101608.8516, 101339.1484, 100379.1328, 100325.7188, 100292.1641],
        [101569.2422, 100851.9922, 100717.1172, 100704.5938, 100703.5781],
        [100925.2578, 100902.5625, 100879.7344, 100865.9844, 100858.9453]],
       device='cuda:0'),
indices=tensor([[18794,   201,   204,   236,   206],
        [51806,  7530,  2492,   206,   230],
        [54427, 22801,   454,   218,   217],
        [44685,  6354,  4045,  3087,  2850],
        [  213,  1402,   209,   215,   210]], device='cuda:0'))
target.shape: torch.Size([63784])
topk target: torch.return_types.topk(
values=tensor([101902.3203, 101899.0703, 101898.8828, 101895.0078, 101890.5703],
       device='cuda:0'),
indices=tensor([1502, 1265, 1503, 1264, 1266], device='cuda:0'))
titles: nlwrs_0 (W/m²), t=17 (51 h)
vmin: -4581446.5, vmax: 279055.34375
topk samples: torch.return_types.topk(
values=tensor([[229902.4062, 221287.7812, 215574.2188, 196482.1562, 190866.8125],
        [253798.7812, 187802.6562, 184891.9375, 178893.7500, 158192.5625],
        [279055.3438, 272035.0312, 248078.6562, 231837.0000, 191629.6875],
        [178573.5312, 167569.3125, 150021.5312, 136623.5000, 128935.5938],
        [167557.4688, 153620.4688, 144483.1562, 143484.0938, 138704.7188]],
       device='cuda:0'),
indices=tensor([[27678, 42957, 27681, 44624, 25541],
        [ 1391, 39619,   717, 33418, 39438],
        [11814,  4774, 24338, 28400,  1431],
        [23632, 44627, 42480, 44151, 43911],
        [27670, 36281,  2396,  1917, 27671]], device='cuda:0'))
target.shape: torch.Size([63784])
topk target: torch.return_types.topk(
values=tensor([91092., 67540., 25044., 19924., 18388.], device='cuda:0'),
indices=tensor([28618, 27669, 28388, 33555, 33315], device='cuda:0'))
titles: nswrs_0 (W/m²), t=17 (51 h)
vmin: -1669194.75, vmax: 2268448.0
topk samples: torch.return_types.topk(
values=tensor([[1291536.8750, 1217342.8750, 1175332.7500, 1140455.0000, 1134451.2500],
        [1822144.2500, 1747757.7500, 1747526.2500, 1735535.7500, 1727524.2500],
        [1329404.7500, 1273225.2500, 1216308.2500, 1213183.2500, 1190357.2500],
        [1719355.5000, 1697512.2500, 1683923.2500, 1661118.2500, 1652076.2500],
        [2268448.0000, 1650277.7500, 1581923.2500, 1524990.0000, 1465951.2500]],
       device='cuda:0'),
indices=tensor([[  243,   238,  1466,  3111,  1927],
        [28799, 28085, 26420, 28084, 24752],
        [  476,     0, 40272,     4, 41198],
        [27132, 26895, 29036, 30942, 30226],
        [  474, 35700, 33559, 35463, 33082]], device='cuda:0'))
target.shape: torch.Size([63784])
topk target: torch.return_types.topk(
values=tensor([1169160., 1165064., 1165064., 1160968., 1154824.], device='cuda:0'),
indices=tensor([29989, 30227, 29751, 30465, 30703], device='cuda:0'))
titles: r_2 (-), t=17 (51 h)
vmin: 0.25976306200027466, vmax: 1.2039382457733154
topk samples: torch.return_types.topk(
values=tensor([[1.1306, 1.1205, 1.1011, 1.1000, 1.0964],
        [1.2039, 1.1254, 1.1108, 1.1087, 1.1028],
        [1.1883, 1.1821, 1.1584, 1.1572, 1.1419],
        [1.1175, 1.1170, 1.1087, 1.1070, 1.1061],
        [1.1539, 1.1433, 1.1410, 1.1320, 1.1296]], device='cuda:0'),
indices=tensor([[12614, 11188, 10710, 13328, 11427],
        [17874,  6940,  6703,  9123, 11188],
        [27909,  2669,  2199,   299,  6434],
        [10239,  3387, 10713, 10953,  3390],
        [11188,  1730,  1255, 19283, 10237]], device='cuda:0'))
target.shape: torch.Size([63784])
topk target: torch.return_types.topk(
values=tensor([1.0000, 1.0000, 1.0000, 1.0000, 1.0000], device='cuda:0'),
indices=tensor([1645, 1385, 2121, 4017, 3976], device='cuda:0'))
titles: r_65 (-), t=17 (51 h)
vmin: 0.22972756624221802, vmax: 1.2639727592468262
topk samples: torch.return_types.topk(
values=tensor([[1.1694, 1.1485, 1.1399, 1.1347, 1.1230],
        [1.2096, 1.1619, 1.1422, 1.1363, 1.1347],
        [1.2640, 1.2633, 1.2010, 1.1591, 1.1587],
        [1.1567, 1.1555, 1.1535, 1.1484, 1.1414],
        [1.2240, 1.1876, 1.1807, 1.1805, 1.1776]], device='cuda:0'),
indices=tensor([[28401, 27918, 27681, 12614, 35699],
        [17874, 28389, 27201, 10711, 26728],
        [27909, 11191, 19518,   299,    59],
        [10713,  9999, 10953, 11190, 10715],
        [ 1730, 11188, 11190, 28400, 19283]], device='cuda:0'))
target.shape: torch.Size([63784])
topk target: torch.return_types.topk(
values=tensor([1.0000, 1.0000, 1.0000, 1.0000, 1.0000], device='cuda:0'),
indices=tensor([ 5890,  5414, 26475, 27430, 27192], device='cuda:0'))
titles: t_2 (K), t=17 (51 h)
vmin: 248.2082061767578, vmax: 307.04949951171875
topk samples: torch.return_types.topk(
values=tensor([[307.0495, 297.9937, 297.9618, 297.6128, 295.9038],
        [296.9110, 296.4290, 296.3503, 296.1219, 295.9538],
        [296.8778, 296.7426, 296.5062, 296.3260, 296.0268],
        [300.0901, 297.2343, 297.1838, 296.6735, 296.4963],
        [301.0863, 297.9473, 297.0399, 296.8877, 296.6661]], device='cuda:0'),
indices=tensor([[ 2965,  4145,  2995,  3942,    64],
        [ 1405,  7521,    11,   487,    13],
        [22801,  1054,  1053,   104,   580],
        [44685,   470,   237,   710,   946],
        [10811,   474,  2959,  2244,  8024]], device='cuda:0'))
target.shape: torch.Size([63784])
topk target: torch.return_types.topk(
values=tensor([293.9906, 293.9095, 293.8783, 293.8602, 293.7523], device='cuda:0'),
indices=tensor([2611,  740, 1938, 1000, 2888], device='cuda:0'))
titles: t_65 (K), t=17 (51 h)
vmin: 249.4186553955078, vmax: 307.7306213378906
topk samples: torch.return_types.topk(
values=tensor([[307.7306, 299.2653, 299.0411, 297.7684, 297.2624],
        [297.5312, 297.5062, 297.4385, 297.3068, 297.0939],
        [298.1189, 297.4041, 297.3878, 297.2636, 297.2402],
        [300.1313, 297.6589, 297.2855, 297.1765, 297.0895],
        [301.7888, 298.1432, 297.7467, 297.6841, 297.6156]], device='cuda:0'),
indices=tensor([[ 2965,  2995,  4145,  3942,  6993],
        [ 7521,  1405,   729,    11,   580],
        [ 3204,  1054,   578,  1053,  3198],
        [44685,   470,   237,   946,  1185],
        [10811,  2959,  3198,  2244,  6287]], device='cuda:0'))
target.shape: torch.Size([63784])
topk target: torch.return_types.topk(
values=tensor([294.1593, 293.9991, 293.9523, 293.9113, 293.8693], device='cuda:0'),
indices=tensor([2611, 2607, 2849, 2373, 2850], device='cuda:0'))
titles: t_500 (K), t=17 (51 h)
vmin: 226.30239868164062, vmax: 277.953369140625
topk samples: torch.return_types.topk(
values=tensor([[271.3501, 268.1628, 268.1357, 267.1199, 266.7045],
        [277.9534, 270.5773, 268.3985, 267.5546, 267.1988],
        [273.6240, 271.1206, 268.5440, 266.8913, 266.4987],
        [277.5801, 271.8629, 268.1500, 266.4723, 266.0030],
        [275.2149, 274.5099, 271.3581, 268.9542, 268.6336]], device='cuda:0'),
indices=tensor([[ 2965, 18794, 22531,  8615, 18090],
        [17874, 54188, 51806,  7521, 17383],
        [54427, 40830, 11191, 12621, 17414],
        [44685, 41588, 12148, 23343, 14777],
        [10811,   474, 12968, 13807, 45668]], device='cuda:0'))
target.shape: torch.Size([63784])
topk target: torch.return_types.topk(
values=tensor([262.1133, 262.1133, 262.1104, 262.1035, 262.1035], device='cuda:0'),
indices=tensor([21448, 21684, 21445, 21683, 21446], device='cuda:0'))
titles: t_850 (K), t=17 (51 h)
vmin: 231.5078887939453, vmax: 301.7912292480469
topk samples: torch.return_types.topk(
values=tensor([[301.7912, 293.2625, 290.5808, 289.8483, 289.7938],
        [290.7310, 290.0752, 289.9803, 289.9719, 289.7030],
        [288.9267, 287.9037, 287.9007, 287.8335, 287.7498],
        [289.1230, 288.1963, 287.9453, 287.9371, 287.9221],
        [300.1561, 299.4416, 296.7179, 289.7542, 289.5771]], device='cuda:0'),
indices=tensor([[ 2965,  6993,  2995,  3942,  5318],
        [ 7521,   102,   339, 12781,   101],
        [14516,  1136,   867,   138,   154],
        [44685,   470,  1185,   709,   948],
        [10811, 12968,   474,   367,  8024]], device='cuda:0'))
target.shape: torch.Size([63784])
topk target: torch.return_types.topk(
values=tensor([284.8102, 284.7692, 284.7170, 284.7131, 284.7028], device='cuda:0'),
indices=tensor([944, 943, 705, 706, 704], device='cuda:0'))
titles: u_65 (m/s), t=17 (51 h)
vmin: -23.561506271362305, vmax: 15.763547897338867
topk samples: torch.return_types.topk(
values=tensor([[13.3709, 12.7485, 12.2802, 12.1185, 12.1141],
        [11.8899,  9.5027,  9.2742,  9.2490,  9.1961],
        [10.8294, 10.5904, 10.0792,  9.8208,  9.8015],
        [13.4494, 13.4245, 13.1113, 12.9708, 12.8211],
        [15.7635, 15.1023, 15.0908, 15.0445, 14.4778]], device='cuda:0'),
indices=tensor([[11903, 12140, 11427, 12619,   715],
        [  244,   478,   242,   477,     5],
        [  484,   480,     4,   479,   953],
        [  478,   481,   480,   241,     3],
        [    6, 12142,   717, 11666,   716]], device='cuda:0'))
target.shape: torch.Size([63784])
topk target: torch.return_types.topk(
values=tensor([15.4917, 15.4204, 15.1645, 15.1265, 15.1196], device='cuda:0'),
indices=tensor([31389, 31626, 31627, 31388, 31390], device='cuda:0'))
titles: u_850 (m/s), t=17 (51 h)
vmin: -61.335853576660156, vmax: 26.146608352661133
topk samples: torch.return_types.topk(
values=tensor([[ 8.8934,  8.8349,  8.6812,  8.3881,  7.5025],
        [ 6.4366,  5.9911,  5.3495,  5.2167,  4.4285],
        [ 8.0592,  7.4310,  7.3499,  7.1658,  7.0676],
        [17.8070, 17.5790, 17.5041, 16.4929, 16.4269],
        [13.1272, 12.5173, 12.4466, 12.0876, 11.6999]], device='cuda:0'),
indices=tensor([[10949,   476, 10948, 11426, 49743],
        [  478,   715,   239,     2,     4],
        [ 2619,     6,   958,  1197,   238],
        [    3,   241,     9,   244,   481],
        [  245,    11,     9,   246,   247]], device='cuda:0'))
target.shape: torch.Size([63784])
topk target: torch.return_types.topk(
values=tensor([26.1466, 25.8224, 25.7990, 25.6417, 25.5392], device='cuda:0'),
indices=tensor([35417, 34943, 35654, 35180, 34706], device='cuda:0'))
titles: v_65 (m/s), t=17 (51 h)
vmin: -26.66750144958496, vmax: 22.59261703491211
topk samples: torch.return_types.topk(
values=tensor([[19.3187, 17.8753, 16.5335, 16.3612, 15.9330],
        [20.4674, 20.0484, 19.4890, 18.5837, 18.3597],
        [16.5735, 16.4634, 15.5503, 15.4319, 15.0971],
        [19.8921, 19.6222, 19.2816, 19.0173, 18.8581],
        [22.5926, 20.7371, 18.8853, 18.7928, 18.2655]], device='cuda:0'),
indices=tensor([[42232, 55237, 51666, 10533, 62088],
        [37607, 37606,  9619, 37845, 37843],
        [ 2117, 36725, 60572,  3314, 61158],
        [42374,  7393, 41890, 41651, 41412],
        [  474, 46986,  3121,  3823, 41976]], device='cuda:0'))
target.shape: torch.Size([63784])
topk target: torch.return_types.topk(
values=tensor([13.9592, 13.9255, 13.8464, 13.7497, 13.7356], device='cuda:0'),
indices=tensor([47602, 47840, 47364, 47603, 48078], device='cuda:0'))
titles: v_850 (m/s), t=17 (51 h)
vmin: -35.12702941894531, vmax: 29.673734664916992
topk samples: torch.return_types.topk(
values=tensor([[27.9801, 27.2907, 26.5288, 25.5144, 25.5052],
        [29.6737, 27.8942, 27.3744, 27.1605, 26.8648],
        [27.2622, 26.2139, 25.8532, 25.6832, 25.4600],
        [26.2804, 25.9741, 25.7233, 25.7014, 25.4515],
        [29.0470, 25.6533, 25.0266, 23.9604, 23.9511]], device='cuda:0'),
indices=tensor([[10534, 10057, 10295, 10294, 11951],
        [31344, 11994,  6769, 17482, 18196],
        [40220,  4222,  4006,  3270,  2794],
        [16057, 17956, 18670, 39034, 19633],
        [41976, 32338,  9409,   474, 15309]], device='cuda:0'))
target.shape: torch.Size([63784])
topk target: torch.return_types.topk(
values=tensor([17.0006, 16.9918, 16.9078, 16.8912, 16.8492], device='cuda:0'),
indices=tensor([49742, 49980, 50218, 49504, 49505], device='cuda:0'))
titles: wvint_0 (kg/m²), t=17 (51 h)
vmin: 0.090484619140625, vmax: 47.850582122802734
topk samples: torch.return_types.topk(
values=tensor([[43.0312, 39.2071, 38.8454, 38.3424, 38.3089],
        [36.7879, 36.2494, 36.1443, 36.0415, 36.0070],
        [36.2386, 36.1667, 36.0900, 36.0189, 35.9002],
        [36.3563, 33.6467, 33.0160, 32.5799, 32.4367],
        [47.8506, 39.0634, 35.4726, 34.7391, 34.5632]], device='cuda:0'),
indices=tensor([[ 2965,   496,  8615,  5550,  8375],
        [ 2857,  1405,  1847,  3098,  2861],
        [ 3946,   629,  2035,  1107,  3708],
        [44685,   234,   475,   947,   708],
        [10811, 12968, 45668,  5595,  5835]], device='cuda:0'))
target.shape: torch.Size([63784])
topk target: torch.return_types.topk(
values=tensor([35.5588, 34.9269, 34.9113, 34.8185, 34.7648], device='cuda:0'),
indices=tensor([2821, 2123, 2840, 2124, 1886], device='cuda:0'))
titles: z_1000 (m²/s²), t=17 (51 h)
vmin: -4021.2265625, vmax: 1565.255859375
topk samples: torch.return_types.topk(
values=tensor([[ 845.6646,  820.8846,  813.6852,  783.4709,  777.0914],
        [1551.8705,  927.9910,  849.2043,  846.2877,  835.1318],
        [ 564.8756,  559.6246,  550.6192,  543.9301,  538.2445],
        [1411.9484,  933.2285,  920.1676,  919.3749,  915.1209],
        [1177.9075, 1163.8295, 1151.9675, 1138.5720, 1123.3308]],
       device='cuda:0'),
indices=tensor([[18794,  3309,  2596,   212,   201],
        [51806,  2492,   230,   469,  4997],
        [  115,   218,   454,   117,   455],
        [44685,  2128,   192,  2850,   227],
        [ 1402,   213,  1403,   927,  1163]], device='cuda:0'))
target.shape: torch.Size([63784])
topk target: torch.return_types.topk(
values=tensor([1565.2559, 1557.5059, 1554.6934, 1551.1934, 1550.5684],
       device='cuda:0'),
indices=tensor([1503, 1502, 1265, 1266, 1028], device='cuda:0'))
titles: z_500 (m²/s²), t=17 (51 h)
vmin: 43015.09375, vmax: 59629.953125
topk samples: torch.return_types.topk(
values=tensor([[58099.5000, 57346.6914, 56600.4727, 56121.8125, 56102.4531],
        [57182.6641, 57168.9375, 57141.9922, 56423.7109, 56418.8398],
        [56910.1797, 56745.1992, 56179.8125, 56160.1641, 56145.5195],
        [59629.9531, 56565.0664, 56465.4102, 56463.5352, 56463.1797],
        [58910.3125, 58237.3281, 57481.5820, 57205.1914, 56999.0508]],
       device='cuda:0'),
indices=tensor([[ 2965, 18794,  3942,  2995,  3309],
        [ 7521,  1405, 51806,  1892,  6182],
        [54427, 22801,  1329,   377,  1331],
        [44685,  2311,  2612,  3090,  2850],
        [10811, 12968,  8024,   474, 20433]], device='cuda:0'))
target.shape: torch.Size([63784])
topk target: torch.return_types.topk(
values=tensor([56480.9766, 56480.3516, 56479.1016, 56478.4766, 56476.4766],
       device='cuda:0'),
indices=tensor([292, 291, 293, 290, 294], device='cuda:0'))
titles: pres_0g (Pa), t=18 (54 h)
vmin: 77144.3125, vmax: 112781.3125
topk samples: torch.return_types.topk(
values=tensor([[105760.9141, 105220.7578, 105117.9062, 105044.6172, 104939.6562],
        [111802.6953, 111422.9219, 108488.7500, 107596.2109, 104173.4609],
        [107163.5469, 104071.4375, 104019.4531, 103057.7812, 102053.5391],
        [110286.6641, 107287.0078, 105813.5156, 105373.6875, 103957.5625],
        [112781.3125, 108514.3203, 107716.5156, 107526.5938, 107102.5781]],
       device='cuda:0'),
indices=tensor([[42582,  8615, 26435, 18794,  4145],
        [52092,  1847, 59735, 54188, 53048],
        [60654, 41942, 21263, 11191, 56792],
        [42857, 44685, 30702, 62286, 26460],
        [45804, 12968, 46986, 63109, 57710]], device='cuda:0'))
target.shape: torch.Size([63784])
topk target: torch.return_types.topk(
values=tensor([102012.5312, 101998.0312, 101975.0312, 101953.0312, 101926.5312],
       device='cuda:0'),
indices=tensor([28851, 24811, 29329, 29568, 29327], device='cuda:0'))
titles: pres_0s (Pa), t=18 (54 h)
vmin: 94140.9453125, vmax: 101968.5234375
topk samples: torch.return_types.topk(
values=tensor([[101328.6875, 100590.9688, 100571.0000, 100548.9609, 100541.8125],
        [101604.2109, 101505.9375, 100726.9844, 100722.1953, 100702.4297],
        [101345.0312, 101299.6406, 100367.9609, 100334.2188, 100312.1562],
        [101334.3281, 100991.2812, 100708.5312, 100701.8594, 100679.6641],
        [101177.1484, 100943.7656, 100922.0938, 100910.9297, 100895.0781]],
       device='cuda:0'),
indices=tensor([[18794,   236,   235,   221,   204],
        [51806,  7530,   232,   230,   469],
        [22801, 54427,   454,   218,   455],
        [44685,  6354,  3088,  2850,  3087],
        [46986,   213,  1402,   209,   215]], device='cuda:0'))
target.shape: torch.Size([63784])
topk target: torch.return_types.topk(
values=tensor([101968.5234, 101964.0859, 101955.5859, 101954.5859, 101953.6484],
       device='cuda:0'),
indices=tensor([1265, 1266, 1028, 1264, 1502], device='cuda:0'))
titles: nlwrs_0 (W/m²), t=18 (54 h)
vmin: -4615205.0, vmax: 425165.28125
topk samples: torch.return_types.topk(
values=tensor([[204952.8750, 196521.6562, 194975.7500, 194812.8750, 181668.4688],
        [311382.7500, 222051.7500, 212135.5625, 196051.0938, 193175.1562],
        [425165.2812, 211861.0000, 198117.3125, 187339.5625, 177699.8125],
        [196645.7500, 192786.8750, 187019.9688, 186197.3750, 164598.3125],
        [211498.3438, 182337.2500, 180711.6250, 180379.3438, 162000.4375]],
       device='cuda:0'),
indices=tensor([[33030, 39924, 27191, 25055,  5002],
        [ 7530,  2816,  6984, 36517, 12685],
        [11191, 28400, 26728, 24338, 24106],
        [44627, 44625, 25766, 44628, 30795],
        [23635, 24102, 38430, 26251, 21241]], device='cuda:0'))
target.shape: torch.Size([63784])
topk target: torch.return_types.topk(
values=tensor([85006., 25614., 14862., 11790.,  7694.], device='cuda:0'),
indices=tensor([28618, 28388, 48676, 55953, 33317], device='cuda:0'))
titles: nswrs_0 (W/m²), t=18 (54 h)
vmin: -1741031.0, vmax: 2980945.0
topk samples: torch.return_types.topk(
values=tensor([[ 562630.1250,  559273.8750,  493158.4062,  485254.6875,  476739.3125],
        [ 838313.0625,  543273.9375,  532978.6250,  510020.9375,  485900.6875],
        [ 554813.8750,  372340.6562,  371424.3125,  370294.7500,  359740.4062],
        [ 490936.9375,  416334.0625,  394187.7500,  371346.4375,  358844.4062],
        [2980945.0000,  887843.3750,  467158.7188,  449179.1250,  432989.4375]],
       device='cuda:0'),
indices=tensor([[18859, 10604,  8903, 58249, 57988],
        [52092, 51113, 33604, 20425, 14686],
        [32315, 12709,  1352,  7122, 24107],
        [21423,  1656,  2406, 21900,   821],
        [  474, 20028, 47026,   535, 31590]], device='cuda:0'))
target.shape: torch.Size([63784])
topk target: torch.return_types.topk(
values=tensor([32768., 30720., 30720., 29696., 28672.], device='cuda:0'),
indices=tensor([63546, 63547, 63309, 62594, 62356], device='cuda:0'))
titles: r_2 (-), t=18 (54 h)
vmin: 0.24855130910873413, vmax: 1.2212421894073486
topk samples: torch.return_types.topk(
values=tensor([[1.1259, 1.1159, 1.1122, 1.1079, 1.1046],
        [1.1587, 1.1220, 1.1169, 1.1116, 1.1090],
        [1.1731, 1.1481, 1.1404, 1.1248, 1.1204],
        [1.1328, 1.1260, 1.1253, 1.1219, 1.1150],
        [1.2212, 1.2142, 1.1714, 1.1603, 1.1557]], device='cuda:0'),
indices=tensor([[   10, 13804, 11192, 12386, 11427],
        [17874,    90,  3879,   325, 11189],
        [11191,    60,  1493,  4292,   299],
        [18326, 24672,  7620,  6664,  7622],
        [20028,  7617,  8569,    69,  8336]], device='cuda:0'))
target.shape: torch.Size([63784])
topk target: torch.return_types.topk(
values=tensor([1.0000, 1.0000, 1.0000, 1.0000, 1.0000], device='cuda:0'),
indices=tensor([1872, 1360, 2109, 2830, 2829], device='cuda:0'))
titles: r_65 (-), t=18 (54 h)
vmin: 0.2754251956939697, vmax: 1.3410634994506836
topk samples: torch.return_types.topk(
values=tensor([[1.1637, 1.1536, 1.1419, 1.1339, 1.1299],
        [1.2113, 1.1758, 1.1704, 1.1639, 1.1586],
        [1.3411, 1.2094, 1.1829, 1.1549, 1.1459],
        [1.1890, 1.1507, 1.1491, 1.1481, 1.1440],
        [1.2735, 1.2611, 1.2315, 1.2076, 1.2071]], device='cuda:0'),
indices=tensor([[26978,    10, 27918, 12386,   726],
        [11189, 43020, 28389, 29834, 17874],
        [11191, 19518,    60, 10952,  4292],
        [18326, 29108, 10951,  6664,  7620],
        [ 7617, 20028,  8569, 11190,    69]], device='cuda:0'))
target.shape: torch.Size([63784])
topk target: torch.return_types.topk(
values=tensor([1.0000, 1.0000, 1.0000, 1.0000, 1.0000], device='cuda:0'),
indices=tensor([4019, 3543, 4020, 4467, 4380], device='cuda:0'))
titles: t_2 (K), t=18 (54 h)
vmin: 248.72862243652344, vmax: 304.103759765625
topk samples: torch.return_types.topk(
values=tensor([[304.1038, 295.8366, 295.6566, 295.5843, 294.7808],
        [295.4997, 295.2597, 294.6294, 294.0188, 293.8607],
        [295.0206, 294.3456, 294.1545, 294.0761, 294.0731],
        [300.1671, 297.2086, 296.4858, 296.4299, 296.1237],
        [300.4051, 298.0254, 296.1850, 295.3476, 294.9742]], device='cuda:0'),
indices=tensor([[ 2965,  3942,  2995,  4145,  3894],
        [ 7521,  1405,  3488,  1207,   104],
        [14516,    83,  3688,  3449,  3467],
        [ 1656, 44685,   237,   470,   234],
        [10811,   474,  8024,   336, 12968]], device='cuda:0'))
target.shape: torch.Size([63784])
topk target: torch.return_types.topk(
values=tensor([292.9314, 292.3552, 292.2971, 292.2165, 292.1584], device='cuda:0'),
indices=tensor([1220,  983,  932, 2888, 2358], device='cuda:0'))
titles: t_65 (K), t=18 (54 h)
vmin: 249.58444213867188, vmax: 304.88525390625
topk samples: torch.return_types.topk(
values=tensor([[304.8853, 301.6463, 297.4065, 296.5968, 296.1747],
        [296.2385, 295.9105, 295.3672, 295.2519, 295.1979],
        [295.0931, 294.8639, 294.8300, 294.7698, 294.7549],
        [297.4503, 296.9191, 296.6776, 296.5856, 296.5391],
        [301.2592, 297.0851, 296.5117, 296.0195, 295.6718]], device='cuda:0'),
indices=tensor([[ 2965,  2027,  2995,  4145,  5560],
        [ 7521,  1405,   105,   341,  3488],
        [14516,  3688,    83,  3449,  2986],
        [44685,   470,   945,   946,   237],
        [10811,  8024,   474, 12968,   813]], device='cuda:0'))
target.shape: torch.Size([63784])
topk target: torch.return_types.topk(
values=tensor([292.8483, 292.1979, 292.1711, 292.1369, 292.1291], device='cuda:0'),
indices=tensor([1220, 2881, 2642, 2880, 2404], device='cuda:0'))
titles: t_500 (K), t=18 (54 h)
vmin: 225.70774841308594, vmax: 277.59967041015625
topk samples: torch.return_types.topk(
values=tensor([[270.9226, 267.9619, 267.9471, 267.6418, 267.6237],
        [277.4361, 269.3867, 268.3272, 268.0061, 267.9495],
        [273.8494, 270.4843, 268.5619, 266.5202, 265.3218],
        [277.5997, 270.5815, 268.1220, 266.7407, 266.6776],
        [273.7751, 273.5055, 273.1513, 267.8408, 267.7432]], device='cuda:0'),
indices=tensor([[ 2965, 19041, 18089, 18794, 22531],
        [17874, 54188, 51806, 17383, 17620],
        [54427, 11191, 40830, 12621, 22801],
        [44685, 41588, 12148, 18804, 18805],
        [10811, 12968,   474, 13807, 45668]], device='cuda:0'))
target.shape: torch.Size([63784])
topk target: torch.return_types.topk(
values=tensor([261.9385, 261.9326, 261.9268, 261.9253, 261.9131], device='cuda:0'),
indices=tensor([24078, 24079, 24316, 23841, 23840], device='cuda:0'))
titles: t_850 (K), t=18 (54 h)
vmin: 231.86474609375, vmax: 300.5914001464844
topk samples: torch.return_types.topk(
values=tensor([[300.2276, 289.7966, 289.3455, 289.1261, 289.1236],
        [290.1573, 289.2754, 289.1728, 288.8867, 288.7855],
        [288.3263, 288.2356, 288.1981, 288.1914, 288.0132],
        [286.9812, 286.9544, 286.8912, 286.8528, 286.8174],
        [300.5914, 298.9265, 295.5476, 290.0970, 288.7158]], device='cuda:0'),
indices=tensor([[ 2965,   803,  2995,  5318,  5078],
        [ 7521,  1405,   101,   339,   102],
        [  140,   138,   853,  3467,   613],
        [ 1186,   709,   946,   471,   472],
        [12968, 10811,   474,   367,  8024]], device='cuda:0'))
target.shape: torch.Size([63784])
topk target: torch.return_types.topk(
values=tensor([284.9045, 284.8323, 284.7825, 284.7820, 284.7502], device='cuda:0'),
indices=tensor([7450, 7688, 7449, 7687, 7686], device='cuda:0'))
titles: u_65 (m/s), t=18 (54 h)
vmin: -24.235288619995117, vmax: 16.565292358398438
topk samples: torch.return_types.topk(
values=tensor([[15.2134, 14.8570, 14.7579, 14.7442, 14.3660],
        [10.7764, 10.5042, 10.0810, 10.0087,  9.8276],
        [13.2756, 12.2991, 11.7173, 11.1456, 11.1293],
        [13.6090, 13.2915, 13.1625, 12.9300, 12.6120],
        [13.4597, 13.3303, 13.2614, 13.1889, 13.1632]], device='cuda:0'),
indices=tensor([[12858, 12140, 13334, 13807, 12617],
        [    2,   238,   478,   476,   244],
        [  484,     3,   241,   480,   242],
        [  238,  1192,   239,   715,     3],
        [13094, 11665,   714, 11666,   481]], device='cuda:0'))
target.shape: torch.Size([63784])
topk target: torch.return_types.topk(
values=tensor([16.5653, 16.1766, 16.0907, 15.6141, 15.1268], device='cuda:0'),
indices=tensor([28751, 28989, 28990, 28521, 28283], device='cuda:0'))
titles: u_850 (m/s), t=18 (54 h)
vmin: -53.42825698852539, vmax: 23.617998123168945
topk samples: torch.return_types.topk(
values=tensor([[ 8.8943,  7.9596,  7.9178,  7.9078,  7.8263],
        [ 5.7762,  5.7204,  5.5780,  5.5055,  5.4814],
        [ 9.5940,  9.3998,  9.3561,  8.8524,  8.6914],
        [15.2794, 14.6321, 14.3706, 13.9633, 13.8153],
        [12.8242, 10.1484, 10.0326,  9.9492,  9.6363]], device='cuda:0'),
indices=tensor([[11190, 11191, 10713, 10948, 10711],
        [  478,   479,   715,  1904,     0],
        [    6,   720,   244,   239,     1],
        [ 3808,    11,  3096,  2618,  3334],
        [    0,  1666,  2381,   720,   245]], device='cuda:0'))
target.shape: torch.Size([63784])
topk target: torch.return_types.topk(
values=tensor([23.6180, 23.5418, 23.3084, 23.1864, 23.0789], device='cuda:0'),
indices=tensor([35421, 27828, 36128, 36129, 28065], device='cuda:0'))
titles: v_65 (m/s), t=18 (54 h)
vmin: -28.65207862854004, vmax: 23.958309173583984
topk samples: torch.return_types.topk(
values=tensor([[19.3370, 19.2049, 17.6343, 17.6154, 17.5732],
        [23.9583, 21.1653, 19.3312, 19.2645, 19.0240],
        [16.4423, 16.3969, 15.8346, 15.6672, 15.5223],
        [21.4744, 20.4660, 19.6646, 19.5665, 19.5631],
        [23.9440, 20.4507, 19.4249, 19.1716, 18.8987]], device='cuda:0'),
indices=tensor([[55325, 13134, 12178, 11225, 10751],
        [15555, 52092, 35227, 37607, 37606],
        [32263, 22801, 62473, 27023, 13379],
        [42857,  7393, 39276, 42374, 44270],
        [  474, 20028,  3121,  8826, 10496]], device='cuda:0'))
target.shape: torch.Size([63784])
topk target: torch.return_types.topk(
values=tensor([14.2461, 14.2398, 14.2061, 14.1900, 14.1724], device='cuda:0'),
indices=tensor([49744, 49745, 47842, 47841, 49982], device='cuda:0'))
titles: v_850 (m/s), t=18 (54 h)
vmin: -37.145347595214844, vmax: 37.65139389038086
topk samples: torch.return_types.topk(
values=tensor([[26.8952, 26.8833, 25.9160, 25.8241, 25.6691],
        [35.0381, 28.9775, 28.4286, 27.8608, 27.4121],
        [26.5408, 26.0101, 25.6882, 25.6864, 25.6581],
        [37.6514, 27.4560, 27.0692, 26.9581, 26.8774],
        [26.0345, 25.7354, 25.5475, 24.7697, 24.5900]], device='cuda:0'),
indices=tensor([[11712, 10534, 11237, 22732, 15524],
        [22305, 31344, 52092, 15582, 15820],
        [ 3761,  3763,  3524, 40220,  3053],
        [42857, 16057, 21781, 23438, 22717],
        [29254, 15342, 29730,  8349, 15817]], device='cuda:0'))
target.shape: torch.Size([63784])
topk target: torch.return_types.topk(
values=tensor([21.3567, 21.2200, 21.2171, 21.1468, 21.1233], device='cuda:0'),
indices=tensor([52362, 51887, 52125, 52600, 52124], device='cuda:0'))
titles: wvint_0 (kg/m²), t=18 (54 h)
vmin: -0.28997230529785156, vmax: 45.910423278808594
topk samples: torch.return_types.topk(
values=tensor([[42.0798, 38.5209, 38.2427, 38.1378, 37.9156],
        [34.8871, 34.3462, 34.1396, 34.0975, 34.0256],
        [36.1704, 35.7629, 35.6861, 35.5838, 35.4423],
        [36.7169, 32.9430, 32.8959, 32.8929, 32.8570],
        [45.9104, 42.2633, 35.9641, 35.1506, 35.1031]], device='cuda:0'),
indices=tensor([[ 2965,  8615,  5536,  3631,  8375],
        [ 1847,  3281,  2861,  3098,  2860],
        [ 4175,  4653,  4415,  2035,  4416],
        [44685,  1656,   475,   947,   472],
        [10811, 12968,  5360,  3700,   832]], device='cuda:0'))
target.shape: torch.Size([63784])
topk target: torch.return_types.topk(
values=tensor([35.3328, 35.2059, 34.6961, 34.6116, 34.5530], device='cuda:0'),
indices=tensor([3325, 3085, 3323, 3324, 3326], device='cuda:0'))
titles: z_1000 (m²/s²), t=18 (54 h)
vmin: -4025.88671875, vmax: 1592.798583984375
topk samples: torch.return_types.topk(
values=tensor([[ 796.6093,  771.1107,  770.9795,  749.6627,  749.3012],
        [1192.8446,  893.6178,  888.9193,  880.6476,  876.3670],
        [ 589.7629,  569.7148,  556.9246,  554.8614,  554.3903],
        [1219.2666,  922.0388,  913.4730,  897.2350,  892.3345],
        [1183.6592, 1165.8439, 1151.9628, 1144.6194, 1133.9307]],
       device='cuda:0'),
indices=tensor([[18794,   221,   236,  3309,  2596],
        [51806,  2492,   230,   469,   468],
        [  115,   218,   117,   454,   455],
        [44685,  2850,  3088,  2128,   192],
        [ 1402,   213,  1403,   927,   211]], device='cuda:0'))
target.shape: torch.Size([63784])
topk target: torch.return_types.topk(
values=tensor([1592.7986, 1592.2361, 1585.2361, 1585.2361, 1585.1736],
       device='cuda:0'),
indices=tensor([1265, 1266, 1028,   92,   95], device='cuda:0'))
titles: z_500 (m²/s²), t=18 (54 h)
vmin: 42958.19140625, vmax: 59330.4296875
topk samples: torch.return_types.topk(
values=tensor([[57830.9922, 57308.2383, 56552.8242, 56080.5859, 56001.2070],
        [57059.1562, 57026.5391, 56745.6562, 56732.1562, 56350.7461],
        [56679.0664, 56482.3047, 56256.1328, 56024.6133, 56023.0000],
        [59330.4297, 56559.5508, 56483.1719, 56475.4648, 56471.6719],
        [58531.3945, 57986.4531, 57371.2383, 56863.3281, 56712.3828]],
       device='cuda:0'),
indices=tensor([[ 2965, 18794,  3942,  2995,  3309],
        [ 7521,  1405, 51806,  7530,  6182],
        [22801, 54427, 11191,  1329,   377],
        [44685,  1656,  2128,  2311,  1893],
        [10811, 12968,  8024, 20433,   474]], device='cuda:0'))
target.shape: torch.Size([63784])
topk target: torch.return_types.topk(
values=tensor([56474.6523, 56474.0273, 56473.9023, 56473.5273, 56473.4023],
       device='cuda:0'),
indices=tensor([295, 297, 296, 294, 293], device='cuda:0'))
titles: pres_0g (Pa), t=19 (57 h)
vmin: 76951.78125, vmax: 113055.7734375
topk samples: torch.return_types.topk(
values=tensor([[105529.0000, 105099.9531, 105011.8750, 104920.8281, 104814.1562],
        [113055.7734, 111330.3125, 108279.4062, 107291.1172, 103877.0703],
        [106926.8828, 103873.0859, 103850.1719, 103786.6016, 102569.6953],
        [110682.4688, 107010.0234, 105906.8047, 105650.6250, 103821.4141],
        [112556.3984, 108433.9297, 107632.6328, 107337.2578, 106959.3984]],
       device='cuda:0'),
indices=tensor([[42582,  8615, 18794,  4145, 26435],
        [52092,  1847, 59735, 54188, 53048],
        [60654, 21263, 41942, 59502, 11191],
        [42857, 44685, 62286, 30702, 26460],
        [45804, 12968, 46986, 63109, 57710]], device='cuda:0'))
target.shape: torch.Size([63784])
topk target: torch.return_types.topk(
values=tensor([101987.5000, 101977.5000, 101953.0000, 101950.5000, 101948.5000],
       device='cuda:0'),
indices=tensor([28851, 24811, 29329, 63660, 63666], device='cuda:0'))
titles: pres_0s (Pa), t=19 (57 h)
vmin: 93660.734375, vmax: 101973.5703125
topk samples: torch.return_types.topk(
values=tensor([[101252.5781, 100521.6094, 100505.4453, 100496.1641, 100490.8516],
        [101421.9688, 101205.7031, 101045.7344, 100713.2656, 100700.6953],
        [101194.6016, 100983.2734, 100269.1875, 100257.7578, 100244.5078],
        [101077.2344, 100950.3906, 100652.0156, 100625.5156, 100617.3594],
        [101092.1094, 100997.6797, 100978.9297, 100973.7969, 100955.1719]],
       device='cuda:0'),
indices=tensor([[18794,   236,   221,   204,   216],
        [ 7530, 51806, 52092,   232,   230],
        [22801, 54427,   115,   454,  1294],
        [44685,  6354,  3088,  4045,  3569],
        [46986,   213,  1402,   209,   211]], device='cuda:0'))
target.shape: torch.Size([63784])
topk target: torch.return_types.topk(
values=tensor([101973.5703, 101969.1953, 101961.9453, 101961.8203, 101961.4453],
       device='cuda:0'),
indices=tensor([24104, 24103, 24341, 24342, 23865], device='cuda:0'))
titles: nlwrs_0 (W/m²), t=19 (57 h)
vmin: -4580316.5, vmax: 443223.65625
topk samples: torch.return_types.topk(
values=tensor([[244888.0000, 173695.0312, 171964.6250, 171248.0000, 158544.9688],
        [443223.6562, 212140.4062, 186262.5312, 179288.0938, 168339.1250],
        [280779.6250, 254622.8438, 217946.5938, 195125.7188, 171949.3750],
        [177504.7500, 144442.1250, 126787.5625, 105486.4062, 101917.1875],
        [206106.4688, 162561.4062, 162482.2188, 154856.4688, 154354.5312]],
       device='cuda:0'),
indices=tensor([[26009, 24340, 27672, 27438, 43435],
        [ 7530, 10304, 36281,  6372,  3037],
        [11191, 27204,  4067, 26478,  5254],
        [44628,  7138, 26723, 24367, 45104],
        [11189, 19279, 44151, 23858, 44628]], device='cuda:0'))
target.shape: torch.Size([63784])
topk target: torch.return_types.topk(
values=tensor([62046., 21598., 21598., 21086., 20574.], device='cuda:0'),
indices=tensor([28618, 42128, 41888, 41650, 42127], device='cuda:0'))
titles: nswrs_0 (W/m²), t=19 (57 h)
vmin: -1365741.25, vmax: 3103697.5
topk samples: torch.return_types.topk(
values=tensor([[ 410074.3125,  388294.2812,  383660.9062,  371200.5312,  369786.3125],
        [ 888410.3750,  836187.7500,  674940.8750,  511633.4375,  440030.3750],
        [1505407.5000,  845304.2500,  693709.7500,  573857.5000,  562576.3125],
        [ 764900.1875,  530841.0000,  504627.8125,  472955.3125,  466914.6875],
        [3103697.5000,  449448.9375,  405898.5938,  381848.7812,  376338.8750]],
       device='cuda:0'),
indices=tensor([[ 1687,   537, 32435, 30298,  8174],
        [61121, 55492,  8816,  4691,  7530],
        [21013, 59502, 24631, 15816,  5307],
        [51490, 56156, 58727, 43536, 19127],
        [  474, 29405, 50300,   964, 35968]], device='cuda:0'))
target.shape: torch.Size([63784])
topk target: torch.return_types.topk(
values=tensor([0., 0., 0., 0., 0.], device='cuda:0'),
indices=tensor([1, 0, 2, 4, 3], device='cuda:0'))
titles: r_2 (-), t=19 (57 h)
vmin: 0.2365369200706482, vmax: 1.2307777404785156
topk samples: torch.return_types.topk(
values=tensor([[1.1534, 1.1446, 1.1260, 1.1200, 1.1190],
        [1.1305, 1.1245, 1.1146, 1.1075, 1.0951],
        [1.2308, 1.2044, 1.2014, 1.1522, 1.1381],
        [1.1025, 1.1017, 1.0996, 1.0914, 1.0900],
        [1.1658, 1.1596, 1.1488, 1.1474, 1.1442]], device='cuda:0'),
indices=tensor([[ 6903,   726,  5953, 18326,  9524],
        [ 1013, 17874,  6719,    85,  2385],
        [ 9285, 11191, 21013,  4102,  6902],
        [ 9525,  8330,    68,  9285,  7619],
        [11189, 11427, 12376, 10953, 11187]], device='cuda:0'))
target.shape: torch.Size([63784])
topk target: torch.return_types.topk(
values=tensor([1.0000, 1.0000, 1.0000, 1.0000, 1.0000], device='cuda:0'),
indices=tensor([ 680,  676,  692, 1607, 1030], device='cuda:0'))
titles: r_65 (-), t=19 (57 h)
vmin: 0.2236109972000122, vmax: 1.400619626045227
topk samples: torch.return_types.topk(
values=tensor([[1.1829, 1.1672, 1.1587, 1.1564, 1.1555],
        [1.1593, 1.1579, 1.1434, 1.1292, 1.1290],
        [1.4006, 1.2803, 1.1804, 1.1665, 1.1555],
        [1.1476, 1.1435, 1.1404, 1.1383, 1.1362],
        [1.2410, 1.2254, 1.2142, 1.2047, 1.1949]], device='cuda:0'),
indices=tensor([[   91,  6903,  5953, 18326,  6906],
        [   85, 43672, 27443, 27677, 17874],
        [11191,  9285, 20230, 19518,  9523],
        [  539,  9996,  8330,    68,  9525],
        [11190, 11189, 29586, 11187, 11427]], device='cuda:0'))
target.shape: torch.Size([63784])
topk target: torch.return_types.topk(
values=tensor([1.0000, 1.0000, 1.0000, 1.0000, 1.0000], device='cuda:0'),
indices=tensor([3434, 1024, 3438, 3671, 3641], device='cuda:0'))
titles: t_2 (K), t=19 (57 h)
vmin: 248.11183166503906, vmax: 302.0238037109375
topk samples: torch.return_types.topk(
values=tensor([[302.0238, 294.4449, 294.2751, 294.0850, 293.9125],
        [294.0901, 293.3676, 293.1831, 292.8409, 292.5638],
        [293.6829, 293.4301, 292.9796, 292.7986, 292.7494],
        [296.5966, 295.1302, 295.1261, 294.7745, 294.4698],
        [299.5463, 298.0356, 294.8218, 294.6750, 293.8926]], device='cuda:0'),
indices=tensor([[ 2965,  2995,  3942,  2442,  8375],
        [ 7521,   487,  3488,  1405,  6420],
        [14516,  2021,  3449,    83,  2511],
        [ 1656,   470,   945, 44685,   944],
        [10811,   474, 12968,  8024,   115]], device='cuda:0'))
target.shape: torch.Size([63784])
topk target: torch.return_types.topk(
values=tensor([292.0630, 292.0542, 292.0322, 291.9966, 291.9873], device='cuda:0'),
indices=tensor([2160, 2161, 2159, 2162, 1921], device='cuda:0'))
titles: t_65 (K), t=19 (57 h)
vmin: 249.20590209960938, vmax: 302.48065185546875
topk samples: torch.return_types.topk(
values=tensor([[302.4807, 296.7942, 296.6986, 294.6980, 294.6559],
        [294.5575, 294.3483, 293.8238, 293.6916, 293.6443],
        [294.2242, 293.7755, 293.7705, 293.7504, 293.3734],
        [296.5617, 296.1659, 295.6780, 295.4509, 295.2659],
        [300.3073, 296.4366, 296.3307, 296.0401, 295.5271]], device='cuda:0'),
indices=tensor([[ 2965,  2995,  2027,  5560,  2442],
        [ 7521,   487,  1405,  3488,   105],
        [ 2021,  3226, 14516,  3196,  3467],
        [  945,   470, 44685,   944,  1181],
        [10811,  7515,   474, 12968,  8024]], device='cuda:0'))
target.shape: torch.Size([63784])
topk target: torch.return_types.topk(
values=tensor([292.1279, 292.1230, 292.0976, 292.0815, 292.0405], device='cuda:0'),
indices=tensor([2160, 2159, 2161, 2158, 1920], device='cuda:0'))
titles: t_500 (K), t=19 (57 h)
vmin: 224.03224182128906, vmax: 277.9544677734375
topk samples: torch.return_types.topk(
values=tensor([[270.7850, 269.6323, 268.6509, 268.2989, 268.1694],
        [275.2279, 269.6248, 268.4529, 267.7300, 267.7002],
        [273.6041, 271.8241, 266.2138, 265.9729, 265.1559],
        [277.9545, 268.8925, 268.1040, 266.1876, 266.0842],
        [273.3986, 273.3419, 270.8581, 267.2302, 267.0334]], device='cuda:0'),
indices=tensor([[ 2965, 19041, 19043, 18804, 18089],
        [17874, 54188, 51806, 17857, 17620],
        [54427, 11191, 12621, 22801, 13093],
        [44685, 41588, 12148, 18566, 18804],
        [12968, 10811,   474, 20433, 13807]], device='cuda:0'))
target.shape: torch.Size([63784])
topk target: torch.return_types.topk(
values=tensor([261.8390, 261.6862, 261.6784, 261.6715, 261.6588], device='cuda:0'),
indices=tensor([22919, 22676, 23615, 22679, 22920], device='cuda:0'))
titles: t_850 (K), t=19 (57 h)
vmin: 232.36367797851562, vmax: 300.7251281738281
topk samples: torch.return_types.topk(
values=tensor([[298.3238, 289.7273, 288.2761, 288.1851, 288.0923],
        [289.1244, 287.5596, 287.3964, 287.2657, 287.2511],
        [286.7937, 286.7128, 286.6919, 286.6723, 286.5559],
        [286.3234, 286.2240, 286.1053, 285.9511, 285.7948],
        [300.7251, 297.6614, 292.7328, 289.4174, 287.8789]], device='cuda:0'),
indices=tensor([[ 2965,   803,  2995,  3942,  5792],
        [ 7521,   103,   101,   343,   102],
        [  853,   375,   138,   140,   613],
        [  473, 44685,   709,  1656,   458],
        [12968, 10811,   474,   367,  8024]], device='cuda:0'))
target.shape: torch.Size([63784])
topk target: torch.return_types.topk(
values=tensor([284.6135, 284.5788, 284.5749, 284.5388, 284.4997], device='cuda:0'),
indices=tensor([8163, 7926, 8164, 7927, 8400], device='cuda:0'))
titles: u_65 (m/s), t=19 (57 h)
vmin: -25.193401336669922, vmax: 17.51235008239746
topk samples: torch.return_types.topk(
values=tensor([[17.5124, 16.8963, 16.1999, 15.9005, 15.4106],
        [ 8.3649,  8.1134,  8.0643,  8.0623,  7.9585],
        [11.7413, 11.4728, 11.3504, 10.9499, 10.9074],
        [14.1740, 13.9146, 13.3342, 13.3281, 13.2215],
        [14.1865, 14.1844, 13.9969, 13.9264, 13.8956]], device='cuda:0'),
indices=tensor([[12858, 12857, 13095, 13334, 14046],
        [  243,     2,   478,     0,   244],
        [  484,   479,   480,   482,   239],
        [    7,   241,     3,   960,   238],
        [  721,   242,   476,     6,   717]], device='cuda:0'))
target.shape: torch.Size([63784])
topk target: torch.return_types.topk(
values=tensor([15.0406, 14.9664, 14.8033, 14.7544, 14.6666], device='cuda:0'),
indices=tensor([28754, 28991, 28992, 27810, 28753], device='cuda:0'))
titles: u_850 (m/s), t=19 (57 h)
vmin: -46.38468933105469, vmax: 21.141088485717773
topk samples: torch.return_types.topk(
values=tensor([[10.7954,  8.6789,  8.4278,  7.8600,  7.7683],
        [10.3019,  7.7702,  6.0773,  5.4819,  5.4535],
        [ 9.8297,  9.0558,  8.8621,  8.7507,  8.6748],
        [15.2746, 13.9307, 13.8066, 13.7870, 13.4497],
        [13.2602, 12.3868, 12.3104, 12.2103, 12.0678]], device='cuda:0'),
indices=tensor([[10948, 11429, 11902, 11190, 11665],
        [    0,  2857,  2618,   478,  1904],
        [  247,   254,   714,   957,   239],
        [   11,   250,     9,   247,  3808],
        [    9,  2381,   244,  1906,  4762]], device='cuda:0'))
target.shape: torch.Size([63784])
topk target: torch.return_types.topk(
values=tensor([21.1411, 21.0786, 21.0552, 20.9770, 20.8686], device='cuda:0'),
indices=tensor([29264, 29025, 35175, 33734, 29263], device='cuda:0'))
titles: v_65 (m/s), t=19 (57 h)
vmin: -29.6412410736084, vmax: 29.09632682800293
topk samples: torch.return_types.topk(
values=tensor([[19.8919, 19.3275, 17.6353, 17.5739, 17.5191],
        [21.5415, 19.1952, 18.9825, 18.9114, 18.8196],
        [17.5258, 16.6316, 15.7177, 15.6630, 15.4570],
        [20.9280, 19.9523, 19.8653, 19.7249, 19.6963],
        [29.0963, 21.9978, 19.4642, 19.3606, 19.2509]], device='cuda:0'),
indices=tensor([[13134, 13106, 16316, 13344, 56874],
        [15555, 39513, 37610, 37846, 35227],
        [14126, 22801, 29106, 26068, 60572],
        [44275,  4305,  8588,  4066, 38798],
        [  474, 12637,  9301,  8111, 10013]], device='cuda:0'))
target.shape: torch.Size([63784])
topk target: torch.return_types.topk(
values=tensor([14.2472, 14.1906, 14.1188, 14.1086, 14.1051], device='cuda:0'),
indices=tensor([49517, 49516, 49755, 50227, 50228], device='cuda:0'))
titles: v_850 (m/s), t=19 (57 h)
vmin: -37.636077880859375, vmax: 35.28390121459961
topk samples: torch.return_types.topk(
values=tensor([[28.7644, 28.0560, 27.2686, 26.8078, 26.5883],
        [28.3425, 26.8659, 26.8612, 26.7707, 26.6506],
        [35.2839, 27.6282, 27.3151, 26.6463, 26.5229],
        [33.3416, 32.0907, 30.4939, 28.1373, 28.0371],
        [25.1877, 24.9157, 24.6453, 24.5738, 24.5729]], device='cuda:0'),
indices=tensor([[56874, 17414, 18383, 14576, 13193],
        [ 6373,  4942, 15565,  4707,  6851],
        [21013,  4698,  2794,  4459,  4933],
        [42857, 45671, 12429, 16028, 12715],
        [ 9537,  6918,  4895,  7631,  7298]], device='cuda:0'))
target.shape: torch.Size([63784])
topk target: torch.return_types.topk(
values=tensor([21.2477, 20.9811, 20.9294, 20.7927, 20.7409], device='cuda:0'),
indices=tensor([54033, 53558, 54508, 54270, 54745], device='cuda:0'))
titles: wvint_0 (kg/m²), t=19 (57 h)
vmin: -0.894099235534668, vmax: 46.02197265625
topk samples: torch.return_types.topk(
values=tensor([[39.0856, 38.7132, 37.5343, 36.3863, 36.0730],
        [34.4240, 33.8545, 32.5714, 32.4563, 32.4021],
        [36.5938, 35.3649, 35.0565, 34.6227, 34.2334],
        [36.6171, 36.3183, 35.4925, 35.3017, 35.2857],
        [46.0220, 44.0589, 34.8113, 34.7597, 34.6851]], device='cuda:0'),
indices=tensor([[ 2965,  8615,  8375,  6002,  5524],
        [ 1847,  3488,  4940,  4464,  1405],
        [ 8468,   582, 15816,  5369,  6081],
        [  472, 44685,   708,   234,   471],
        [10811, 12968,  2258,  1782,  1544]], device='cuda:0'))
target.shape: torch.Size([63784])
topk target: torch.return_types.topk(
values=tensor([33.5504, 33.4112, 33.3512, 33.3483, 33.1818], device='cuda:0'),
indices=tensor([4041, 2132, 3324, 4040, 1887], device='cuda:0'))
titles: z_1000 (m²/s²), t=19 (57 h)
vmin: -4024.634765625, vmax: 1535.09521484375
topk samples: torch.return_types.topk(
values=tensor([[ 771.0414,  714.7114,  711.8813,  700.3635,  698.2125],
        [ 874.5176,  861.1453,  850.6137,  848.4079,  843.9700],
        [ 580.3452,  530.6726,  521.0366,  510.2139,  501.4218],
        [ 990.9250,  860.3321,  854.9351,  844.5237,  841.7483],
        [1215.0555, 1187.3190, 1181.1459, 1171.0176, 1167.9514]],
       device='cuda:0'),
indices=tensor([[18794,   212,   221,   442,   230],
        [51806,   230,   469,   232,   706],
        [  115,   117,   355,   831,   352],
        [44685,  3088,  2128,  2850,  2840],
        [ 1402,   213,  1403,   211,   927]], device='cuda:0'))
target.shape: torch.Size([63784])
topk target: torch.return_types.topk(
values=tensor([1535.0952, 1533.4077, 1531.5952, 1530.7827, 1530.2827],
       device='cuda:0'),
indices=tensor([1266, 1265,  112,  101,   80], device='cuda:0'))
titles: z_500 (m²/s²), t=19 (57 h)
vmin: 42814.34375, vmax: 59007.65625
topk samples: torch.return_types.topk(
values=tensor([[57596.7578, 57189.4961, 56403.0391, 55931.3867, 55882.8242],
        [56858.4102, 56799.0234, 56707.7891, 56277.0547, 56228.8359],
        [56507.8789, 56077.6797, 55924.8555, 55863.8789, 55861.7344],
        [59007.6562, 56462.3281, 56437.0508, 56404.1562, 56402.5742],
        [58121.3867, 57634.6719, 57248.3672, 56664.2422, 56520.5781]],
       device='cuda:0'),
indices=tensor([[ 2965, 18794,  3942,  2995,   803],
        [ 7521,  1405,  7530, 51806,  6182],
        [22801, 11191, 54427,   377,  1329],
        [44685,  1656,  2128,  1893,  1892],
        [10811, 12968,  8024, 20433,   935]], device='cuda:0'))
target.shape: torch.Size([63784])
topk target: torch.return_types.topk(
values=tensor([56417.9375, 56417.6875, 56417.6875, 56415.9375, 56415.9375],
       device='cuda:0'),
indices=tensor([302, 303,  68, 304, 301], device='cuda:0'))
Testing DataLoader 0:   1%|▏         | 1/68 [1:25:41<95:41:01, 5141.21s/it]Testing DataLoader 0:   3%|▎         | 2/68 [2:07:14<69:58:57, 3817.24s/it]Testing DataLoader 0:   4%|▍         | 3/68 [2:48:47<60:57:13, 3375.89s/it]Testing DataLoader 0:   6%|▌         | 4/68 [3:30:20<56:05:34, 3155.22s/it]Testing DataLoader 0:   7%|▋         | 5/68 [4:11:53<52:53:50, 3022.70s/it]Testing DataLoader 0:   9%|▉         | 6/68 [4:53:26<50:32:09, 2934.34s/it]Testing DataLoader 0:  10%|█         | 7/68 [5:34:59<48:39:12, 2871.36s/it]Testing DataLoader 0:  12%|█▏        | 8/68 [6:16:33<47:04:11, 2824.19s/it]Testing DataLoader 0:  13%|█▎        | 9/68 [6:58:07<45:40:59, 2787.45s/it]Testing DataLoader 0:  15%|█▍        | 10/68 [7:39:40<44:26:04, 2758.01s/it]Testing DataLoader 0:  16%|█▌        | 11/68 [8:21:12<43:17:11, 2733.89s/it]Testing DataLoader 0:  18%|█▊        | 12/68 [9:02:47<42:13:00, 2713.93s/it]Testing DataLoader 0:  19%|█▉        | 13/68 [9:44:21<41:12:16, 2697.02s/it]Testing DataLoader 0:  21%|██        | 14/68 [10:25:55<40:14:17, 2682.54s/it]Testing DataLoader 0:  22%|██▏       | 15/68 [11:07:27<39:18:21, 2669.84s/it]Testing DataLoader 0:  24%|██▎       | 16/68 [11:48:59<38:24:12, 2658.70s/it]Testing DataLoader 0:  25%|██▌       | 17/68 [12:30:31<37:31:34, 2648.91s/it]Testing DataLoader 0:  26%|██▋       | 18/68 [13:12:04<36:40:11, 2640.23s/it]Testing DataLoader 0:  28%|██▊       | 19/68 [13:53:37<35:49:52, 2632.50s/it]Testing DataLoader 0:  29%|██▉       | 20/68 [14:35:10<35:00:25, 2625.52s/it]Testing DataLoader 0:  31%|███       | 21/68 [15:16:42<34:11:41, 2619.18s/it]wandb: ERROR Error while calling W&B API: context deadline exceeded (<Response [500]>)
Testing DataLoader 0:  32%|███▏      | 22/68 [15:58:15<33:23:38, 2613.45s/it]Testing DataLoader 0:  34%|███▍      | 23/68 [16:39:48<32:36:09, 2608.21s/it]Testing DataLoader 0:  35%|███▌      | 24/68 [17:21:22<31:49:10, 2603.43s/it]Testing DataLoader 0:  37%|███▋      | 25/68 [18:02:55<31:02:37, 2599.00s/it]Testing DataLoader 0:  38%|███▊      | 26/68 [18:44:28<30:16:28, 2594.95s/it]Testing DataLoader 0:  40%|███▉      | 27/68 [19:26:01<29:30:37, 2591.17s/it]Testing DataLoader 0:  41%|████      | 28/68 [20:07:36<28:45:08, 2587.71s/it]Testing DataLoader 0:  43%|████▎     | 29/68 [20:49:10<27:59:55, 2584.51s/it]Testing DataLoader 0:  44%|████▍     | 30/68 [21:30:43<27:14:54, 2581.45s/it]Testing DataLoader 0:  46%|████▌     | 31/68 [22:12:17<26:30:08, 2578.62s/it]Testing DataLoader 0:  47%|████▋     | 32/68 [22:53:50<25:45:34, 2575.96s/it]Testing DataLoader 0:  49%|████▊     | 33/68 [23:35:24<25:01:11, 2573.46s/it]